date,open,high,low,close,volume
2018-01-02,84.46,85.0,84.06,84.68,3456665
2018-01-03,84.74,85.415,84.27,85.14,3078426
2018-01-04,85.28,85.8,84.74,85.52,2462477
2018-01-05,86.09,86.75,85.93,86.57,2946328
2018-01-08,86.69,86.709,85.4,86.13,3251430
2018-01-09,86.2,86.42,85.74,86.06,2426331
2018-01-10,85.61,86.17,85.49,86.1,1674588
2018-01-11,86.17,86.59,85.87,86.39,2647480
2018-01-12,86.52,87.408,86.03,86.98,2728878
2018-01-16,85.93,86.59,85.15,85.29,4878301
2018-01-17,85.8,86.361,85.47,86.21,4083343
2018-01-18,86.04,86.14,85.27,85.82,4445813
2018-01-19,86.17,86.28,85.32,85.49,5826917
2018-01-22,83.25,85.57,82.4003,85.44,6374020
2018-01-23,85.18,85.9199,84.24,84.42,5728106
2018-01-24,84.86,85.16,84.28,84.3,5984007
2018-01-25,84.81,85.4,84.56,85.01,5201611
2018-01-26,84.76,87.47,84.76,87.08,6394142
2018-01-29,86.77,88.33,86.65,87.6,5324547
2018-01-30,86.64,86.94,85.21,86.09,5388420
2018-01-31,86.5,86.73,81.27,81.45,10558541
2018-02-01,81.54,82.8737,81.29,82.41,8410660
2018-02-02,81.88,83.03,81.12,81.18,5152459
2018-02-05,80.89,81.61,76.55,77.49,8145221
2018-02-06,76.56,79.11,75.71,77.99,10558825
2018-02-07,77.76,78.56,76.71,76.72,8240329
2018-02-08,77.19,77.65,74.19,74.21,8059648
2018-02-09,75.06,76.82,73.69,76.23,8939668
2018-02-12,76.68,77.1,75.2,76.25,6454242
2018-02-13,76.02,76.5899,75.75,75.6475,4041222
2018-02-14,75.41,77.19,75.34,77.03,4361085
2018-02-15,77.75,78.15,77.03,78.02,4810719
2018-02-16,77.95,79.65,77.91,78.97,4699593
2018-02-20,78.18,78.7,77.18,77.55,3195027
2018-02-21,77.59,78.75,77.55,77.55,3871107
2018-02-22,77.19,78.09,76.52,77.19,7687429
2018-02-23,77.73,78.86,77.64,78.75,5170251
2018-02-26,78.99,80.47,78.965,80.18,6015876
2018-02-27,80.15,80.21,78.69,78.7,4860441
2018-02-28,78.78,79.18,77.01,77.02,6123364
2018-03-01,77.06,77.37,75.53,76.5,6258351
2018-03-02,76.38,77.6,76.32,77.23,3216725
2018-03-05,76.9,78.08,76.71,77.7,3816634
2018-03-06,77.86,78.0,76.88,77.19,2963240
2018-03-07,76.58,77.61,76.54,77.44,2266515
2018-03-08,77.65,79.02,77.47,78.89,3497180
2018-03-09,79.28,79.96,78.88,79.61,4399473
2018-03-12,79.83,79.97,78.615,79.04,5059557
2018-03-13,79.08,79.87,78.77,79.15,4863167
2018-03-14,79.39,79.56,78.02,78.49,3167947
2018-03-15,78.58,79.86,78.46,78.75,3910102
2018-03-16,79.2,80.49,79.12,80.49,8326275
2018-03-19,80.12,80.2,78.16,78.73,5116978
2018-03-20,79.04,79.2,77.85,78.37,3943845
2018-03-21,78.46,79.0,78.031,78.24,4051958
2018-03-22,77.56,78.01,76.41,76.53,3816931
2018-03-23,76.77,76.83,74.51,74.76,4298117
2018-03-26,75.61,76.23,74.65,76.18,3488654
2018-03-27,76.09,76.6,75.139,75.66,4070640
2018-03-28,76.06,77.66,76.04,77.01,4257510
2018-03-29,77.46,77.8,76.61,77.37,3424012
2018-04-02,76.88,77.31,75.4,75.7,6282589
2018-04-03,76.25,77.6,75.86,77.54,3610639
2018-04-04,76.82,78.82,76.71,78.6,3022154
2018-04-05,78.52,78.85,78.09,78.62,2213099
2018-04-06,78.18,78.25,76.3,76.85,4012829
2018-04-09,77.27,78.35,76.33,77.34,5377491
2018-04-10,78.09,79.675,78.07,79.22,3657169
2018-04-11,78.35,78.9,78.12,78.73,2829952
2018-04-12,79.19,79.68,78.81,79.29,2121204
2018-04-13,79.88,80.45,79.24,79.72,2652368
2018-04-16,80.46,80.75,79.67,80.12,2743000
2018-04-17,80.57,80.64,79.49,79.92,3782359
2018-04-18,79.96,80.24,79.59,79.72,4261049
2018-04-19,78.96,79.75,78.55,79.75,4989439
2018-04-20,79.64,79.91,78.82,79.06,5424115
2018-04-23,79.43,80.29,79.17,80.2,4015906
2018-04-24,81.17,81.5,78.915,80.09,6394910
2018-04-25,80.27,82.32,80.01,81.14,5379027
2018-04-26,81.42,83.555,81.42,82.55,5058690
2018-04-27,82.5,83.24,82.38,82.73,3209558
2018-04-30,83.09,83.21,81.06,81.07,5483505
2018-05-01,80.68,80.93,78.695,79.07,6306117
2018-05-02,78.68,79.39,78.46,78.83,5166327
2018-05-03,78.65,78.7,77.44,78.04,4469290
2018-05-04,77.42,78.62,77.09,78.4,3367549
2018-05-07,78.41,79.26,78.23,78.63,3722577
2018-05-08,78.48,78.9,78.17,78.88,4591673
2018-05-09,78.96,79.65,78.45,79.27,3325180
2018-05-10,79.46,81.17,79.41,80.86,3718368
2018-05-11,81.15,82.45,81.02,82.45,4393786
2018-05-14,82.6,83.315,82.5,83.07,4739740
2018-05-15,82.72,82.94,81.83,81.6475,3662716
2018-05-16,81.8,81.95,80.955,81.18,3614474
2018-05-17,81.04,81.84,81.03,81.66,2808408
2018-05-18,81.49,82.29,81.49,82.07,4002281
2018-05-21,82.29,82.54,81.67,81.83,2505933
2018-05-22,82.14,82.89,81.81,82.22,2620723
2018-05-23,81.71,82.92,81.61,82.68,2516910
2018-05-24,82.71,82.79,82.1,82.71,2481820
2018-05-25,82.79,83.47,82.59,82.77,2338143
2018-05-29,82.11,82.62,81.65,82.44,3459321
2018-05-30,82.92,84.02,82.91,83.86,3475394
2018-05-31,83.88,85.11,83.68,85.04,9526369
2018-06-01,85.2,85.68,84.56,84.85,4057715
2018-06-04,84.65,85.52,84.36,85.07,4263121
2018-06-05,85.25,85.7,84.54,84.82,3667563
2018-06-06,84.88,85.93,84.66,85.93,2720404
2018-06-07,86.2,86.32,85.32,85.88,3123605
2018-06-08,85.83,86.42,85.43,86.08,3172317
2018-06-11,86.31,86.78,85.81,85.86,3506939
2018-06-12,85.76,86.02,85.45,85.49,3016917
2018-06-13,85.76,86.38,85.6,85.72,3052112
2018-06-14,85.67,86.46,85.17,86.35,3115115
2018-06-15,86.13,87.27,86.1,86.88,5575197
2018-06-18,85.98,86.15,85.01,86.11,2906602
2018-06-19,85.89,86.87,85.67,86.82,3044507
2018-06-20,86.74,87.16,86.2,86.28,4675465
2018-06-21,85.82,86.28,85.19,86.07,2856410
2018-06-22,86.02,86.4,85.805,85.92,5786678
2018-06-25,86.0,86.61,85.12,85.77,3414102
2018-06-26,85.54,86.0,84.96,85.11,2840575
2018-06-27,84.91,85.6,84.64,84.67,3005386
2018-06-28,84.85,85.96,84.81,85.49,2564562
2018-06-29,85.84,86.1,85.13,85.33,2963979
2018-07-02,85.06,85.93,84.71,85.86,2346963
2018-07-03,85.81,87.02,85.81,86.51,2163522
2018-07-05,86.91,87.1862,86.13,86.56,2675541
2018-07-06,86.83,87.71,86.82,87.39,2290527
2018-07-09,87.6,88.33,87.52,87.87,2718296
2018-07-10,88.08,88.2299,87.67,88.05,2227180
2018-07-11,87.77,88.07,87.2,87.56,2449505
2018-07-12,88.1,88.99,87.92,88.91,2604523
2018-07-13,88.83,89.87,88.54,89.71,3334987
2018-07-16,89.63,89.84,88.84,89.07,3175249
2018-07-17,89.36,89.97,89.34,89.57,2179375
2018-07-18,89.6,90.13,89.07,90.03,3021595
2018-07-19,89.83,89.98,88.87,89.43,3171005
2018-07-20,89.02,89.37,88.26,88.47,3830970
2018-07-23,88.3,89.16,88.17,88.88,3145276
2018-07-24,91.06,93.76,90.0,93.35,9910179
2018-07-25,93.16,96.65,93.03,96.43,8460212
2018-07-26,96.64,96.959,94.83,95.18,4826081
2018-07-27,95.65,96.96,95.02,96.6,3975477
2018-07-30,96.38,98.115,96.25,98.02,5356016
2018-07-31,98.25,99.2,97.53,98.81,4957761
2018-08-01,98.74,99.35,98.435,98.7,4971802
2018-08-02,97.95,100.39,97.84,99.47,4321033
2018-08-03,99.18,100.694,98.88,100.58,4572145
2018-08-06,100.4,102.59,100.22,102.0,5090940
2018-08-07,101.79,103.81,101.68,101.94,5095174
2018-08-08,101.85,102.67,101.43,102.27,3901584
2018-08-09,102.06,102.72,101.92,102.19,3298367
2018-08-10,102.15,103.19,101.9899,102.25,2783767
2018-08-13,102.45,102.68,102.115,101.87,2816376
2018-08-14,101.77,102.8389,101.27,102.44,3283946
2018-08-15,102.28,103.44,102.08,103.33,3143222
2018-08-16,103.25,104.94,103.25,104.36,4427168
2018-08-17,104.43,105.92,103.96,105.55,3824340
2018-08-20,105.58,106.38,105.58,105.82,2765514
2018-08-21,106.02,106.1299,104.72,105.07,2775584
2018-08-22,104.8,105.63,104.15,105.03,1964353
2018-08-23,104.99,105.25,104.39,104.82,2043366
2018-08-24,105.57,106.04,104.53,105.77,3089852
2018-08-27,106.15,106.49,104.94,105.11,2452478
2018-08-28,105.03,105.59,104.59,105.18,2516832
2018-08-29,104.4,105.59,104.28,105.33,2949508
2018-08-30,105.18,105.735,104.94,105.48,2928553
2018-08-31,105.14,105.86,104.47,105.65,3278851
2018-09-04,105.31,105.7,104.38,104.62,3106984
2018-09-05,104.85,106.11,104.7,105.72,3366560
2018-09-06,105.67,105.75,103.655,105.37,3180701
2018-09-07,105.15,107.24,104.8,107.03,3822938
2018-09-10,107.5,107.84,106.391,106.42,2950800
2018-09-11,106.41,106.62,105.515,105.64,3516440
2018-09-12,105.81,106.49,105.51,105.97,3925971
2018-09-13,106.16,106.71,105.82,106.58,5167412
2018-09-14,106.57,106.69,105.4,105.77,3103127
2018-09-17,105.61,106.765,105.05,105.71,4972164
2018-09-18,105.87,107.19,105.11,106.88,3668807
2018-09-19,106.88,107.07,105.5,105.74,3270389
2018-09-20,105.72,106.11,104.22,106.07,3761998
2018-09-21,106.23,106.87,105.35,106.33,5333680
2018-09-24,105.95,106.67,105.59,105.59,3095472
2018-09-25,106.01,106.755,105.54,105.7,3775742
2018-09-26,106.06,107.37,106.005,106.31,3707259
2018-09-27,106.49,107.17,106.21,106.69,2093719
2018-09-28,106.77,107.74,106.3,107.31,2812344
2018-10-01,107.67,107.705,107.03,107.6,2707981
2018-10-02,107.5,108.14,107.19,107.96,3787914
2018-10-03,108.465,109.61,108.24,108.62,5097152
2018-10-04,113.62,115.68,111.0357,112.99,10940820
2018-10-05,114.09,115.45,114.09,115.02,8330288
2018-10-08,114.85,116.61,114.7705,115.46,6002313
2018-10-09,115.09,116.0,114.23,115.45,4715996
2018-10-10,114.96,115.37,113.25,113.34,5602901
2018-10-11,113.09,113.32,106.58,107.91,7226578
2018-10-12,109.0,111.02,108.43,110.48,4519158
2018-10-15,110.5,111.8099,109.98,110.62,3884714
2018-10-16,110.84,111.22,109.93,111.03,4192834
2018-10-17,110.98,113.765,110.86,113.59,4402132
2018-10-18,113.93,114.25,112.41,113.31,3619647
2018-10-19,112.88,113.36,110.66,111.92,4224178
2018-10-22,112.0,112.715,111.37,112.03,2938281
2018-10-23,110.7,111.46,109.06,110.39,3756996
2018-10-24,110.22,111.15,106.19,106.32,6739409
2018-10-25,106.43,108.82,104.1701,107.89,4114808
2018-10-26,107.05,107.47,105.06,106.39,4464491
2018-10-29,107.45,109.08,106.3,107.4,3587793
2018-10-30,107.23,108.51,107.0813,108.34,3325906
2018-10-31,109.59,110.43,108.35,108.44,4349230
2018-11-01,108.74,109.23,107.33,107.86,3639419
2018-11-02,108.14,108.39,105.93,106.75,3577348
2018-11-05,110.43,112.08,109.76,110.14,7368580
2018-11-06,109.0,109.3,104.95,105.9,6803677
2018-11-07,106.85,110.78,106.72,109.72,5875413
2018-11-08,109.49,110.94,109.01,110.1,3666296
2018-11-09,110.42,112.535,109.7,112.21,5054447
2018-11-12,112.26,114.71,112.26,113.2,5078884
2018-11-13,114.25,114.25,111.83,111.82,4239691
2018-11-14,112.36,112.65,109.74,109.81,5392810
2018-11-15,109.18,112.23,108.54,112.2,4796847
2018-11-16,111.68,114.3,111.67,113.83,4766426
2018-11-19,113.0,116.1,113.0,115.81,4869819
2018-11-20,114.88,116.2,114.32,114.72,4877472
2018-11-21,114.28,114.28,112.13,112.23,3619688
2018-11-23,111.86,113.81,111.4011,112.87,1896989
2018-11-26,111.26,113.6,110.97,112.38,3296174
2018-11-27,112.28,114.25,111.71,114.22,3263212
2018-11-28,114.73,115.83,113.76,115.53,4814474
2018-11-29,115.3,117.93,114.97,117.0,4688290
2018-11-30,117.61,118.71,116.22,118.64,8965653
2018-12-03,118.64,118.69,117.54,118.52,4290056
2018-12-04,118.65,119.84,116.32,116.52,5676621
2018-12-06,115.32,115.99,112.98,115.84,5064370
2018-12-07,115.53,115.78,112.7741,113.58,4128118
2018-12-10,113.6,114.65,111.02,114.09,3832638
2018-12-11,114.84,115.62,113.922,114.5,3806777
2018-12-12,115.48,115.74,114.27,114.34,3758775
2018-12-13,114.62,115.15,113.84,114.86,3609870
2018-12-14,114.29,114.58,111.24,111.93,5306062
2018-12-17,111.21,111.3,107.72,108.36,6121672
2018-12-18,109.43,109.66,105.67,106.5,6864411
2018-12-19,111.54,111.54,107.7,109.11,8362827
2018-12-20,109.1,110.16,108.12,109.29,8362313
2018-12-21,109.29,111.51,108.68,109.42,13154487
2018-12-24,109.35,109.41,106.63,106.75,3283982
2018-12-26,106.76,111.09,106.4301,111.09,3792440
2018-12-27,110.24,112.9,108.73,112.89,4101569
2018-12-28,113.4,115.09,112.59,114.2,3983974
2018-12-31,114.34,115.85,114.2435,115.72,2731012
2019-01-02,114.79,115.43,112.75,114.88,4247101
2019-01-03,114.72,114.74,111.1,111.31,4203286
2019-01-04,112.21,114.84,111.74,114.66,5795155
2019-01-07,112.37,116.44,112.05,115.28,7749593
2019-01-08,115.69,116.42,114.52,116.34,3428938
2019-01-09,116.37,118.22,116.22,117.21,5820142
2019-01-10,117.09,117.22,114.97,115.94,4282265
2019-01-11,115.27,116.21,115.1,116.18,2648795
2019-01-14,115.2,115.25,114.33,114.68,4404603
2019-01-15,113.91,118.22,113.4,117.09,5097713
2019-01-16,116.99,118.07,116.48,116.8,2920573
2019-01-17,116.81,119.2,116.55,119.16,4401880
2019-01-18,115.58,116.9,115.0197,116.59,8886961
2019-01-22,115.69,117.11,115.69,117.09,4377479
2019-01-23,117.11,118.9,116.92,118.79,4012069
2019-01-24,118.22,118.22,114.2,114.99,6946450
2019-01-25,115.34,115.35,114.04,114.97,4599052
2019-01-28,114.72,115.11,113.54,115.03,3590920
2019-01-29,114.39,115.95,113.91,115.71,3767564
2019-01-30,115.53,117.08,115.53,116.94,4362867
2019-01-31,116.94,120.14,116.7274,119.86,5746070
2019-02-01,120.32,120.99,119.13,120.89,4171696
2019-02-04,121.21,121.84,118.69,120.17,4518418
2019-02-05,120.72,121.74,120.4,120.43,8832402
2019-02-06,118.67,120.82,117.74,119.27,7421020
2019-02-07,119.0,119.33,116.86,117.5,7935029
2019-02-08,117.73,121.43,117.45,119.6,16195395
2019-02-11,119.2,119.94,117.04,118.01,7203060
2019-02-12,117.76,119.9,117.5,119.49,6975683
2019-02-13,119.6,120.28,118.11,119.0,12738558
2019-02-14,118.94,121.25,118.8,120.75,17847187
2019-02-15,121.18,122.48,120.4,122.48,10366435
2019-02-19,121.31,123.33,121.3,122.13,17861446
2019-02-20,122.38,123.05,121.61,122.66,19880296
2019-02-21,122.06,123.76,121.8,122.72,20798847
2019-02-22,122.73,124.74,122.65,124.0,19574004
2019-02-25,124.1,124.67,123.47,123.89,13682426
2019-02-26,123.86,125.16,123.32,124.67,20791003
2019-02-27,124.49,126.48,124.08,125.68,32135797
2019-02-28,125.52,127.77,125.2,126.29,36023631
2019-03-01,127.25,129.42,126.58,128.84,43291166
2019-03-04,130.51,130.51,125.34,127.46,59468814
2019-03-05,128.4,128.8728,126.72,128.49,53212630
2019-03-06,128.75,128.79,125.39,126.68,74822867
2019-03-07,126.41,127.19,125.13,126.34,60615568
2019-03-08,126.37,126.98,125.25,126.7,50169777
2019-03-11,122.8,124.91,122.51,123.5,61771249
2019-03-12,123.5,124.02,122.679,123.5,8077894
2019-03-13,124.6,130.75,123.16,124.31,68139302
2019-03-14,124.98,124.98,122.51,123.08,42768796
2019-03-15,123.1,124.16,121.96,123.94,47331005
2019-03-18,123.99,125.35,123.5,125.24,16052335
2019-03-19,125.26,126.65,125.14,126.59,13726265
2019-03-20,127.54,129.1,126.83,128.16,7520705
2019-03-21,126.88,128.98,126.64,128.31,5704385
2019-03-22,128.73,129.48,127.43,128.3,15332895
2019-03-25,128.61,130.58,128.41,129.87,5972779
2019-03-26,130.24,132.13,129.7,131.02,5872941
2019-03-27,130.96,131.555,128.52,128.77,7675098
2019-03-28,129.34,129.9,128.87,128.95,6112929
2019-03-29,129.01,129.935,128.98,129.76,5729087
2019-04-01,130.71,131.35,129.05,129.05,5132275
2019-04-02,129.04,129.57,128.235,129.32,3214621
2019-04-03,129.11,129.25,126.84,127.05,4425479
2019-04-04,127.34,127.35,124.61,125.61,5540197
2019-04-05,126.49,127.01,125.61,126.99,4656359
2019-04-08,126.5,127.28,126.0918,127.16,3430908
2019-04-09,126.76,128.12,126.6,127.24,4215648
2019-04-10,127.56,127.97,126.93,127.19,4227063
2019-04-11,126.86,127.32,124.51,125.15,5520681
2019-04-12,125.24,125.24,123.02,123.06,5470362
2019-04-15,123.77,124.35,123.1599,124.08,4549115
2019-04-16,124.93,124.93,119.79,119.96,6573485
2019-04-17,120.0,120.06,115.89,116.5,14842845
2019-04-18,116.23,116.65,114.135,115.2,9805773
2019-04-22,115.04,115.57,113.65,115.47,7519732
2019-04-23,116.04,117.89,115.43,117.49,5891462
2019-04-24,118.29,118.43,117.23,118.0,4254080
2019-04-25,117.75,118.675,116.75,118.23,3425006
2019-04-26,118.83,119.92,118.67,119.87,3372541
2019-04-29,119.9,120.01,119.25,119.6,4097385
2019-04-30,116.61,117.14,114.91,117.04,7548382
2019-05-01,117.05,119.534,116.56,118.18,5392077
2019-05-02,118.44,118.5695,116.86,118.46,4169249
2019-05-03,118.44,118.44,116.535,116.91,5695485
2019-05-06,115.82,117.08,115.3,116.65,5952074
2019-05-07,116.3,116.49,114.46,114.94,5127210
2019-05-08,115.85,116.89,115.23,116.25,2992573
2019-05-09,115.86,116.145,114.775,115.8,5818894
2019-05-10,115.63,116.32,114.22,116.22,3660485
2019-05-13,114.86,115.19,113.87,114.37,4284654
2019-05-14,114.73,115.53,114.53,114.94,3668359
2019-05-15,115.25,115.84,114.32,114.975,3724484
2019-05-16,114.57,117.68,114.57,116.73,3914074
2019-05-17,115.7,116.65,115.22,116.01,3109760
2019-05-20,115.87,116.3,115.0,116.23,3042762
2019-05-21,117.04,117.79,116.53,116.58,2611127
2019-05-22,116.12,118.39,116.12,117.98,3934227
2019-05-23,117.76,117.96,116.48,116.81,3653517
2019-05-24,117.53,117.55,116.45,116.79,2086492
2019-05-28,117.09,118.4054,115.7,115.76,5007231
2019-05-29,115.61,115.8004,114.43,115.49,5915784
2019-05-30,115.49,116.3,114.96,115.9,2392848
2019-05-31,115.34,117.58,114.99,115.94,6098447
2019-06-03,116.53,117.72,116.04,116.77,4722140
2019-06-04,118.08,118.93,117.41,117.56,3122814
2019-06-05,118.03,118.38,116.53,117.02,4175988
2019-06-06,117.52,118.94,117.27,117.5,3882788
2019-06-07,118.19,118.94,117.89,118.35,2726282
2019-06-10,116.0,116.0,113.88,113.93,8172376
2019-06-11,114.78,115.59,111.85,112.21,5681300
2019-06-12,112.5,115.5,112.5,115.24,3793939
2019-06-13,115.4,115.4,110.61,111.82,8477341
2019-06-14,112.13,112.25,111.01,111.74,3188051
2019-06-17,111.64,113.42,111.34,113.4,3032339
2019-06-18,113.65,114.83,113.22,114.65,2868693
2019-06-19,115.02,115.99,114.34,115.23,3320718
2019-06-20,116.35,117.07,115.26,115.56,2840116
2019-06-21,115.74,115.93,114.81,115.49,4024596
2019-06-24,115.08,116.15,114.71,115.63,2570460
2019-06-25,115.51,116.83,115.17,115.36,2110156
2019-06-26,114.81,114.95,110.62,111.34,4677503
2019-06-27,111.74,112.21,111.155,111.47,3615883
2019-06-28,111.8,111.83,110.02,110.79,8958684
2019-07-01,111.31,112.84,110.64,112.74,3238667
2019-07-02,112.82,114.21,112.4,114.2,2344708
2019-07-03,114.87,115.465,113.78,114.42,3707683
2019-07-05,114.05,114.37,112.55,112.82,2444038
2019-07-08,112.47,112.79,110.91,111.52,2998716
2019-07-09,111.85,113.36,111.85,113.08,2717664
2019-07-10,113.27,114.65,112.67,114.53,3339127
2019-07-11,111.53,112.24,109.1,109.82,6589644
2019-07-12,109.47,109.47,105.147,108.29,7211104
2019-07-15,108.3,109.16,107.59,108.47,4405586
2019-07-16,109.0,109.19,107.97,108.82,2206469
2019-07-17,109.35,109.65,107.08,107.09,3507528
2019-07-18,107.83,108.48,107.24,108.34,3232898
2019-07-19,108.5,108.515,106.58,106.79,4821024
2019-07-22,106.92,107.36,105.87,107.27,2894549
2019-07-23,107.5,109.4,106.055,108.22,5098250
2019-07-24,108.35,109.66,107.16,108.52,3762654
2019-07-25,108.57,110.38,107.68,107.82,4597004
2019-07-26,107.92,109.23,107.54,108.27,3470705
2019-07-29,108.07,110.24,108.07,108.72,3192491
2019-07-30,108.3,110.02,107.0,108.69,4664226
2019-07-31,108.06,110.71,107.61,108.95,5535653
2019-08-01,109.02,110.74,108.31,110.51,3678958
2019-08-02,110.96,113.27,110.575,112.42,4477651
2019-08-05,111.38,112.49,107.44,108.71,4765810
2019-08-06,109.47,112.12,109.0401,111.4,5490049
2019-08-07,110.37,111.38,108.53,111.12,4231696
2019-08-08,111.96,114.54,111.64,113.97,4815896
2019-08-09,113.24,114.55,112.35,113.77,2788109
2019-08-12,112.9,114.06,112.29,113.6,2287582
2019-08-13,113.53,116.14,113.43,115.055,5322106
2019-08-14,114.86,114.87,110.22,110.29,4937899
2019-08-15,110.42,111.312,109.21,110.23,3939890
2019-08-16,110.94,111.33,109.29,110.52,3497595
2019-08-19,111.05,112.94,110.79,112.53,2903526
2019-08-20,112.33,112.88,110.91,111.01,2074810
2019-08-21,112.0,112.44,110.0,111.46,2207306
2019-08-22,111.44,112.27,110.79,111.61,1840186
2019-08-23,111.46,112.56,108.88,109.51,3870286
2019-08-26,110.61,111.82,110.25,111.78,2565480
2019-08-27,112.31,112.88,110.73,110.73,2945278
2019-08-28,110.33,111.54,109.79,110.97,1744383
2019-08-29,111.81,112.38,110.6,112.25,2708553
2019-08-30,112.82,114.17,111.9208,112.97,2870678
2019-09-03,112.54,114.02,112.19,113.96,3710342
2019-09-04,114.38,114.5,112.45,113.25,3758039
2019-09-05,113.96,115.44,113.26,114.6,4045864
2019-09-06,114.78,114.99,113.84,114.05,2904651
2019-09-09,114.52,114.52,110.35,111.07,4982379
2019-09-10,108.37,111.13,106.4,111.1,6589495
2019-09-11,111.78,112.0,110.29,111.69,3404057
2019-09-12,111.92,112.42,111.12,111.47,3578469
2019-09-13,111.74,112.15,110.235,110.89,2842551
2019-09-16,110.42,110.53,109.21,110.13,1728877
2019-09-17,110.33,111.19,109.63,111.12,2489451
2019-09-18,111.44,112.91,111.17,112.72,3165105
2019-09-19,112.86,115.11,112.39,114.35,3947358
2019-09-20,115.93,117.23,114.47,116.16,7543885
2019-09-23,116.0,116.54,113.97,114.18,2933808
2019-09-24,114.36,114.55,111.94,113.25,3578773
2019-09-25,112.88,113.85,111.31,111.39,3117780
2019-09-26,112.04,112.66,110.69,111.82,2684304
2019-09-27,112.35,113.37,111.38,112.37,1906299
2019-09-30,112.4,113.45,111.685,111.83,2580818
2019-10-01,111.94,112.45,110.405,110.96,2493452
2019-10-02,110.33,110.64,106.66,107.0,4556003
2019-10-03,107.09,108.1,106.21,107.29,2875446
2019-10-04,107.49,108.26,107.0,108.2,2889307
2019-10-07,108.31,108.65,107.57,107.83,1506055
2019-10-08,106.89,108.325,105.95,107.19,2841693
2019-10-09,107.56,108.15,106.88,107.3,1637391
2019-10-10,107.03,107.485,106.58,106.92,2797589
2019-10-11,107.75,109.14,107.59,108.36,2558319
2019-10-14,108.52,109.13,107.88,107.9,1371611
2019-10-15,108.35,110.1,108.22,109.7,1761041
2019-10-16,109.18,109.48,107.79,107.95,2316857
2019-10-17,109.22,109.46,108.26,108.46,2268095
2019-10-18,108.31,108.94,107.9,108.64,2207095
2019-10-21,108.87,109.0,107.77,107.91,4079997
2019-10-22,109.98,111.46,108.89,109.84,5750365
2019-10-23,106.0,107.75,101.36,107.4,9115337
2019-10-24,107.5,108.21,106.25,107.84,3315208
2019-10-25,108.08,110.59,107.54,110.2,4234636
2019-10-28,110.62,113.19,110.62,112.99,4168518
2019-10-29,112.5,112.81,111.5,111.67,2987828
2019-10-30,111.37,113.21,111.26,112.72,2424676
2019-10-31,112.36,114.665,112.0,113.95,4124383
2019-11-01,114.07,114.51,112.3148,112.51,2629123
2019-11-04,113.24,114.33,112.865,113.11,3002129
2019-11-05,112.95,113.08,110.51,111.25,3357293
2019-11-06,111.57,114.29,111.51,113.82,3973691
2019-11-07,114.23,114.63,112.03,112.77,3076343
2019-11-08,112.65,113.57,112.1,113.53,2224211
2019-11-11,113.46,114.21,112.22,112.8,1770222
2019-11-12,112.77,114.04,112.45,113.17,2273221
2019-11-13,112.87,113.53,112.25,112.145,3275038
2019-11-14,112.19,112.36,111.0,111.39,2627138
2019-11-15,111.33,113.82,111.33,113.19,4857381
2019-11-18,113.02,114.13,112.86,114.07,3361591
2019-11-19,114.03,116.12,113.75,115.1,3781612
2019-11-20,114.96,115.92,114.05,114.61,3638226
2019-11-21,114.7,115.52,113.29,114.75,2909502
2019-11-22,115.09,116.68,114.71,116.2,3120074
2019-11-25,116.6,118.46,116.6,117.47,2939682
2019-11-26,117.47,118.11,117.0,117.09,4705350
2019-11-27,117.73,117.9,116.62,117.44,1798268
2019-11-29,117.23,118.04,117.17,117.35,1243926
2019-12-02,117.52,118.25,116.1,116.74,2200267
2019-12-03,116.4,117.92,115.92,117.61,3052711
2019-12-04,118.28,118.84,117.57,118.67,2597005
2019-12-05,118.4,119.92,117.54,119.77,3003189
2019-12-06,119.97,120.705,119.58,119.64,2462830
2019-12-09,119.53,120.84,118.94,120.24,2344005
2019-12-10,120.56,121.15,120.11,120.65,3592725
2019-12-11,120.56,121.2,119.98,120.78,3438106
2019-12-12,120.56,121.9325,120.56,121.7,2959433
2019-12-13,121.98,122.19,120.72,121.53,3343900
2019-12-16,123.07,124.26,122.06,122.85,3468563
2019-12-17,124.0,127.03,123.31,125.33,6723678
2019-12-18,127.88,129.98,127.69,129.48,8173458
2019-12-19,129.08,130.99,128.34,130.85,4423412
2019-12-20,132.49,137.0,131.24,132.43,9230757
2019-12-23,132.39,132.58,131.0287,131.15,2473592
2019-12-24,131.07,131.21,130.13,131.11,1215797
2019-12-26,131.0,131.7,130.66,131.14,1272183
2019-12-27,131.57,131.77,130.84,131.52,2161345
2019-12-30,131.52,131.93,130.87,131.3,1856229
2019-12-31,131.18,131.52,130.5,131.43,1549861
2020-01-02,131.77,132.26,130.73,132.21,1927432
2020-01-03,130.3,132.47,130.23,131.77,1963912
2020-01-06,131.42,132.56,130.94,132.26,2102920
2020-01-07,131.7,132.925,131.7,132.51,2448943
2020-01-08,132.46,134.21,132.01,133.71,5188559
2020-01-09,134.55,136.36,134.01,135.92,4524048
2020-01-10,135.78,138.27,135.53,138.0,4177719
2020-01-13,138.2,139.99,137.89,138.94,5117116
2020-01-14,138.99,140.9,138.12,140.65,4685251
2020-01-15,140.58,141.69,140.01,141.11,3676480
2020-01-16,141.83,141.97,139.85,141.43,3794808
2020-01-17,140.88,141.74,139.36,139.58,5393587
2020-01-21,139.5,141.57,138.43,140.91,4849620
2020-01-22,141.25,142.25,140.6915,141.56,2742065
2020-01-23,141.25,141.74,139.88,141.21,3138694
2020-01-24,141.85,141.99,138.7,139.07,3183268
2020-01-27,137.34,139.1,137.34,138.31,2826627
2020-01-28,138.69,139.88,138.23,139.26,2649056
2020-01-29,139.51,141.14,138.97,139.92,2816298
2020-01-30,138.18,143.72,138.1,142.67,5243822
2020-01-31,142.85,142.85,139.47,139.64,3913487
2020-02-03,140.53,141.57,139.68,141.0,5137780
2020-02-04,142.3,144.07,141.78,143.44,3177572
2020-02-05,144.78,147.36,144.53,147.35,4061100
2020-02-06,147.74,147.87,146.81,147.3,3285190
2020-02-07,147.22,147.22,145.38,146.41,2670411
2020-02-10,141.5,145.55,141.12,145.51,4892179
2020-02-11,145.73,145.86,143.18,144.25,2976514
2020-02-12,144.81,144.9,143.49,142.77,3953354
2020-02-13,142.86,143.74,141.79,141.8,3455635
2020-02-14,142.25,142.3162,140.565,141.12,2274126
2020-02-18,141.02,141.96,140.53,141.01,2858223
2020-02-19,141.62,141.84,140.36,140.83,3082771
2020-02-20,141.63,142.805,141.195,142.0,3416988
2020-02-21,141.34,142.65,140.33,142.04,2900958
2020-02-24,139.28,141.59,137.87,138.15,4727778
2020-02-25,138.94,139.23,134.62,135.41,3401770
2020-02-26,136.03,137.02,133.31,133.53,4659289
2020-02-27,133.33,134.6699,129.05,129.19,4292823
2020-02-28,126.38,126.8,121.51,126.13,7898390
2020-03-02,127.74,133.0,126.21,132.84,7355667
2020-03-03,133.28,135.65,128.69,130.31,6936631
2020-03-04,133.03,140.86,133.0,140.38,5301949
2020-03-05,138.38,141.91,137.53,140.15,6882129
2020-03-06,136.12,142.36,135.55,141.46,8010654
2020-03-09,134.02,140.93,133.31,135.72,5351578
2020-03-10,139.23,141.93,134.72,141.19,5961351
2020-03-11,139.46,141.84,137.3942,140.02,7211964
2020-03-12,130.79,136.5,125.93,126.02,7836650
2020-03-13,132.95,139.37,128.505,139.37,6841696
2020-03-16,131.0,138.68,128.2514,129.38,6619710
2020-03-17,133.21,143.59,131.1,143.2,8909251
2020-03-18,136.34,144.0,134.08,143.09,6734850
2020-03-19,142.49,142.98,131.12,133.09,6555120
2020-03-20,132.16,132.25,120.2315,122.4,9113640
2020-03-23,120.95,126.88,117.06,119.05,7299342
2020-03-24,123.24,124.6,117.41,122.89,6827409
2020-03-25,120.12,126.14,119.21,121.94,6472192
2020-03-26,123.29,135.7396,121.94,134.35,6723870
2020-03-27,130.65,137.61,130.1966,134.11,4717376
2020-03-30,133.87,141.77,133.51,138.44,5057365
2020-03-31,136.96,142.02,134.52,138.72,7561617
2020-04-01,134.0,137.19,132.98,136.42,3297943
2020-04-02,135.35,142.8,133.03,142.18,4725051
2020-04-03,140.92,144.6,138.46,139.66,4013280
2020-04-06,142.27,143.5,140.3,141.61,4159869
2020-04-07,143.13,144.8,140.05,141.88,3900683
2020-04-08,142.05,147.25,140.5,146.22,4006811
2020-04-09,144.51,146.4,143.55,145.73,4415537
2020-04-13,144.97,146.59,142.88,144.42,2289127
2020-04-14,147.28,151.5483,144.05,151.11,3809624
2020-04-15,148.94,153.4,148.51,151.18,3614430
2020-04-16,152.89,155.59,152.0,154.73,3512945
2020-04-17,155.42,157.67,153.03,157.29,3709893
2020-04-20,156.63,160.1974,155.61,157.79,2562267
2020-04-21,155.41,155.8,151.41,152.67,4270235
2020-04-22,154.61,157.28,153.57,156.71,3279266
2020-04-23,157.18,162.56,154.0,159.93,5692905
2020-04-24,162.0,164.9,160.61,162.93,4414235
2020-04-27,164.0,164.5,160.72,161.29,3210509
2020-04-28,160.94,161.9803,156.59,157.3,3270605
2020-04-29,157.76,158.03,154.67,155.16,3241034
2020-04-30,155.2,156.9785,153.28,154.64,4175767
2020-05-01,153.72,154.605,151.57,153.63,2576671
2020-05-04,154.65,156.0,151.26,153.28,2228949
2020-05-05,153.8,159.22,152.75,157.89,2862645
2020-05-06,158.46,158.94,156.35,156.68,1964792
2020-05-07,157.5,157.69,152.72,152.97,2330591
2020-05-08,154.2,154.42,152.55,153.51,1967688
2020-05-11,153.47,159.47,153.08,158.55,3196292
2020-05-12,159.87,161.4,157.59,157.72,2329658
2020-05-13,157.03,159.35,156.04,157.19,2649972
2020-05-14,155.94,158.95,153.81,158.38,2393935
2020-05-15,158.63,159.51,156.03,159.23,2824638
2020-05-18,161.34,162.37,157.11,157.96,2703730
2020-05-19,156.85,159.13,155.28,156.7,2339430
2020-05-20,155.27,157.43,151.61,153.13,3780795
2020-05-21,153.15,153.15,149.7208,152.28,3049756
2020-05-22,152.22,152.56,150.1672,151.16,2354972
2020-05-26,151.11,151.76,147.16,147.96,5013422
2020-05-27,148.17,148.17,143.62,145.7,5376334
2020-05-28,147.43,152.1,146.51,150.65,3983510
2020-05-29,151.66,153.64,149.94,152.95,9466743
2020-06-01,154.47,154.99,150.891,152.45,5235562
2020-06-02,152.08,154.08,151.04,153.86,3269734
2020-06-03,153.34,154.39,150.85,152.53,3190321
2020-06-04,152.21,153.54,149.711,150.71,3328760
2020-06-05,149.7,151.76,148.34,149.21,4579125
2020-06-08,146.75,149.25,146.52,149.21,4076682
2020-06-09,149.75,151.75,149.11,149.13,4302321
2020-06-10,149.96,152.4,149.84,151.0,4940240
2020-06-11,151.85,152.24,143.05,144.08,4547384
2020-06-12,145.54,146.38,141.47,143.54,3973250
2020-06-15,142.0,142.9,139.68,141.52,3710714
2020-06-16,156.32,167.43,155.0,163.71,15029908
2020-06-17,164.23,164.36,159.4,159.97,4711157
2020-06-18,159.2,162.97,158.2,161.07,3631610
2020-06-19,162.23,162.48,158.26,159.94,6004898
2020-06-22,159.18,161.48,158.92,160.45,2647611
2020-06-23,160.89,162.87,158.95,159.34,2771597
2020-06-24,158.55,159.79,156.33,157.03,3095967
2020-06-25,157.64,163.39,156.71,162.86,3735845
2020-06-26,162.33,163.7888,160.18,162.83,5290721
2020-06-29,163.85,164.205,161.03,162.72,2640297
2020-06-30,163.11,165.17,162.3,164.18,3296344
2020-07-01,164.32,165.47,162.52,163.3,2065209
2020-07-02,164.07,164.77,162.37,163.87,1960202
2020-07-06,164.46,168.92,164.01,166.89,2760124
2020-07-07,166.12,168.38,165.27,166.75,3273315
2020-07-08,166.84,169.82,166.84,169.13,2782025
2020-07-09,169.88,170.75,163.71,166.45,2955246
2020-07-10,166.14,166.14,162.74,163.36,2245221
2020-07-13,164.61,167.0,161.04,162.08,3455741
2020-07-14,162.88,164.77,161.53,163.88,2642956
2020-07-15,165.19,166.48,163.895,165.45,2346191
2020-07-16,164.95,165.44,162.6,165.0,1486791
2020-07-17,166.04,167.26,165.11,165.96,3027743
2020-07-20,166.49,167.71,165.73,167.04,1806386
2020-07-21,166.87,167.23,164.76,165.3,1540685
2020-07-22,165.54,165.85,162.33,164.84,1686461
2020-07-23,165.26,165.46,160.79,161.52,2408773
2020-07-24,161.47,161.47,158.45,159.54,2247922
2020-07-27,159.6,161.74,158.59,160.5,2709788
2020-07-28,161.67,165.41,161.345,162.65,3483155
2020-07-29,162.53,163.025,161.1,161.75,3108858
2020-07-30,158.45,158.5,150.45,153.0,6638127
2020-07-31,153.13,153.335,148.74,150.29,5342109
2020-08-03,152.8,153.85,151.22,152.84,3618435
2020-08-04,153.38,156.0,153.09,154.85,3260042
2020-08-05,157.31,157.49,153.3,154.34,2476460
2020-08-06,153.85,155.5,151.0,152.88,2176543
2020-08-07,152.96,153.5,151.58,152.93,2017370
2020-08-10,152.93,153.49,151.53,153.0,1745207
2020-08-11,153.14,153.14,150.2,150.63,2103351
2020-08-12,150.79,153.17,150.6,151.81,2430758
2020-08-13,150.82,151.69,149.79,150.46,2077861
2020-08-14,149.8,151.69,149.15,150.09,1538044
2020-08-17,150.92,152.7,150.36,151.53,2704741
2020-08-18,152.15,153.15,151.15,153.11,1960131
2020-08-19,153.81,154.41,152.01,152.29,1939000
2020-08-20,152.55,152.85,150.85,151.34,1830243
2020-08-21,151.34,151.35,147.95,149.26,3111979
2020-08-24,150.05,150.4,148.25,149.52,2268439
2020-08-25,150.36,151.31,149.31,149.68,2216224
2020-08-26,149.19,149.46,147.41,149.26,3029691
2020-08-27,150.58,150.94,148.94,148.97,3146090
2020-08-28,148.84,149.1518,146.98,147.34,2102621
2020-08-31,147.35,148.795,147.03,148.39,4430706
2020-09-01,148.61,149.2,146.645,147.3,2359277
2020-09-02,146.79,150.0,146.51,149.55,2407127
2020-09-03,152.19,153.37,147.46,149.02,4226126
2020-09-04,148.77,152.58,147.95,150.91,4361833
2020-09-08,150.95,151.31,148.5,149.31,4351532
2020-09-09,150.62,154.12,150.31,151.97,2328525
2020-09-10,149.88,150.6,145.715,146.22,3961343
2020-09-11,147.56,149.185,146.88,148.09,3001470
2020-09-14,149.09,150.505,147.47,149.0,3072507
2020-09-15,149.96,151.87,149.415,150.08,2923507
2020-09-16,151.72,152.68,150.79,150.96,3619715
2020-09-17,150.13,152.68,149.455,152.47,3620831
2020-09-18,152.04,154.5,152.04,154.17,13210113
2020-09-21,153.17,153.66,149.06,151.18,3501584
2020-09-22,150.91,151.57,149.15,149.86,2926393
2020-09-23,150.05,151.59,148.7,149.81,3546101
2020-09-24,149.26,149.66,147.37,148.81,3424319
2020-09-25,148.39,150.4,147.85,150.26,2440587
2020-09-28,151.0,151.58,147.9,148.1,2427522
2020-09-29,147.98,148.44,145.93,146.26,3308955
2020-09-30,146.4,148.445,145.06,148.02,5083858
2020-10-01,148.33,148.705,144.06,144.29,3809247
2020-10-02,143.67,146.94,143.27,145.21,3879999
2020-10-05,145.07,147.47,144.18,146.63,2790616
2020-10-06,146.93,147.83,143.93,144.13,2409309
2020-10-07,148.52,149.89,146.85,148.96,4602829
2020-10-08,152.4,153.94,150.5,153.5,4686102
2020-10-09,154.09,157.15,154.07,156.88,4590567
2020-10-12,156.83,157.15,154.42,154.49,3242667
2020-10-13,153.0,154.3269,148.55,150.08,5963891
2020-10-14,150.38,150.6,147.71,148.46,2710585
2020-10-15,146.51,146.91,145.38,146.78,3785950
2020-10-16,147.11,148.38,146.0,146.12,2919724
2020-10-19,147.0,147.4088,142.21,142.8,3158872
2020-10-20,143.36,144.12,142.11,143.59,2188844
2020-10-21,142.29,143.33,141.21,141.31,1983653
2020-10-22,141.53,142.265,140.8,141.65,3057821
2020-10-23,142.24,144.7,141.72,142.38,2427462
2020-10-26,141.9,142.2899,140.05,141.7,2947097
2020-10-27,133.02,136.08,131.87,131.9,11374611
2020-10-28,130.455,134.1008,130.31,131.31,6188028
2020-10-29,132.0,133.13,130.38,132.55,4099914
2020-10-30,131.76,133.105,129.21,130.46,4336046
2020-11-02,132.54,133.95,129.99,131.63,3449595
2020-11-03,133.64,134.07,130.7,130.98,3628832
2020-11-04,134.905,151.98,134.905,148.59,12211676
2020-11-05,147.68,148.81,144.7,145.52,5730964
2020-11-06,145.05,147.39,139.1,142.74,6229782
2020-11-09,142.54,144.75,140.6,142.33,5493775
2020-11-10,147.6,149.2,143.79,146.56,5376964
2020-11-11,147.76,147.76,143.37,144.02,3046843
2020-11-12,142.93,143.46,139.86,141.03,3464669
2020-11-13,142.43,143.21,141.3201,142.38,2143083
2020-11-16,143.06,144.3,140.0,140.59,4957963
2020-11-17,139.57,141.96,138.61,141.2,3619448
2020-11-18,141.9,142.42,140.13,140.17,2795172
2020-11-19,140.25,143.89,138.92,143.41,4626099
2020-11-20,142.84,147.09,142.84,145.49,5064305
2020-11-23,145.54,145.62,141.16,143.38,3794513
2020-11-24,143.39,145.64,143.11,144.9,4127874
2020-11-25,144.9,145.34,142.61,144.75,3223766
2020-11-27,145.65,147.92,145.36,147.44,1753995
2020-11-30,146.34,148.17,144.9,145.65,5842198
2020-12-01,146.69,148.06,145.26,145.56,3954412
2020-12-02,145.36,147.09,144.38,145.16,3757360
2020-12-03,145.7,146.5,143.13,144.11,4059610
2020-12-04,144.07,148.72,144.0,148.45,3058570
2020-12-07,147.3,148.33,146.48,147.42,2637180
2020-12-08,146.98,150.14,146.91,149.3,2754502
2020-12-09,154.59,158.94,153.68,158.0,8364372
2020-12-10,159.87,162.0,158.18,161.0,6430596
2020-12-11,159.72,161.18,159.06,160.04,3435693
2020-12-14,160.69,162.2871,157.83,157.91,4390109
2020-12-15,159.43,168.23,158.05,167.43,6976079
2020-12-16,169.69,173.19,166.75,172.05,6009932
2020-12-17,171.73,173.895,171.1,172.63,3473825
2020-12-18,172.52,172.89,169.0,171.4,7356423
2020-12-21,168.88,169.0,165.8,168.78,3656017
2020-12-22,167.71,168.39,165.87,166.72,2448907
2020-12-23,167.45,167.9997,165.47,165.48,1697282
2020-12-24,165.85,167.94,165.85,166.66,627229
2020-12-28,167.21,167.6028,165.21,166.5,1482012
2020-12-29,166.63,167.75,165.91,166.58,1712024
2020-12-30,167.44,168.39,166.68,167.01,1413465
2020-12-31,167.07,169.135,166.29,168.84,1643767
2021-01-04,169.02,169.4776,163.105,165.5,3164894
2021-01-05,165.19,166.66,163.2,166.32,2322787
2021-01-06,162.98,167.28,162.97,164.32,3619696
2021-01-07,164.18,167.12,161.78,165.83,3025518
2021-01-08,166.22,166.86,164.64,166.41,3438248
2021-01-11,185.0,189.3012,182.02,185.94,11402288
2021-01-12,182.79,184.24,177.438,178.8,7179275
2021-01-13,179.83,187.62,179.34,185.5,7303875
2021-01-14,185.27,188.96,184.58,186.69,4413184
2021-01-15,186.8,191.78,186.8,190.77,6624497
2021-01-19,196.0,199.5199,194.07,198.48,7729052
2021-01-20,198.77,201.7731,198.68,201.26,5335808
2021-01-21,203.7,204.72,198.01,202.35,8702898
2021-01-22,202.04,206.54,200.56,206.14,6128788
2021-01-25,208.24,212.53,208.0879,212.35,5959055
2021-01-26,212.55,213.23,210.6,212.72,6601482
2021-01-27,211.07,212.02,205.1,207.57,7358032
2021-01-28,208.0,211.84,207.57,210.12,5460392
2021-01-29,211.96,218.0,204.46,207.97,8401517
2021-02-01,209.46,209.89,203.1,203.14,5383786
2021-02-02,204.38,205.9,197.35,197.56,5314567
2021-02-03,197.81,200.59,196.89,196.96,3679090
2021-02-04,196.81,201.88,195.64,201.62,2924329
2021-02-05,201.62,202.9199,200.85,201.77,2732210
2021-02-08,202.38,206.43,201.91,205.77,2909487
2021-02-09,203.75,204.9499,200.32,201.71,2661320
2021-02-10,204.47,205.55,201.64,203.54,3062709
2021-02-11,202.87,204.18,201.62,202.58,3544689
2021-02-12,201.65,208.22,201.15,207.29,2611059
2021-02-16,205.98,207.49,203.61,205.76,2741949
2021-02-17,205.01,206.69,204.265,206.46,3339286
2021-02-18,205.3,205.415,200.95,201.12,3919791
2021-02-19,201.13,202.8789,200.3301,200.92,3434853
2021-02-22,199.18,201.61,197.96,200.68,2263632
2021-02-23,200.31,204.31,198.68,202.48,3287678
2021-02-24,201.67,206.455,201.63,204.52,2848792
2021-02-25,203.57,205.55,201.75,203.82,2386804
2021-02-26,206.7,206.99,202.06,204.89,3887878
2021-03-01,205.78,208.24,204.78,206.47,2797548
2021-03-02,208.89,209.95,204.1,204.14,3445286
2021-03-03,203.37,204.31,199.705,202.0,3660317
2021-03-04,203.79,204.74,198.61,200.54,4308430
2021-03-05,201.02,207.67,200.88,206.92,3875985
2021-03-08,207.0,210.8896,206.32,207.03,3300343
2021-03-09,208.34,212.16,206.06,206.11,4227322
2021-03-10,206.885,208.04,204.39,205.45,3400164
2021-03-11,206.51,207.25,204.27,205.21,4037377
2021-03-12,204.89,208.4599,202.28,208.08,4538693
2021-03-15,193.01,193.18,188.2,189.16,12405564
2021-03-16,191.5365,191.62,187.23,190.9,6194240
2021-03-17,189.73,189.83,186.56,186.73,5134224
2021-03-18,186.02,187.09,183.8,183.93,4239983
2021-03-19,184.7,185.8,183.88,184.29,6048561
2021-03-22,184.05,185.91,183.2,185.84,2666600
2021-03-23,185.35,186.655,183.25,183.68,3284889
2021-03-24,183.7,183.835,179.82,180.17,3931458
2021-03-25,181.0,183.64,180.22,183.09,2630505
2021-03-26,184.05,185.91,182.63,185.31,2868368
2021-03-29,184.66,187.6696,183.505,186.34,3002626
2021-03-30,185.53,186.86,184.71,185.5,2523602
2021-03-31,185.57,187.94,185.26,186.82,3621314
2021-04-01,186.82,188.07,184.66,185.24,2340366
2021-04-05,185.59,185.9,183.1,184.89,2864920
2021-04-06,184.69,185.63,182.49,182.8,2488379
2021-04-07,182.9,183.18,181.22,182.32,3406606
2021-04-08,182.95,183.97,182.47,182.61,2393198
2021-04-09,182.53,185.14,182.41,184.49,2611218
2021-04-12,183.43,183.94,180.88,181.82,2876088
2021-04-13,181.18,183.64,181.18,182.53,3089142
2021-04-14,182.59,184.469,182.05,183.0,2002075
2021-04-15,183.79,187.72,183.41,185.92,2586643
2021-04-16,187.38,190.3,186.88,189.25,3732096
2021-04-19,189.24,190.88,188.07,189.64,2966439
2021-04-20,190.41,193.5,190.17,190.61,2461129
2021-04-21,191.56,193.01,189.8,190.95,2219772
2021-04-22,190.0,191.27,186.75,187.05,2982838
2021-04-23,187.03,189.13,187.03,188.72,2483203
2021-04-26,188.57,188.65,186.06,187.22,2797528
2021-04-27,184.0,185.87,180.79,182.21,6838740
2021-04-28,181.45,182.0,178.5779,180.55,4682764
2021-04-29,181.06,182.63,180.0,182.2,2432461
2021-04-30,181.84,183.95,181.19,182.77,3103881
2021-05-03,182.99,186.35,182.92,185.92,3196957
2021-05-04,187.53,190.08,186.78,188.2,3703540
2021-05-05,188.65,193.57,188.15,192.81,2773684
2021-05-06,191.55,194.1,189.3227,193.89,3101937
2021-05-07,194.82,196.2668,193.9,195.42,2526753
2021-05-10,196.17,196.61,193.5,194.76,2242047
2021-05-11,193.39,195.75,193.01,194.75,1850449
2021-05-12,194.75,195.65,192.73,192.35,2397601
2021-05-13,192.25,196.11,191.75,194.94,2175323
2021-05-14,195.71,197.27,194.92,196.21,1823874
2021-05-17,196.48,199.61,195.09,195.53,2465967
2021-05-18,195.0,196.35,193.58,194.63,2369384
2021-05-19,193.61,197.39,193.11,196.51,3070497
2021-05-20,197.16,201.08,196.17,199.53,3494708
2021-05-21,200.0,201.92,199.47,199.88,2579208
2021-05-24,201.0,203.615,200.04,201.02,2074926
2021-05-25,201.43,201.85,199.14,199.22,2919227
2021-05-26,199.23,202.44,198.25,200.99,2891438
2021-05-27,200.65,201.38,195.5,199.2,9340280
2021-05-28,199.12,202.28,198.53,199.74,2386024
2021-06-01,200.32,200.89,196.68,198.42,3070326
2021-06-02,199.01,200.92,198.25,199.13,2030286
2021-06-03,198.99,203.64,198.61,202.7,3066605
2021-06-04,202.79,204.45,201.2902,202.02,2817826
2021-06-07,201.99,233.33,201.83,222.52,17231372
2021-06-08,221.71,222.27,217.37,220.7,4618467
2021-06-09,221.35,226.73,220.26,226.0,4934884
2021-06-10,226.97,235.847,226.25,233.54,5598166
2021-06-11,227.03,229.59,221.56,224.09,5635964
2021-06-14,224.23,226.66,223.02,226.1,2720733
2021-06-15,226.1,226.66,222.87,223.52,2188900
2021-06-16,223.53,224.36,220.2,220.76,2548827
2021-06-17,220.27,223.095,220.27,222.21,1891008
2021-06-18,220.43,221.05,218.32,218.55,4016656
2021-06-21,219.1,223.77,218.08,222.67,3671287
2021-06-22,222.63,223.61,220.5128,221.44,1658943
2021-06-23,222.19,222.24,217.0,217.1,2419664
2021-06-24,234.92,239.37,230.42,232.97,12290462
2021-06-25,233.12,233.4899,229.39,230.22,6992228
2021-06-28,229.0,229.88,226.8784,228.22,2507615
2021-06-29,228.25,231.4,227.85,229.37,1621247
2021-06-30,230.09,230.8459,229.06,229.52,1786736
2021-07-01,229.51,231.5,228.66,231.13,1977362
2021-07-02,231.97,234.21,231.33,233.96,1994140
2021-07-06,233.63,235.575,233.2301,235.42,3125526
2021-07-07,234.68,236.59,233.46,235.82,3141508
2021-07-08,233.83,237.27,232.1,237.12,2431482
2021-07-09,237.17,238.4717,232.75,234.99,4030341
2021-07-12,235.17,238.0,235.15,236.01,2928611
2021-07-13,235.98,236.65,234.03,235.3,1974044
2021-07-14,235.79,237.23,234.73,236.35,2103449
2021-07-15,235.01,235.99,230.69,231.47,3611300
2021-07-16,232.5,233.04,231.21,232.46,2229059
2021-07-19,231.88,234.3,230.57,234.14,2305943
2021-07-20,235.0,237.75,233.935,235.02,2297813
2021-07-21,236.38,237.37,233.59,237.29,1651502
2021-07-22,237.28,239.7,236.37,238.49,1703495
2021-07-23,239.28,244.55,238.56,244.15,2448303
2021-07-26,242.57,245.28,242.57,243.21,2678920
2021-07-27,243.71,244.06,242.66,243.58,2116551
2021-07-28,243.37,248.4,242.64,246.51,1688130
2021-07-29,247.5,248.24,242.2401,245.33,1924383
2021-07-30,244.9,245.95,242.63,243.5,1905119
2021-08-02,245.73,247.885,244.25,246.6,1958943
2021-08-03,244.75,259.37,243.5,255.99,5406183
2021-08-04,256.0,270.65,255.42,262.47,3892600
2021-08-05,263.28,265.51,261.33,264.19,2262446
2021-08-06,263.51,264.27,260.74,263.44,2155214
2021-08-09,264.58,273.04,264.5,267.16,3238463
2021-08-10,266.75,271.08,266.18,269.45,2060223
2021-08-11,269.59,270.94,262.66,263.25,2813289
2021-08-12,263.2,264.535,261.49,263.47,2100876
2021-08-13,263.15,265.69,263.02,264.21,1482410
2021-08-16,264.88,270.26,264.265,269.94,2623287
2021-08-17,271.16,275.87,267.18,272.71,2096073
2021-08-18,272.01,274.76,268.03,268.52,2527494
2021-08-19,266.15,271.8475,265.43,270.4,1901013
2021-08-20,269.38,272.8665,269.06,270.91,1536829
2021-08-23,272.3,272.91,267.7,267.82,2438890
2021-08-24,266.2,267.44,261.78,262.77,3736297
2021-08-25,262.78,264.52,261.29,263.87,2388585
2021-08-26,264.0,265.59,260.58,261.32,1732985
2021-08-27,262.52,263.1257,258.58,259.75,1839899
2021-08-30,261.03,264.07,259.61,262.31,1300723
2021-08-31,262.84,263.635,257.86,258.29,2733435
2021-09-01,258.54,258.77,254.49,257.4,2956822
2021-09-02,257.41,259.73,256.47,259.57,1469713
2021-09-03,260.83,260.99,256.7836,259.53,1124527
2021-09-07,259.0,260.82,254.41,254.8,2403689
2021-09-08,254.6,255.71,253.68,254.84,1542529
2021-09-09,253.29,254.02,239.67,240.0,4976593
2021-09-10,242.2,243.89,238.57,239.5,4633548
2021-09-13,240.04,241.15,235.15,237.96,2832834
2021-09-14,238.72,239.7939,231.98,233.09,3825977
2021-09-15,233.58,239.38,233.06,233.73,2802576
2021-09-16,234.08,234.69,229.73,231.04,2958684
2021-09-17,229.71,230.83,228.23,230.1,4480241
2021-09-20,228.09,232.73,227.29,231.64,2803437
2021-09-21,232.06,233.72,229.74,230.17,2172825
2021-09-22,230.0,231.03,227.58,228.3,2529635
2021-09-23,229.3,234.2,229.01,232.18,1912322
2021-09-24,232.77,235.385,231.34,231.68,1642578
2021-09-27,229.97,231.06,225.613,226.4,2785922
2021-09-28,226.39,226.4,220.2,221.6,3583251
2021-09-29,225.41,231.44,224.56,230.36,3971031
2021-09-30,232.78,237.16,230.8,231.05,3787048
2021-10-01,231.0,231.68,225.45,229.59,2215772
2021-10-04,227.8,230.19,224.22,224.85,4784747
2021-10-05,226.44,232.56,226.1747,230.93,2802025
2021-10-06,230.56,230.85,226.05,227.85,2462722
2021-10-07,229.12,234.11,229.0,233.18,2001803
2021-10-08,233.42,235.81,231.55,233.94,2563117
2021-10-11,236.7,237.99,233.6,233.67,1892511
2021-10-12,234.7,235.07,231.98,232.78,1719458
2021-10-13,234.07,237.92,232.8,236.44,2105892
2021-10-14,237.01,238.44,234.11,236.69,1824765
2021-10-15,237.42,239.2986,235.82,237.88,2598357
2021-10-18,237.95,242.66,236.7,238.98,2545987
2021-10-19,239.06,242.55,239.06,242.31,1573492
2021-10-20,243.73,245.9,243.04,243.72,1537772
2021-10-21,244.95,244.95,239.834,241.17,1717891
2021-10-22,240.96,244.04,239.56,243.75,1960703
2021-10-25,244.66,246.2667,240.52,245.05,2763099
2021-10-26,244.5,248.92,237.09,248.44,4532952
2021-10-27,248.61,254.46,248.32,250.17,3181498
2021-10-28,250.16,256.75,250.08,253.35,3386510
2021-10-29,253.78,256.47,251.77,254.76,3152015
2021-11-01,255.11,256.48,248.05,249.31,2735846
2021-11-02,251.25,259.3,249.4,256.85,3987869
2021-11-03,257.77,266.79,257.76,266.26,4382930
2021-11-04,265.48,271.11,265.27,271.0,4133581
2021-11-05,268.99,269.49,258.56,265.0,3745717
2021-11-08,263.99,266.91,259.155,260.53,2386204
2021-11-09,260.53,262.16,258.39,262.02,1963849
2021-11-10,262.0,266.0,261.6,264.65,2215238
2021-11-11,262.32,264.32,261.95,261.78,1739439
2021-11-12,261.78,262.52,258.93,259.65,1964191
2021-11-15,259.39,259.61,257.16,258.43,1903164
2021-11-16,256.96,260.35,255.99,257.72,2565741
2021-11-17,256.81,264.55,256.07,261.18,2873559
2021-11-18,262.0,263.8,259.82,261.33,1689635
2021-11-19,266.43,270.8,260.3,260.7,2788210
2021-11-22,262.22,263.9899,259.13,260.44,1997790
2021-11-23,259.47,262.76,259.25,261.96,1986326
2021-11-24,262.77,264.94,260.05,262.0,2518580
2021-11-26,261.8,265.88,259.03,260.37,1495480
2021-11-29,260.02,262.32,254.5,254.83,4041677
2021-11-30,253.27,254.0,246.48,248.04,8265918
2021-12-01,249.44,255.2991,247.89,249.13,3241515
2021-12-02,246.52,249.98,245.12,247.88,3817784
2021-12-03,252.13,253.48,243.08,245.58,4169687
2021-12-06,245.92,246.94,241.53,246.33,3491184
2021-12-07,244.24,245.435,241.45,245.11,4035797
2021-12-08,246.61,248.1815,239.47,244.32,3636201
2021-12-09,244.49,245.91,242.75,242.9,2291050
2021-12-10,241.2,244.585,241.2,244.14,2380759
2021-12-13,245.51,250.7,245.46,248.53,3016836
2021-12-14,247.74,250.01,246.39,249.38,3423994
2021-12-15,262.07,275.54,257.2098,275.28,10016675
2021-12-16,275.67,283.905,272.05,279.04,5546435
2021-12-17,276.67,276.67,265.3346,267.42,7588876
2021-12-20,269.23,270.005,260.35,263.48,3479415
2021-12-21,264.0,265.95,260.57,264.88,2702522
2021-12-22,264.74,266.56,262.85,266.5,2720994
2021-12-23,269.05,275.27,266.68,273.1,2632221
2021-12-27,275.04,280.3,274.72,278.41,1677639
2021-12-28,279.34,279.4,275.8901,278.41,1034224
2021-12-29,275.82,279.36,275.74,278.42,1112299
2021-12-30,279.19,280.65,276.37,277.25,1181480
2021-12-31,277.47,278.73,276.01,276.22,1315736
