date,equity,in_position
2016-09-06,100000.0,False
2016-09-07,100000.0,False
2016-09-08,100000.0,False
2016-09-09,100000.0,True
2016-09-12,101434.73368342085,False
2016-09-13,101434.73368342085,False
2016-09-14,101434.73368342085,False
2016-09-15,101434.73368342085,False
2016-09-16,101434.73368342085,False
2016-09-19,101434.73368342085,False
2016-09-20,101434.73368342085,False
2016-09-21,101434.73368342085,False
2016-09-22,101434.73368342085,False
2016-09-23,101434.73368342085,True
2016-09-26,100612.8864500027,True
2016-09-27,101237.4903474005,False
2016-09-28,101237.4903474005,False
2016-09-29,101237.4903474005,False
2016-09-30,101237.4903474005,False
2016-10-03,101237.4903474005,False
2016-10-04,101237.4903474005,False
2016-10-05,101237.4903474005,False
2016-10-06,101237.4903474005,False
2016-10-07,101237.4903474005,False
2016-10-10,101237.4903474005,False
2016-10-11,101237.4903474005,False
2016-10-12,101237.4903474005,False
2016-10-13,101237.4903474005,False
2016-10-14,101237.4903474005,False
2016-10-17,101237.4903474005,True
2016-10-18,101871.47594944421,False
2016-10-19,101871.47594944421,False
2016-10-20,101871.47594944421,False
2016-10-21,101871.47594944421,False
2016-10-24,101871.47594944421,False
2016-10-25,101871.47594944421,False
2016-10-26,101871.47594944421,False
2016-10-27,101871.47594944421,False
2016-10-28,101871.47594944421,False
2016-10-31,101871.47594944421,False
2016-11-01,101871.47594944421,False
2016-11-02,101871.47594944421,False
2016-11-03,101871.47594944421,False
2016-11-04,101871.47594944421,True
2016-11-07,104118.46127367073,False
2016-11-08,104118.46127367073,False
2016-11-09,104118.46127367073,False
2016-11-10,104118.46127367073,False
2016-11-11,104118.46127367073,False
2016-11-14,104118.46127367073,False
2016-11-15,104118.46127367073,False
2016-11-16,104118.46127367073,False
2016-11-17,104118.46127367073,False
2016-11-18,104118.46127367073,False
2016-11-21,104118.46127367073,False
2016-11-22,104118.46127367073,False
2016-11-23,104118.46127367073,False
2016-11-25,104118.46127367073,False
2016-11-28,104118.46127367073,True
2016-11-29,104321.52249622007,True
2016-11-30,104071.23773354299,True
2016-12-01,103688.72705850819,True
2016-12-02,103740.67295264872,True
2016-12-05,104364.02368233506,False
2016-12-06,104364.02368233506,False
2016-12-07,104364.02368233506,False
2016-12-08,104364.02368233506,False
2016-12-09,104364.02368233506,False
2016-12-12,104364.02368233506,False
2016-12-13,104364.02368233506,False
2016-12-14,104364.02368233506,False
2016-12-15,104364.02368233506,True
2016-12-16,104160.36850041104,True
2016-12-19,104387.16631664461,True
2016-12-20,104789.84815363074,False
2016-12-21,104789.84815363074,True
2016-12-22,104608.83189469502,True
2016-12-23,104761.99949840984,False
2016-12-27,104761.99949840984,False
2016-12-28,104761.99949840984,True
2016-12-29,104738.6568068995,True
2016-12-30,104355.83666612991,True
2017-01-03,105154.15671578357,False
2017-01-04,105154.15671578357,False
2017-01-05,105154.15671578357,False
2017-01-06,105154.15671578357,False
2017-01-09,105154.15671578357,False
2017-01-10,105154.15671578357,False
2017-01-11,105154.15671578357,False
2017-01-12,105154.15671578357,False
2017-01-13,105154.15671578357,False
2017-01-17,105154.15671578357,False
2017-01-18,105154.15671578357,False
2017-01-19,105154.15671578357,False
2017-01-20,105154.15671578357,False
2017-01-23,105154.15671578357,False
2017-01-24,105154.15671578357,False
2017-01-25,105154.15671578357,False
2017-01-26,105154.15671578357,False
2017-01-27,105154.15671578357,False
2017-01-30,105154.15671578357,False
2017-01-31,105154.15671578357,False
2017-02-01,105154.15671578357,False
2017-02-02,105154.15671578357,False
2017-02-03,105154.15671578357,False
2017-02-06,105154.15671578357,False
2017-02-07,105154.15671578357,False
2017-02-08,105154.15671578357,False
2017-02-09,105154.15671578357,False
2017-02-10,105154.15671578357,False
2017-02-13,105154.15671578357,False
2017-02-14,105154.15671578357,False
2017-02-15,105154.15671578357,False
2017-02-16,105154.15671578357,False
2017-02-17,105154.15671578357,False
2017-02-21,105154.15671578357,False
2017-02-22,105154.15671578357,False
2017-02-23,105154.15671578357,False
2017-02-24,105154.15671578357,False
2017-02-27,105154.15671578357,False
2017-02-28,105154.15671578357,False
2017-03-01,105154.15671578357,False
2017-03-02,105154.15671578357,True
2017-03-03,105220.3552447942,True
2017-03-06,104907.01554081048,True
2017-03-07,104593.67583682673,True
2017-03-08,104399.49348506216,True
2017-03-09,104531.89054308346,True
2017-03-10,104898.18907027572,False
2017-03-13,104898.18907027572,False
2017-03-14,104898.18907027572,False
2017-03-15,104898.18907027572,False
2017-03-16,104898.18907027572,True
2017-03-17,104717.05591024029,True
2017-03-20,104602.19097948611,True
2017-03-21,103259.15486605266,True
2017-03-22,103502.13837341727,True
2017-03-23,103391.69132461517,True
2017-03-24,103316.58733142975,True
2017-03-27,103210.55816457975,True
2017-03-28,103961.59809643397,False
2017-03-29,103961.59809643397,False
2017-03-30,103961.59809643397,False
2017-03-31,103961.59809643397,False
2017-04-03,103961.59809643397,False
2017-04-04,103961.59809643397,False
2017-04-05,103961.59809643397,True
2017-04-06,104253.8489472034,True
2017-04-07,104147.57591055996,True
2017-04-10,104209.56851526863,True
2017-04-11,104085.5833058513,True
2017-04-12,103629.49485692325,True
2017-04-13,102956.43229151487,True
2017-04-17,103868.60918937097,False
2017-04-18,103868.60918937097,False
2017-04-19,103868.60918937097,False
2017-04-20,103868.60918937097,False
2017-04-21,103868.60918937097,False
2017-04-24,103868.60918937097,False
2017-04-25,103868.60918937097,False
2017-04-26,103868.60918937097,False
2017-04-27,103868.60918937097,False
2017-04-28,103868.60918937097,False
2017-05-01,103868.60918937097,False
2017-05-02,103868.60918937097,False
2017-05-03,103868.60918937097,False
2017-05-04,103868.60918937097,False
2017-05-05,103868.60918937097,False
2017-05-08,103868.60918937097,False
2017-05-09,103868.60918937097,False
2017-05-10,103868.60918937097,False
2017-05-11,103868.60918937097,False
2017-05-12,103868.60918937097,False
2017-05-15,103868.60918937097,False
2017-05-16,103868.60918937097,False
2017-05-17,103868.60918937097,True
2017-05-18,104287.04349829262,True
2017-05-19,104965.34753591297,False
2017-05-22,104965.34753591297,False
2017-05-23,104965.34753591297,False
2017-05-24,104965.34753591297,False
2017-05-25,104965.34753591297,False
2017-05-26,104965.34753591297,False
2017-05-30,104965.34753591297,False
2017-05-31,104965.34753591297,False
2017-06-01,104965.34753591297,False
2017-06-02,104965.34753591297,False
2017-06-05,104965.34753591297,False
2017-06-06,104965.34753591297,True
2017-06-07,105159.55997122056,False
2017-06-08,105159.55997122056,False
2017-06-09,105159.55997122056,False
2017-06-12,105159.55997122056,False
2017-06-13,105159.55997122056,False
2017-06-14,105159.55997122056,False
2017-06-15,105159.55997122056,True
2017-06-16,105182.58274969827,True
2017-06-19,106058.23728792112,False
2017-06-20,106058.23728792112,True
2017-06-21,106032.05114645667,True
2017-06-22,105984.04322043853,True
2017-06-23,106110.60957085,True
2017-06-26,106180.43928142187,True
2017-06-27,105325.02532691661,True
2017-06-28,106267.7264196367,False
2017-06-29,106267.7264196367,False
2017-06-30,106267.7264196367,False
2017-07-03,106267.7264196367,False
2017-07-05,106267.7264196367,False
2017-07-06,106267.7264196367,True
2017-07-07,106956.88731431405,False
2017-07-10,106956.88731431405,False
2017-07-11,106956.88731431405,False
2017-07-12,106956.88731431405,False
2017-07-13,106956.88731431405,False
2017-07-14,106956.88731431405,False
2017-07-17,106956.88731431405,False
2017-07-18,106956.88731431405,False
2017-07-19,106956.88731431405,False
2017-07-20,106956.88731431405,False
2017-07-21,106956.88731431405,False
2017-07-24,106956.88731431405,False
2017-07-25,106956.88731431405,False
2017-07-26,106956.88731431405,False
2017-07-27,106956.88731431405,False
2017-07-28,106956.88731431405,False
2017-07-31,106956.88731431405,False
2017-08-01,106956.88731431405,False
2017-08-02,106956.88731431405,False
2017-08-03,106956.88731431405,False
2017-08-04,106956.88731431405,False
2017-08-07,106956.88731431405,False
2017-08-08,106956.88731431405,False
2017-08-09,106956.88731431405,False
2017-08-10,106956.88731431405,True
2017-08-11,107114.84792898897,True
2017-08-14,108176.69428319244,False
2017-08-15,108176.69428319244,False
2017-08-16,108176.69428319244,False
2017-08-17,108176.69428319244,True
2017-08-18,108007.59171283737,True
2017-08-21,108092.14299801491,True
2017-08-22,109222.4601788093,False
2017-08-23,109222.4601788093,False
2017-08-24,109222.4601788093,False
2017-08-25,109222.4601788093,False
2017-08-28,109222.4601788093,False
2017-08-29,109222.4601788093,False
2017-08-30,109222.4601788093,False
2017-08-31,109222.4601788093,False
2017-09-01,109222.4601788093,False
2017-09-05,109222.4601788093,False
2017-09-06,109222.4601788093,False
2017-09-07,109222.4601788093,False
2017-09-08,109222.4601788093,False
2017-09-11,109222.4601788093,False
2017-09-12,109222.4601788093,False
2017-09-13,109222.4601788093,False
2017-09-14,109222.4601788093,True
2017-09-15,109369.30269899068,True
2017-09-18,109601.91929849493,False
2017-09-19,109601.91929849493,False
2017-09-20,109601.91929849493,False
2017-09-21,109601.91929849493,False
2017-09-22,109601.91929849493,False
2017-09-25,109601.91929849493,False
2017-09-26,109601.91929849493,False
2017-09-27,109601.91929849493,False
2017-09-28,109601.91929849493,False
2017-09-29,109601.91929849493,False
2017-10-02,109601.91929849493,False
2017-10-03,109601.91929849493,False
2017-10-04,109601.91929849493,False
2017-10-05,109601.91929849493,False
2017-10-06,109601.91929849493,False
2017-10-09,109601.91929849493,False
2017-10-10,109601.91929849493,False
2017-10-11,109601.91929849493,False
2017-10-12,109601.91929849493,False
2017-10-13,109601.91929849493,False
2017-10-16,109601.91929849493,False
2017-10-17,109601.91929849493,False
2017-10-18,109601.91929849493,False
2017-10-19,109601.91929849493,False
2017-10-20,109601.91929849493,False
2017-10-23,109601.91929849493,False
2017-10-24,109601.91929849493,False
2017-10-25,109601.91929849493,False
2017-10-26,109601.91929849493,False
2017-10-27,109601.91929849493,False
2017-10-30,109601.91929849493,False
2017-10-31,109601.91929849493,False
2017-11-01,109601.91929849493,False
2017-11-02,109601.91929849493,False
2017-11-03,109601.91929849493,False
2017-11-06,109601.91929849493,False
2017-11-07,109601.91929849493,False
2017-11-08,109601.91929849493,False
2017-11-09,109601.91929849493,False
2017-11-10,109601.91929849493,False
2017-11-13,109601.91929849493,False
2017-11-14,109601.91929849493,False
2017-11-15,109601.91929849493,False
2017-11-16,109601.91929849493,False
2017-11-17,109601.91929849493,False
2017-11-20,109601.91929849493,False
2017-11-21,109601.91929849493,False
2017-11-22,109601.91929849493,False
2017-11-24,109601.91929849493,False
2017-11-27,109601.91929849493,False
2017-11-28,109601.91929849493,False
2017-11-29,109601.91929849493,False
2017-11-30,109601.91929849493,False
2017-12-01,109601.91929849493,False
2017-12-04,109601.91929849493,False
2017-12-05,109601.91929849493,True
2017-12-06,109583.18641827603,True
2017-12-07,109928.7039867579,False
2017-12-08,109928.7039867579,False
2017-12-11,109928.7039867579,False
2017-12-12,109928.7039867579,False
2017-12-13,109928.7039867579,False
2017-12-14,109928.7039867579,True
2017-12-15,110847.89594971943,True
2017-12-18,111550.80745080767,False
2017-12-19,111550.80745080767,True
2017-12-20,111492.35360852329,True
2017-12-21,111721.99370321186,True
2017-12-22,111692.76678206968,True
2017-12-26,111559.15799970542,True
2017-12-27,111613.4365675409,True
2017-12-28,111843.07666222948,False
2017-12-29,111843.07666222948,False
2018-01-02,111843.07666222948,False
2018-01-03,111843.07666222948,False
2018-01-04,111843.07666222948,False
2018-01-05,111843.07666222948,False
2018-01-08,111843.07666222948,False
2018-01-09,111843.07666222948,False
2018-01-10,111843.07666222948,False
2018-01-11,111843.07666222948,False
2018-01-12,111843.07666222948,False
2018-01-16,111843.07666222948,False
2018-01-17,111843.07666222948,False
2018-01-18,111843.07666222948,False
2018-01-19,111843.07666222948,False
2018-01-22,111843.07666222948,False
2018-01-23,111843.07666222948,False
2018-01-24,111843.07666222948,False
2018-01-25,111843.07666222948,False
2018-01-26,111843.07666222948,False
2018-01-29,111843.07666222948,False
2018-01-30,111843.07666222948,False
2018-01-31,111843.07666222948,False
2018-02-01,111843.07666222948,False
2018-02-02,111843.07666222948,True
2018-02-05,107165.52268456064,True
2018-02-06,109276.91857725837,True
2018-02-07,108684.10357661633,True
2018-02-08,104607.48535302299,True
2018-02-09,106178.85114239612,True
2018-02-12,107738.03580161906,False
2018-02-13,107738.03580161906,False
2018-02-14,107738.03580161906,False
2018-02-15,107738.03580161906,False
2018-02-16,107738.03580161906,False
2018-02-20,107738.03580161906,False
2018-02-21,107738.03580161906,True
2018-02-22,107877.67036014734,True
2018-02-23,109597.17020945295,False
2018-02-26,109597.17020945295,False
2018-02-27,109597.17020945295,True
2018-02-28,108486.94125058445,True
2018-03-01,106909.45765794757,True
2018-03-02,107460.57850803336,True
2018-03-05,108702.59723540064,False
2018-03-06,108702.59723540064,False
2018-03-07,108702.59723540064,False
2018-03-08,108702.59723540064,False
2018-03-09,108702.59723540064,False
2018-03-12,108702.59723540064,False
2018-03-13,108702.59723540064,False
2018-03-14,108702.59723540064,False
2018-03-15,108702.59723540064,True
2018-03-16,108821.65813051061,True
2018-03-19,107349.27172765067,True
2018-03-20,107531.83176681929,True
2018-03-21,107325.45954862869,True
2018-03-22,104642.62071215075,True
2018-03-23,102412.21327709068,True
2018-03-26,105214.11300867859,False
2018-03-27,105214.11300867859,False
2018-03-28,105214.11300867859,False
2018-03-29,105214.11300867859,False
2018-04-02,105214.11300867859,False
2018-04-03,105214.11300867859,False
2018-04-04,105214.11300867859,False
2018-04-05,105214.11300867859,False
2018-04-06,105214.11300867859,False
2018-04-09,105214.11300867859,False
2018-04-10,105214.11300867859,False
2018-04-11,105214.11300867859,False
2018-04-12,105214.11300867859,False
2018-04-13,105214.11300867859,False
2018-04-16,105214.11300867859,False
2018-04-17,105214.11300867859,False
2018-04-18,105214.11300867859,False
2018-04-19,105214.11300867859,False
2018-04-20,105214.11300867859,False
2018-04-23,105214.11300867859,False
2018-04-24,105214.11300867859,False
2018-04-25,105214.11300867859,False
2018-04-26,105214.11300867859,False
2018-04-27,105214.11300867859,False
2018-04-30,105214.11300867859,True
2018-05-01,105401.06485592097,True
2018-05-02,104693.03445572645,True
2018-05-03,104462.32792083162,True
2018-05-04,105814.74553918066,False
2018-05-07,105814.74553918066,False
2018-05-08,105814.74553918066,False
2018-05-09,105814.74553918066,False
2018-05-10,105814.74553918066,False
2018-05-11,105814.74553918066,False
2018-05-14,105814.74553918066,False
2018-05-15,105814.74553918066,False
2018-05-16,105814.74553918066,False
2018-05-17,105814.74553918066,False
2018-05-18,105814.74553918066,False
2018-05-21,105814.74553918066,False
2018-05-22,105814.74553918066,False
2018-05-23,105814.74553918066,False
2018-05-24,105814.74553918066,False
2018-05-25,105814.74553918066,False
2018-05-29,105814.74553918066,False
2018-05-30,105814.74553918066,False
2018-05-31,105814.74553918066,False
2018-06-01,105814.74553918066,False
2018-06-04,105814.74553918066,False
2018-06-05,105814.74553918066,False
2018-06-06,105814.74553918066,False
2018-06-07,105814.74553918066,False
2018-06-08,105814.74553918066,False
2018-06-11,105814.74553918066,False
2018-06-12,105814.74553918066,False
2018-06-13,105814.74553918066,False
2018-06-14,105814.74553918066,True
2018-06-15,105681.27588032698,True
2018-06-18,105463.91100733675,True
2018-06-19,105059.68861195138,True
2018-06-20,105238.91929669773,False
2018-06-21,105238.91929669773,False
2018-06-22,105238.91929669773,False
2018-06-25,105238.91929669773,False
2018-06-26,105238.91929669773,False
2018-06-27,105238.91929669773,True
2018-06-28,105840.61944786503,True
2018-06-29,105992.99805757622,True
2018-07-02,106219.61240022366,True
2018-07-03,105844.52659170378,True
2018-07-05,106708.00538006726,False
2018-07-06,106708.00538006726,False
2018-07-09,106708.00538006726,False
2018-07-10,106708.00538006726,False
2018-07-11,106708.00538006726,False
2018-07-12,106708.00538006726,False
2018-07-13,106708.00538006726,False
2018-07-16,106708.00538006726,False
2018-07-17,106708.00538006726,False
2018-07-18,106708.00538006726,False
2018-07-19,106708.00538006726,False
2018-07-20,106708.00538006726,False
2018-07-23,106708.00538006726,False
2018-07-24,106708.00538006726,False
2018-07-25,106708.00538006726,False
2018-07-26,106708.00538006726,False
2018-07-27,106708.00538006726,False
2018-07-30,106708.00538006726,False
2018-07-31,106708.00538006726,False
2018-08-01,106708.00538006726,False
2018-08-02,106708.00538006726,False
2018-08-03,106708.00538006726,False
2018-08-06,106708.00538006726,False
2018-08-07,106708.00538006726,False
2018-08-08,106708.00538006726,False
2018-08-09,106708.00538006726,False
2018-08-10,106708.00538006726,False
2018-08-13,106708.00538006726,False
2018-08-14,106708.00538006726,False
2018-08-15,106708.00538006726,False
2018-08-16,106708.00538006726,False
2018-08-17,106708.00538006726,False
2018-08-20,106708.00538006726,False
2018-08-21,106708.00538006726,False
2018-08-22,106708.00538006726,False
2018-08-23,106708.00538006726,False
2018-08-24,106708.00538006726,False
2018-08-27,106708.00538006726,False
2018-08-28,106708.00538006726,False
2018-08-29,106708.00538006726,False
2018-08-30,106708.00538006726,False
2018-08-31,106708.00538006726,False
2018-09-04,106708.00538006726,False
2018-09-05,106708.00538006726,False
2018-09-06,106708.00538006726,False
2018-09-07,106708.00538006726,False
2018-09-10,106708.00538006726,False
2018-09-11,106708.00538006726,False
2018-09-12,106708.00538006726,False
2018-09-13,106708.00538006726,False
2018-09-14,106708.00538006726,False
2018-09-17,106708.00538006726,False
2018-09-18,106708.00538006726,False
2018-09-19,106708.00538006726,False
2018-09-20,106708.00538006726,False
2018-09-21,106708.00538006726,False
2018-09-24,106708.00538006726,False
2018-09-25,106708.00538006726,False
2018-09-26,106708.00538006726,False
2018-09-27,106708.00538006726,False
2018-09-28,106708.00538006726,False
2018-10-01,106708.00538006726,False
2018-10-02,106708.00538006726,False
2018-10-03,106708.00538006726,False
2018-10-04,106708.00538006726,False
2018-10-05,106708.00538006726,False
2018-10-08,106708.00538006726,False
2018-10-09,106708.00538006726,False
2018-10-10,106708.00538006726,True
2018-10-11,104357.59189469244,True
2018-10-12,105806.94963934444,True
2018-10-15,105212.63627844215,True
2018-10-16,107513.20412709613,False
2018-10-17,107513.20412709613,False
2018-10-18,107513.20412709613,False
2018-10-19,107513.20412709613,False
2018-10-22,107513.20412709613,False
2018-10-23,107513.20412709613,False
2018-10-24,107513.20412709613,True
2018-10-25,109442.05552030048,True
2018-10-26,107517.25633590539,True
2018-10-29,106921.58164094524,True
2018-10-30,108505.99528536308,False
2018-10-31,108505.99528536308,False
2018-11-01,108505.99528536308,False
2018-11-02,108505.99528536308,False
2018-11-05,108505.99528536308,False
2018-11-06,108505.99528536308,False
2018-11-07,108505.99528536308,False
2018-11-08,108505.99528536308,False
2018-11-09,108505.99528536308,False
2018-11-12,108505.99528536308,True
2018-11-13,108302.97199741674,True
2018-11-14,107562.53412373006,True
2018-11-15,108685.13348060985,False
2018-11-16,108685.13348060985,False
2018-11-19,108685.13348060985,False
2018-11-20,108685.13348060985,True
2018-11-21,109055.48264058465,True
2018-11-23,108327.12929263418,True
2018-11-26,110076.00032584861,False
2018-11-27,110076.00032584861,False
2018-11-28,110076.00032584861,False
2018-11-29,110076.00032584861,False
2018-11-30,110076.00032584861,False
2018-12-03,110076.00032584861,False
2018-12-04,110076.00032584861,True
2018-12-06,109909.00250851798,True
2018-12-07,107355.15783860839,True
2018-12-10,107558.81371340182,True
2018-12-11,107583.25241837703,True
2018-12-12,108124.97704532754,True
2018-12-13,108088.31898786474,True
2018-12-14,106092.49141488914,True
2018-12-17,104011.12837450029,True
2018-12-18,103897.08108461596,True
2018-12-19,102341.15020119415,True
2018-12-20,100088.71622597883,True
2018-12-21,98039.93812555693,True
2018-12-24,95449.4353981845,True
2018-12-26,100272.00651329292,False
2018-12-27,100272.00651329292,False
2018-12-28,100272.00651329292,False
2018-12-31,100272.00651329292,False
2019-01-02,100272.00651329292,False
2019-01-03,100272.00651329292,True
2019-01-04,103630.6937631137,False
2019-01-07,103630.6937631137,False
2019-01-08,103630.6937631137,False
2019-01-09,103630.6937631137,False
2019-01-10,103630.6937631137,False
2019-01-11,103630.6937631137,False
2019-01-14,103630.6937631137,False
2019-01-15,103630.6937631137,False
2019-01-16,103630.6937631137,False
2019-01-17,103630.6937631137,False
2019-01-18,103630.6937631137,False
2019-01-22,103630.6937631137,False
2019-01-23,103630.6937631137,False
2019-01-24,103630.6937631137,False
2019-01-25,103630.6937631137,False
2019-01-28,103630.6937631137,False
2019-01-29,103630.6937631137,False
2019-01-30,103630.6937631137,False
2019-01-31,103630.6937631137,False
2019-02-01,103630.6937631137,False
2019-02-04,103630.6937631137,False
2019-02-05,103630.6937631137,False
2019-02-06,103630.6937631137,False
2019-02-07,103630.6937631137,False
2019-02-08,103630.6937631137,False
2019-02-11,103630.6937631137,False
2019-02-12,103630.6937631137,False
2019-02-13,103630.6937631137,False
2019-02-14,103630.6937631137,False
2019-02-15,103630.6937631137,False
2019-02-19,103630.6937631137,False
2019-02-20,103630.6937631137,False
2019-02-21,103630.6937631137,False
2019-02-22,103630.6937631137,False
2019-02-25,103630.6937631137,False
2019-02-26,103630.6937631137,False
2019-02-27,103630.6937631137,False
2019-02-28,103630.6937631137,False
2019-03-01,103630.6937631137,False
2019-03-04,103630.6937631137,False
2019-03-05,103630.6937631137,False
2019-03-06,103630.6937631137,False
2019-03-07,103630.6937631137,False
2019-03-08,103630.6937631137,False
2019-03-11,103630.6937631137,False
2019-03-12,103630.6937631137,False
2019-03-13,103630.6937631137,False
2019-03-14,103630.6937631137,True
2019-03-15,104145.29316412372,True
2019-03-18,104522.91286846201,False
2019-03-19,104522.91286846201,False
2019-03-20,104522.91286846201,False
2019-03-21,104522.91286846201,False
2019-03-22,104522.91286846201,True
2019-03-25,104444.31014079011,True
2019-03-26,105222.85144344508,False
2019-03-27,105222.85144344508,False
2019-03-28,105222.85144344508,False
2019-03-29,105222.85144344508,False
2019-04-01,105222.85144344508,False
2019-04-02,105222.85144344508,False
2019-04-03,105222.85144344508,False
2019-04-04,105222.85144344508,False
2019-04-05,105222.85144344508,False
2019-04-08,105222.85144344508,False
2019-04-09,105222.85144344508,False
2019-04-10,105222.85144344508,False
2019-04-11,105222.85144344508,False
2019-04-12,105222.85144344508,False
2019-04-15,105222.85144344508,False
2019-04-16,105222.85144344508,False
2019-04-17,105222.85144344508,False
2019-04-18,105222.85144344508,False
2019-04-22,105222.85144344508,False
2019-04-23,105222.85144344508,False
2019-04-24,105222.85144344508,False
2019-04-25,105222.85144344508,False
2019-04-26,105222.85144344508,False
2019-04-29,105222.85144344508,False
2019-04-30,105222.85144344508,False
2019-05-01,105222.85144344508,True
2019-05-02,104995.68172201891,True
2019-05-03,106023.35427132776,False
2019-05-06,106023.35427132776,False
2019-05-07,106023.35427132776,False
2019-05-08,106023.35427132776,False
2019-05-09,106023.35427132776,False
2019-05-10,106023.35427132776,False
2019-05-13,106023.35427132776,False
2019-05-14,106023.35427132776,False
2019-05-15,106023.35427132776,False
2019-05-16,106023.35427132776,False
2019-05-17,106023.35427132776,False
2019-05-20,106023.35427132776,False
2019-05-21,106023.35427132776,False
2019-05-22,106023.35427132776,False
2019-05-23,106023.35427132776,False
2019-05-24,106023.35427132776,False
2019-05-28,106023.35427132776,True
2019-05-29,105311.86433368686,True
2019-05-30,105599.48792549912,True
2019-05-31,104176.50805021735,True
2019-06-03,103911.59158407447,True
2019-06-04,106167.16606723389,False
2019-06-05,106167.16606723389,False
2019-06-06,106167.16606723389,False
2019-06-07,106167.16606723389,False
2019-06-10,106167.16606723389,False
2019-06-11,106167.16606723389,False
2019-06-12,106167.16606723389,False
2019-06-13,106167.16606723389,False
2019-06-14,106167.16606723389,False
2019-06-17,106167.16606723389,False
2019-06-18,106167.16606723389,False
2019-06-19,106167.16606723389,False
2019-06-20,106167.16606723389,False
2019-06-21,106167.16606723389,False
2019-06-24,106167.16606723389,True
2019-06-25,105125.88613849926,True
2019-06-26,105021.0350345642,True
2019-06-27,105393.43723129913,True
2019-06-28,105935.77052751508,False
2019-07-01,105935.77052751508,False
2019-07-02,105935.77052751508,False
2019-07-03,105935.77052751508,False
2019-07-05,105935.77052751508,False
2019-07-08,105935.77052751508,False
2019-07-09,105935.77052751508,False
2019-07-10,105935.77052751508,False
2019-07-11,105935.77052751508,False
2019-07-12,105935.77052751508,False
2019-07-15,105935.77052751508,False
2019-07-16,105935.77052751508,False
2019-07-17,105935.77052751508,True
2019-07-18,106323.59208281497,True
2019-07-19,105732.96476006467,True
2019-07-22,105992.69846223798,True
2019-07-23,106750.55159323687,False
2019-07-24,106750.55159323687,False
2019-07-25,106750.55159323687,False
2019-07-26,106750.55159323687,False
2019-07-29,106750.55159323687,False
2019-07-30,106750.55159323687,False
2019-07-31,106750.55159323687,False
2019-08-01,106750.55159323687,False
2019-08-02,106750.55159323687,False
2019-08-05,106750.55159323687,False
2019-08-06,106750.55159323687,False
2019-08-07,106750.55159323687,False
2019-08-08,106750.55159323687,False
2019-08-09,106750.55159323687,False
2019-08-12,106750.55159323687,False
2019-08-13,106750.55159323687,False
2019-08-14,106750.55159323687,True
2019-08-15,107032.56256081324,True
2019-08-16,108611.82397924084,False
2019-08-19,108611.82397924084,False
2019-08-20,108611.82397924084,True
2019-08-21,109495.42529121647,False
2019-08-22,109495.42529121647,False
2019-08-23,109495.42529121647,False
2019-08-26,109495.42529121647,False
2019-08-27,109495.42529121647,False
2019-08-28,109495.42529121647,False
2019-08-29,109495.42529121647,False
2019-08-30,109495.42529121647,False
2019-09-03,109495.42529121647,False
2019-09-04,109495.42529121647,False
2019-09-05,109495.42529121647,False
2019-09-06,109495.42529121647,False
2019-09-09,109495.42529121647,False
2019-09-10,109495.42529121647,False
2019-09-11,109495.42529121647,False
2019-09-12,109495.42529121647,False
2019-09-13,109495.42529121647,False
2019-09-16,109495.42529121647,False
2019-09-17,109495.42529121647,False
2019-09-18,109495.42529121647,False
2019-09-19,109495.42529121647,False
2019-09-20,109495.42529121647,False
2019-09-23,109495.42529121647,False
2019-09-24,109495.42529121647,False
2019-09-25,109495.42529121647,False
2019-09-26,109495.42529121647,False
2019-09-27,109495.42529121647,False
2019-09-30,109495.42529121647,False
2019-10-01,109495.42529121647,True
2019-10-02,107561.2201929744,True
2019-10-03,108442.44104854415,False
2019-10-04,108442.44104854415,False
2019-10-07,108442.44104854415,False
2019-10-08,108442.44104854415,True
2019-10-09,109472.25523934931,False
2019-10-10,109472.25523934931,False
2019-10-11,109472.25523934931,False
2019-10-14,109472.25523934931,False
2019-10-15,109472.25523934931,False
2019-10-16,109472.25523934931,False
2019-10-17,109472.25523934931,False
2019-10-18,109472.25523934931,False
2019-10-21,109472.25523934931,False
2019-10-22,109472.25523934931,True
2019-10-23,109790.77589771604,True
2019-10-24,109970.17259035938,False
2019-10-25,109970.17259035938,False
2019-10-28,109970.17259035938,False
2019-10-29,109970.17259035938,False
2019-10-30,109970.17259035938,False
2019-10-31,109970.17259035938,False
2019-11-01,109970.17259035938,False
2019-11-04,109970.17259035938,False
2019-11-05,109970.17259035938,False
2019-11-06,109970.17259035938,False
2019-11-07,109970.17259035938,False
2019-11-08,109970.17259035938,False
2019-11-11,109970.17259035938,False
2019-11-12,109970.17259035938,False
2019-11-13,109970.17259035938,False
2019-11-14,109970.17259035938,False
2019-11-15,109970.17259035938,False
2019-11-18,109970.17259035938,False
2019-11-19,109970.17259035938,False
2019-11-20,109970.17259035938,False
2019-11-21,109970.17259035938,False
2019-11-22,109970.17259035938,False
2019-11-25,109970.17259035938,False
2019-11-26,109970.17259035938,False
2019-11-27,109970.17259035938,False
2019-11-29,109970.17259035938,False
2019-12-02,109970.17259035938,False
2019-12-03,109970.17259035938,False
2019-12-04,109970.17259035938,False
2019-12-05,109970.17259035938,False
2019-12-06,109970.17259035938,False
2019-12-09,109970.17259035938,True
2019-12-10,109847.54750941561,True
2019-12-11,110159.3655723869,False
2019-12-12,110159.3655723869,False
2019-12-13,110159.3655723869,False
2019-12-16,110159.3655723869,False
2019-12-17,110159.3655723869,False
2019-12-18,110159.3655723869,False
2019-12-19,110159.3655723869,True
2019-12-20,110642.32052612798,True
2019-12-23,110811.35596733337,False
2019-12-24,110811.35596733337,False
2019-12-26,110811.35596733337,False
2019-12-27,110811.35596733337,False
2019-12-30,110811.35596733337,False
2019-12-31,110811.35596733337,False
2020-01-02,110811.35596733337,False
2020-01-03,110811.35596733337,False
2020-01-06,110811.35596733337,False
2020-01-07,110811.35596733337,False
2020-01-08,110811.35596733337,False
2020-01-09,110811.35596733337,False
2020-01-10,110811.35596733337,False
2020-01-13,110811.35596733337,False
2020-01-14,110811.35596733337,False
2020-01-15,110811.35596733337,False
2020-01-16,110811.35596733337,False
2020-01-17,110811.35596733337,False
2020-01-21,110811.35596733337,False
2020-01-22,110811.35596733337,False
2020-01-23,110811.35596733337,False
2020-01-24,110811.35596733337,False
2020-01-27,110811.35596733337,True
2020-01-28,111972.56306696012,False
2020-01-29,111972.56306696012,False
2020-01-30,111972.56306696012,False
2020-01-31,111972.56306696012,False
2020-02-03,111972.56306696012,False
2020-02-04,111972.56306696012,False
2020-02-05,111972.56306696012,False
2020-02-06,111972.56306696012,False
2020-02-07,111972.56306696012,False
2020-02-10,111972.56306696012,False
2020-02-11,111972.56306696012,False
2020-02-12,111972.56306696012,False
2020-02-13,111972.56306696012,False
2020-02-14,111972.56306696012,False
2020-02-18,111972.56306696012,False
2020-02-19,111972.56306696012,False
2020-02-20,111972.56306696012,False
2020-02-21,111972.56306696012,False
2020-02-24,111972.56306696012,True
2020-02-25,108579.56033399007,True
2020-02-26,108180.17925487897,True
2020-02-27,103321.62160551858,True
2020-02-28,102887.51173691955,True
2020-03-02,107343.21542822002,False
2020-03-03,107343.21542822002,False
2020-03-04,107343.21542822002,False
2020-03-05,107343.21542822002,False
2020-03-06,107343.21542822002,False
2020-03-09,107343.21542822002,True
2020-03-10,112897.67783906654,False
2020-03-11,112897.67783906654,False
2020-03-12,112897.67783906654,True
2020-03-13,122548.87991462415,False
2020-03-16,122548.87991462415,True
2020-03-17,129165.54864464035,False
2020-03-18,129165.54864464035,False
2020-03-19,129165.54864464035,False
2020-03-20,129165.54864464034,True
2020-03-23,125863.02041224895,True
2020-03-24,137266.62217195934,False
2020-03-25,137266.62217195934,False
2020-03-26,137266.62217195934,False
2020-03-27,137266.62217195934,False
2020-03-30,137266.62217195934,False
2020-03-31,137266.62217195934,False
2020-04-01,137266.62217195934,False
2020-04-02,137266.62217195934,False
2020-04-03,137266.62217195934,False
2020-04-06,137266.62217195934,False
2020-04-07,137266.62217195934,False
2020-04-08,137266.62217195934,False
2020-04-09,137266.62217195934,False
2020-04-13,137266.62217195934,False
2020-04-14,137266.62217195934,False
2020-04-15,137266.62217195934,False
2020-04-16,137266.62217195934,False
2020-04-17,137266.62217195934,False
2020-04-20,137266.62217195934,True
2020-04-21,133098.75534582828,True
2020-04-22,136052.82235943698,False
2020-04-23,136052.82235943698,False
2020-04-24,136052.82235943698,False
2020-04-27,136052.82235943698,False
2020-04-28,136052.82235943698,False
2020-04-29,136052.82235943698,False
2020-04-30,136052.82235943698,False
2020-05-01,136052.82235943698,False
2020-05-04,136052.82235943698,False
2020-05-05,136052.82235943698,False
2020-05-06,136052.82235943698,True
2020-05-07,137694.55034780237,True
2020-05-08,139972.8667398197,False
2020-05-11,139972.8667398197,False
2020-05-12,139972.8667398197,True
2020-05-13,137497.32889361714,True
2020-05-14,139142.80474010683,False
2020-05-15,139142.80474010683,False
2020-05-18,139142.80474010683,False
2020-05-19,139142.80474010683,True
2020-05-20,141506.56920738405,False
2020-05-21,141506.56920738405,False
2020-05-22,141506.56920738405,False
2020-05-26,141506.56920738405,False
2020-05-27,141506.56920738405,False
2020-05-28,141506.56920738405,False
2020-05-29,141506.56920738405,False
2020-06-01,141506.56920738405,False
2020-06-02,141506.56920738405,False
2020-06-03,141506.56920738405,False
2020-06-04,141506.56920738405,False
2020-06-05,141506.56920738405,False
2020-06-08,141506.56920738405,False
2020-06-09,141506.56920738405,False
2020-06-10,141506.56920738405,False
2020-06-11,141506.56920738405,True
2020-06-12,143201.2022839503,True
2020-06-15,144538.07948879703,False
2020-06-16,144538.07948879703,False
2020-06-17,144538.07948879703,False
2020-06-18,144538.07948879703,False
2020-06-19,144538.07948879703,False
2020-06-22,144538.07948879703,False
2020-06-23,144538.07948879703,False
2020-06-24,144538.07948879703,False
2020-06-25,144538.07948879703,False
2020-06-26,144538.07948879703,True
2020-06-29,146662.43519799746,False
2020-06-30,146662.43519799746,False
2020-07-01,146662.43519799746,False
2020-07-02,146662.43519799746,False
2020-07-06,146662.43519799746,False
2020-07-07,146662.43519799746,True
2020-07-08,147784.20791925184,False
2020-07-09,147784.20791925184,False
2020-07-10,147784.20791925184,False
2020-07-13,147784.20791925184,False
2020-07-14,147784.20791925184,False
2020-07-15,147784.20791925184,False
2020-07-16,147784.20791925184,False
2020-07-17,147784.20791925184,False
2020-07-20,147784.20791925184,False
2020-07-21,147784.20791925184,False
2020-07-22,147784.20791925184,False
2020-07-23,147784.20791925184,False
2020-07-24,147784.20791925184,False
2020-07-27,147784.20791925184,False
2020-07-28,147784.20791925184,False
2020-07-29,147784.20791925184,False
2020-07-30,147784.20791925184,False
2020-07-31,147784.20791925184,False
2020-08-03,147784.20791925184,False
2020-08-04,147784.20791925184,False
2020-08-05,147784.20791925184,False
2020-08-06,147784.20791925184,False
2020-08-07,147784.20791925184,False
2020-08-10,147784.20791925184,False
2020-08-11,147784.20791925184,False
2020-08-12,147784.20791925184,False
2020-08-13,147784.20791925184,False
2020-08-14,147784.20791925184,False
2020-08-17,147784.20791925184,False
2020-08-18,147784.20791925184,False
2020-08-19,147784.20791925184,False
2020-08-20,147784.20791925184,False
2020-08-21,147784.20791925184,False
2020-08-24,147784.20791925184,False
2020-08-25,147784.20791925184,False
2020-08-26,147784.20791925184,False
2020-08-27,147784.20791925184,False
2020-08-28,147784.20791925184,False
2020-08-31,147784.20791925184,False
2020-09-01,147784.20791925184,False
2020-09-02,147784.20791925184,False
2020-09-03,147784.20791925184,False
2020-09-04,147784.20791925184,False
2020-09-08,147784.20791925184,True
2020-09-09,150702.54796939646,False
2020-09-10,150702.54796939646,False
2020-09-11,150702.54796939646,False
2020-09-14,150702.54796939646,False
2020-09-15,150702.54796939646,False
2020-09-16,150702.54796939646,True
2020-09-17,148781.41740083386,True
2020-09-18,147068.64260102986,True
2020-09-21,145431.82843265912,True
2020-09-22,146912.9673404511,False
2020-09-23,146912.9673404511,True
2020-09-24,147304.56525736404,True
2020-09-25,149686.0270078927,False
2020-09-28,149686.0270078927,False
2020-09-29,149686.0270078927,False
2020-09-30,149686.0270078927,False
2020-10-01,149686.0270078927,False
2020-10-02,149686.0270078927,False
2020-10-05,149686.0270078927,False
2020-10-06,149686.0270078927,True
2020-10-07,152291.55514050552,False
2020-10-08,152291.55514050552,False
2020-10-09,152291.55514050552,False
2020-10-12,152291.55514050552,False
2020-10-13,152291.55514050552,False
2020-10-14,152291.55514050552,False
2020-10-15,152291.55514050552,False
2020-10-16,152291.55514050552,False
2020-10-19,152291.55514050552,True
2020-10-20,152901.59411756025,True
2020-10-21,152612.1595664029,True
2020-10-22,153449.29334513497,True
2020-10-23,153970.2755372182,False
2020-10-26,153970.2755372182,False
2020-10-27,153970.2755372182,False
2020-10-28,153970.2755372182,True
2020-10-29,155535.14823293718,True
2020-10-30,153913.71387351752,True
2020-11-02,155638.84461638844,False
2020-11-03,155638.84461638844,False
2020-11-04,155638.84461638844,False
2020-11-05,155638.84461638844,False
2020-11-06,155638.84461638844,False
2020-11-09,155638.84461638844,False
2020-11-10,155638.84461638844,False
2020-11-11,155638.84461638844,False
2020-11-12,155638.84461638844,False
2020-11-13,155638.84461638844,False
2020-11-16,155638.84461638844,False
2020-11-17,155638.84461638844,False
2020-11-18,155638.84461638844,True
2020-11-19,156294.11088708727,True
2020-11-20,155223.84264494583,True
2020-11-23,156154.3207493382,True
2020-11-24,158670.54322882177,False
2020-11-25,158670.54322882177,False
2020-11-27,158670.54322882177,False
2020-11-30,158670.54322882177,False
2020-12-01,158670.54322882177,False
2020-12-02,158670.54322882177,False
2020-12-03,158670.54322882177,False
2020-12-04,158670.54322882177,False
2020-12-07,158670.54322882177,False
2020-12-08,158670.54322882177,False
2020-12-09,158670.54322882177,False
2020-12-10,158670.54322882177,False
2020-12-11,158670.54322882177,False
2020-12-14,158670.54322882177,False
2020-12-15,158670.54322882177,False
2020-12-16,158670.54322882177,False
2020-12-17,158670.54322882177,False
2020-12-18,158670.54322882177,False
2020-12-21,158670.54322882177,False
2020-12-22,158670.54322882177,False
2020-12-23,158670.54322882177,False
2020-12-24,158670.54322882177,False
2020-12-28,158670.54322882177,False
2020-12-29,158670.54322882177,False
2020-12-30,158670.54322882177,False
2020-12-31,158670.54322882177,False
2021-01-04,158670.54322882177,False
2021-01-05,158670.54322882177,False
2021-01-06,158670.54322882177,False
2021-01-07,158670.54322882177,False
2021-01-08,158670.54322882177,False
2021-01-11,158670.54322882177,False
2021-01-12,158670.54322882177,False
2021-01-13,158670.54322882177,False
2021-01-14,158670.54322882177,False
2021-01-15,158670.54322882177,False
2021-01-19,158670.54322882177,False
2021-01-20,158670.54322882177,False
2021-01-21,158670.54322882177,False
2021-01-22,158670.54322882177,False
2021-01-25,158670.54322882177,False
2021-01-26,158670.54322882177,False
2021-01-27,158670.54322882177,False
2021-01-28,158670.54322882177,False
2021-01-29,158670.54322882177,False
2021-02-01,158670.54322882177,False
2021-02-02,158670.54322882177,False
2021-02-03,158670.54322882177,False
2021-02-04,158670.54322882177,False
2021-02-05,158670.54322882177,False
2021-02-08,158670.54322882177,False
2021-02-09,158670.54322882177,False
2021-02-10,158670.54322882177,False
2021-02-11,158670.54322882177,False
2021-02-12,158670.54322882177,False
2021-02-16,158670.54322882177,False
2021-02-17,158670.54322882177,False
2021-02-18,158670.54322882177,False
2021-02-19,158670.54322882177,False
2021-02-22,158670.54322882177,True
2021-02-23,158863.22895167928,False
2021-02-24,158863.22895167928,False
2021-02-25,158863.22895167928,False
2021-02-26,158863.22895167928,False
2021-03-01,158863.22895167928,False
2021-03-02,158863.22895167928,False
2021-03-03,158863.22895167928,True
2021-03-04,156897.3266899942,True
2021-03-05,159783.70437505303,False
2021-03-08,159783.70437505303,False
2021-03-09,159783.70437505303,False
2021-03-10,159783.70437505303,False
2021-03-11,159783.70437505303,False
2021-03-12,159783.70437505303,False
2021-03-15,159783.70437505303,False
2021-03-16,159783.70437505303,False
2021-03-17,159783.70437505303,False
2021-03-18,159783.70437505303,True
2021-03-19,159487.96696973,True
2021-03-22,160761.47928686018,False
2021-03-23,160761.47928686018,False
2021-03-24,160761.47928686018,True
2021-03-25,161665.8455772332,True
2021-03-26,164271.08424858304,False
2021-03-29,164271.08424858304,False
2021-03-30,164271.08424858304,False
2021-03-31,164271.08424858304,False
2021-04-01,164271.08424858304,False
2021-04-05,164271.08424858304,False
2021-04-06,164271.08424858304,False
2021-04-07,164271.08424858304,False
2021-04-08,164271.08424858304,False
2021-04-09,164271.08424858304,False
2021-04-12,164271.08424858304,False
2021-04-13,164271.08424858304,False
2021-04-14,164271.08424858304,False
2021-04-15,164271.08424858304,False
2021-04-16,164271.08424858304,False
2021-04-19,164271.08424858304,False
2021-04-20,164271.08424858304,False
2021-04-21,164271.08424858304,False
2021-04-22,164271.08424858304,False
2021-04-23,164271.08424858304,False
2021-04-26,164271.08424858304,False
2021-04-27,164271.08424858304,False
2021-04-28,164271.08424858304,False
2021-04-29,164271.08424858304,False
2021-04-30,164271.08424858304,False
2021-05-03,164271.08424858304,False
2021-05-04,164271.08424858304,False
2021-05-05,164271.08424858304,False
2021-05-06,164271.08424858304,False
2021-05-07,164271.08424858304,False
2021-05-10,164271.08424858304,True
2021-05-11,162805.00982582566,True
2021-05-12,159346.17472655897,True
2021-05-13,161260.3255144486,False
2021-05-14,161260.3255144486,False
2021-05-17,161260.3255144486,False
2021-05-18,161260.3255144486,True
2021-05-19,160837.54270249637,True
2021-05-20,162567.82050696755,False
2021-05-21,162567.82050696755,False
2021-05-24,162567.82050696755,False
2021-05-25,162567.82050696755,False
2021-05-26,162567.82050696755,False
2021-05-27,162567.82050696755,False
2021-05-28,162567.82050696755,False
2021-06-01,162567.82050696755,False
2021-06-02,162567.82050696755,False
2021-06-03,162567.82050696755,False
2021-06-04,162567.82050696755,False
2021-06-07,162567.82050696755,False
2021-06-08,162567.82050696755,False
2021-06-09,162567.82050696755,False
2021-06-10,162567.82050696755,False
2021-06-11,162567.82050696755,False
2021-06-14,162567.82050696755,False
2021-06-15,162567.82050696755,False
2021-06-16,162567.82050696755,False
2021-06-17,162567.82050696755,False
2021-06-18,162567.82050696755,True
2021-06-21,164895.14349407682,False
2021-06-22,164895.14349407682,False
2021-06-23,164895.14349407682,False
2021-06-24,164895.14349407682,False
2021-06-25,164895.14349407682,False
2021-06-28,164895.14349407682,False
2021-06-29,164895.14349407682,False
2021-06-30,164895.14349407682,False
2021-07-01,164895.14349407682,False
2021-07-02,164895.14349407682,False
2021-07-06,164895.14349407682,False
2021-07-07,164895.14349407682,False
2021-07-08,164895.14349407682,False
2021-07-09,164895.14349407682,False
2021-07-12,164895.14349407682,False
2021-07-13,164895.14349407682,False
2021-07-14,164895.14349407682,False
2021-07-15,164895.14349407682,False
2021-07-16,164895.14349407682,True
2021-07-19,162459.9831471179,True
2021-07-20,164788.10347882588,False
2021-07-21,164788.10347882588,False
2021-07-22,164788.10347882588,False
2021-07-23,164788.10347882588,False
2021-07-26,164788.10347882588,False
2021-07-27,164788.10347882588,False
2021-07-28,164788.10347882588,False
2021-07-29,164788.10347882588,False
2021-07-30,164788.10347882588,False
2021-08-02,164788.10347882588,False
2021-08-03,164788.10347882588,False
2021-08-04,164788.10347882588,False
2021-08-05,164788.10347882588,False
2021-08-06,164788.10347882588,False
2021-08-09,164788.10347882588,False
2021-08-10,164788.10347882588,False
2021-08-11,164788.10347882588,False
2021-08-12,164788.10347882588,False
2021-08-13,164788.10347882588,False
2021-08-16,164788.10347882588,False
2021-08-17,164788.10347882588,False
2021-08-18,164788.10347882588,True
2021-08-19,165043.25150552476,True
2021-08-20,166356.5134076512,False
2021-08-23,166356.5134076512,False
2021-08-24,166356.5134076512,False
2021-08-25,166356.5134076512,False
2021-08-26,166356.5134076512,True
2021-08-27,167843.9030202011,False
2021-08-30,167843.9030202011,False
2021-08-31,167843.9030202011,False
2021-09-01,167843.9030202011,False
2021-09-02,167843.9030202011,False
2021-09-03,167843.9030202011,False
2021-09-07,167843.9030202011,False
2021-09-08,167843.9030202011,False
2021-09-09,167843.9030202011,True
2021-09-10,166520.53134063515,True
2021-09-13,166946.70188151233,True
2021-09-14,166045.76240474568,True
2021-09-15,167432.6858316354,False
2021-09-16,167432.6858316354,False
2021-09-17,167432.6858316354,True
2021-09-20,164640.87666144775,True
2021-09-21,164485.35468321719,True
2021-09-22,166089.88631227886,True
2021-09-23,168107.87881029493,False
2021-09-24,168107.87881029493,False
2021-09-27,168107.87881029493,False
2021-09-28,168107.87881029493,True
2021-09-29,168390.82345553036,True
2021-09-30,166332.69185799584,True
2021-10-01,168309.42842059964,False
2021-10-04,168309.42842059964,False
2021-10-05,168309.42842059964,False
2021-10-06,168309.42842059964,False
2021-10-07,168309.42842059964,False
2021-10-08,168309.42842059964,False
2021-10-11,168309.42842059964,True
2021-10-12,167895.13067183606,True
2021-10-13,168499.1535578839,False
2021-10-14,168499.1535578839,False
2021-10-15,168499.1535578839,False
2021-10-18,168499.1535578839,False
2021-10-19,168499.1535578839,False
2021-10-20,168499.1535578839,False
2021-10-21,168499.1535578839,False
2021-10-22,168499.1535578839,False
2021-10-25,168499.1535578839,False
2021-10-26,168499.1535578839,False
2021-10-27,168499.1535578839,True
2021-10-28,170124.97699839043,False
2021-10-29,170124.97699839043,False
2021-11-01,170124.97699839043,False
2021-11-02,170124.97699839043,False
2021-11-03,170124.97699839043,False
2021-11-04,170124.97699839043,False
2021-11-05,170124.97699839043,False
2021-11-08,170124.97699839043,False
2021-11-09,170124.97699839043,False
2021-11-10,170124.97699839043,False
2021-11-11,170124.97699839043,False
2021-11-12,170124.97699839043,False
2021-11-15,170124.97699839043,False
2021-11-16,170124.97699839043,False
2021-11-17,170124.97699839043,False
2021-11-18,170124.97699839043,False
2021-11-19,170124.97699839043,False
2021-11-22,170124.97699839043,True
2021-11-23,170350.5635110816,True
2021-11-24,170805.3750286041,False
2021-11-26,170805.3750286041,False
2021-11-29,170805.3750286041,False
2021-11-30,170805.3750286041,True
2021-12-01,168908.20407934443,True
2021-12-02,171495.25537378943,True
2021-12-03,170003.01419235594,True
2021-12-06,172016.41498238052,False
2021-12-07,172016.41498238052,False
2021-12-08,172016.41498238052,False
2021-12-09,172016.41498238052,True
2021-12-10,173635.6967702494,False
2021-12-13,173635.6967702494,True
2021-12-14,172441.08377191582,True
2021-12-15,175135.475705852,False
2021-12-16,175135.475705852,False
2021-12-17,175135.475705852,False
2021-12-20,175135.475705852,False
2021-12-21,175135.475705852,False
2021-12-22,175135.475705852,False
2021-12-23,175135.475705852,False
2021-12-27,175135.475705852,False
2021-12-28,175135.475705852,False
2021-12-29,175135.475705852,False
2021-12-30,175135.475705852,False
2021-12-31,175135.475705852,True
2022-01-03,176149.50332542227,False
2022-01-04,176149.50332542227,False
2022-01-05,176149.50332542227,True
2022-01-06,175984.02704235472,True
2022-01-07,175288.2744885479,True
2022-01-10,175070.14666086793,False
2022-01-11,175070.14666086793,False
2022-01-12,175070.14666086793,False
2022-01-13,175070.14666086793,False
2022-01-14,175070.14666086793,False
2022-01-18,175070.14666086793,False
2022-01-19,175070.14666086793,True
2022-01-20,173132.4582639574,True
2022-01-21,169733.7528157763,True
2022-01-24,170454.572899427,True
2022-01-25,168373.4955611451,True
2022-01-26,167951.07949061858,True
2022-01-27,167121.7488567409,True
2022-01-28,171272.27740292327,False
2022-01-31,171272.27740292327,False
2022-02-01,171272.27740292327,False
2022-02-02,171272.27740292327,False
2022-02-03,171272.27740292327,True
2022-02-04,172077.63293930065,True
2022-02-07,171525.38914292757,True
2022-02-08,172936.67884476986,False
2022-02-09,172936.67884476986,False
2022-02-10,172936.67884476986,False
2022-02-11,172936.67884476986,True
2022-02-14,172371.2953422124,True
2022-02-15,175151.09756312,False
2022-02-16,175151.09756312,False
2022-02-17,175151.09756312,True
2022-02-18,174016.97957908208,True
2022-02-22,172149.49201525984,True
2022-02-23,169095.78917484666,True
2022-02-24,171640.54154185764,False
2022-02-25,171640.54154185764,False
2022-02-28,171640.54154185764,False
2022-03-01,171640.54154185764,False
2022-03-02,171640.54154185764,False
2022-03-03,171640.54154185764,False
2022-03-04,171640.54154185764,False
2022-03-07,171640.54154185764,True
2022-03-08,170339.21135063836,True
2022-03-09,174906.14371982304,False
2022-03-10,174906.14371982304,False
2022-03-11,174906.14371982304,True
2022-03-14,173627.87614246723,True
2022-03-15,177446.02392238672,False
2022-03-16,177446.02392238672,False
2022-03-17,177446.02392238672,False
2022-03-18,177446.02392238672,False
2022-03-21,177446.02392238672,False
2022-03-22,177446.02392238672,False
2022-03-23,177446.02392238672,True
2022-03-24,180120.90878052273,False
2022-03-25,180120.90878052273,False
2022-03-28,180120.90878052273,False
2022-03-29,180120.90878052273,False
2022-03-30,180120.90878052273,False
2022-03-31,180120.90878052273,True
2022-04-01,180631.39227011416,True
2022-04-04,182178.79534793814,False
2022-04-05,182178.79534793814,False
2022-04-06,182178.79534793814,False
2022-04-07,182178.79534793814,False
2022-04-08,182178.79534793814,False
2022-04-11,182178.79534793814,True
2022-04-12,181503.7829901978,True
2022-04-13,183582.65540483373,False
2022-04-14,183582.65540483373,True
2022-04-18,183658.13652128883,True
2022-04-19,186622.86703983007,False
2022-04-20,186622.86703983007,False
2022-04-21,186622.86703983007,True
2022-04-22,181502.0916624417,True
2022-04-25,182554.36414015794,True
2022-04-26,177267.44047681437,True
2022-04-27,177765.88533467994,True
2022-04-28,182256.14926793065,False
2022-04-29,182256.14926793065,True
2022-05-02,183353.22511789296,True
2022-05-03,184193.72677713828,False
2022-05-04,184193.72677713828,False
2022-05-05,184193.72677713828,False
2022-05-06,184193.72677713828,False
2022-05-09,184193.72677713828,True
2022-05-10,184619.319435136,True
2022-05-11,181686.43090067324,True
2022-05-12,181496.7646074351,True
2022-05-13,185835.95931615136,False
2022-05-16,185835.95931615136,False
2022-05-17,185835.95931615136,False
2022-05-18,185835.95931615136,True
2022-05-19,184697.78164463918,True
2022-05-20,184778.40256303796,True
2022-05-23,188235.61724025622,False
2022-05-24,188235.61724025622,False
2022-05-25,188235.61724025622,False
2022-05-26,188235.61724025622,False
2022-05-27,188235.61724025622,False
2022-05-31,188235.61724025622,False
2022-06-01,188235.61724025622,False
2022-06-02,188235.61724025622,False
2022-06-03,188235.61724025622,False
2022-06-06,188235.61724025622,False
2022-06-07,188235.61724025622,False
2022-06-08,188235.61724025622,False
2022-06-09,188235.61724025622,True
2022-06-10,182777.60960604795,True
2022-06-13,175837.87481341194,True
2022-06-14,175308.0166839742,True
2022-06-15,177807.25901132214,False
2022-06-16,177807.25901132214,True
2022-06-17,178190.50057691816,True
2022-06-21,182676.19048648304,False
2022-06-22,182676.19048648304,False
2022-06-23,182676.19048648304,False
2022-06-24,182676.19048648304,False
2022-06-27,182676.19048648304,False
2022-06-28,182676.19048648304,True
2022-06-29,182527.41964962293,True
2022-06-30,181044.51034027516,True
2022-07-01,182959.33498244267,False
2022-07-05,182959.33498244267,False
2022-07-06,182959.33498244267,False
2022-07-07,182959.33498244267,False
2022-07-08,182959.33498244267,False
2022-07-11,182959.33498244267,False
2022-07-12,182959.33498244267,False
2022-07-13,182959.33498244267,False
2022-07-14,182959.33498244267,False
2022-07-15,182959.33498244267,False
2022-07-18,182959.33498244267,False
2022-07-19,182959.33498244267,False
2022-07-20,182959.33498244267,False
2022-07-21,182959.33498244267,False
2022-07-22,182959.33498244267,False
2022-07-25,182959.33498244267,False
2022-07-26,182959.33498244267,False
2022-07-27,182959.33498244267,False
2022-07-28,182959.33498244267,False
2022-07-29,182959.33498244267,False
2022-08-01,182959.33498244267,False
2022-08-02,182959.33498244267,False
2022-08-03,182959.33498244267,False
2022-08-04,182959.33498244267,False
2022-08-05,182959.33498244267,False
2022-08-08,182959.33498244267,False
2022-08-09,182959.33498244267,False
2022-08-10,182959.33498244267,False
2022-08-11,182959.33498244267,False
2022-08-12,182959.33498244267,False
2022-08-15,182959.33498244267,False
2022-08-16,182959.33498244267,False
2022-08-17,182959.33498244267,False
2022-08-18,182959.33498244267,False
2022-08-19,182959.33498244267,False
2022-08-22,182959.33498244267,True
2022-08-23,182516.70927787648,True
2022-08-24,183100.97520790386,True
2022-08-25,185685.90932257051,False
2022-08-26,185685.90932257051,True
2022-08-29,184458.1127298773,True
2022-08-30,182433.16461804742,True
2022-08-31,181045.02145541293,True
2022-09-01,181613.10644606204,True
2022-09-02,179698.1102679062,True
