trades,win_rate,profit_factor,avg_trade,median_trade,total_return,cagr,sharpe,max_drawdown,calmar,exposure,ending_equity,family,param
70,0.7285714285714285,2.6576895365857784,0.04215755130278138,0.04362563129968766,8.399013528871787,0.4538315307053651,1.0044066895284491,-0.4884931582236042,0.9290437809931966,0.1271523178807947,939901.3528871787,RVOL10_min,0.5
67,0.746268656716418,2.990889517720814,0.04680546070864447,0.04512798211100688,10.463892705464836,0.502860378145445,1.0800758640985215,-0.4884931582236043,1.029411302246457,0.11920529801324503,1146389.2705464836,RVOL10_min,0.75
60,0.75,2.7569853531871344,0.040506771143561764,0.04065464839555033,5.598196900127924,0.3704143216090616,0.9413364093954056,-0.4689923211371705,0.7898089263186958,0.10794701986754966,659819.6900127924,RVOL10_min,1
42,0.6904761904761905,1.9246715247587813,0.027889286611229146,0.038895496149859765,1.4739412323597194,0.1633216314378485,0.5934280913215718,-0.4689923211371705,0.3482394574005836,0.07483443708609272,247394.12323597196,RVOL10_min,1.25
25,0.76,4.212875647530154,0.0452053552300622,0.0650230201811135,1.8351130956008403,0.1901003981021847,0.8284954174548774,-0.2145234866231044,0.8861519132223106,0.046357615894039736,283511.309560084,RVOL10_min,1.5
7,0.7142857142857143,3.104270515283004,0.040217710123996456,0.07984554644399267,0.28844934871936423,0.043235373296168556,0.4537843924353798,-0.13016917293233077,0.33214756091785824,0.017218543046357615,128844.93487193642,RVOL10_min,2
8,0.625,0.9569232422867097,-0.0014804678187228248,0.022622583618409853,-0.036078947923208315,-0.0061181230507690865,0.0057671775446996535,-0.18081045320896272,-0.03383721981880312,0.01456953642384106,96392.10520767917,RVOL10_max,0.75
19,0.631578947368421,2.134943339941023,0.03472657716368588,0.03170092758772092,0.6057002158703693,0.0823007031802967,0.4328823498800421,-0.32325869849030464,0.2545970257402528,0.029801324503311258,160570.02158703693,RVOL10_max,1
38,0.7368421052631579,2.814411733796308,0.04280316293468006,0.020231554059811918,2.1360608782014454,0.21032213324638138,0.7114366470544137,-0.32325869849030475,0.650631009246266,0.06622516556291391,313606.08782014454,RVOL10_max,1.25
55,0.7272727272727273,2.322316683095407,0.03733002796785565,0.02089066797642425,3.1186693195272,0.2666899050507594,0.7414182985993614,-0.45911426095451247,0.5808791573938544,0.09602649006622517,411866.93195272,RVOL10_max,1.5
67,0.7164179104477612,2.453395697068598,0.03920702978703083,0.03918601630273222,5.903494618553745,0.3808057228542987,0.9020883149888863,-0.4884931582236043,0.7795518042444877,0.11788079470198676,690349.4618553745,RVOL10_max,2
63,0.7301587301587301,2.6827493778198663,0.03841960440335399,0.03918601630273222,5.520651940436053,0.36771124990530724,0.9165496176196473,-0.4884931582236042,0.7527459570620846,0.1119205298013245,652065.1940436052,VOLZ10_min,-0.5
60,0.75,2.7569853531871344,0.040506771143561764,0.04065464839555033,5.598196900127924,0.3704143216090616,0.9413364093954056,-0.4689923211371705,0.7898089263186958,0.10794701986754966,659819.6900127924,VOLZ10_min,0
51,0.7450980392156863,2.671582469119104,0.041519952098870674,0.04921128820194687,4.967706659292601,0.34761953081031804,0.9360198069861088,-0.4689923211371704,0.7412051650812566,0.08874172185430464,596770.6659292601,VOLZ10_min,0.5
42,0.7142857142857143,2.420095861237761,0.039269528688436584,0.051813998089050406,2.8561106174009843,0.2528312916093589,0.7657687416951607,-0.4689923211371705,0.5390947361276966,0.076158940397351,385611.0617400984,VOLZ10_min,1
31,0.6774193548387096,1.6744702990479376,0.02320784587226236,0.03860497599698731,0.6638488463667698,0.08874992840405715,0.41957164980052153,-0.46899232113717026,0.18923535504560998,0.06026490066225165,166384.884636677,VOLZ10_min,1.5
25,0.68,1.568094380971582,0.021701902922512836,0.0650230201811135,0.4303560589536213,0.06159940714100087,0.36083248665963147,-0.4202478344034487,0.14657876162156225,0.04768211920529802,143035.60589536213,VOLZ10_min,2
70,0.7285714285714285,2.6576895365857784,0.04215755130278138,0.04362563129968766,8.399013528871787,0.4538315307053651,1.0044066895284491,-0.4884931582236042,0.9290437809931966,0.1271523178807947,939901.3528871787,RVOL20_min,0.5
66,0.7424242424242424,3.2502276209479253,0.049040683582549476,0.045667284345157655,12.060720955065607,0.5359505362860308,1.1289221993121512,-0.4884931582236042,1.0971505480957082,0.11788079470198676,1306072.0955065608,RVOL20_min,0.75
59,0.7288135593220338,2.5796670962812818,0.037154384166860115,0.03860497599698731,4.272539743545432,0.3200313632609113,0.8420055632744102,-0.4884931582236043,0.6551399090720104,0.10596026490066225,527253.9743545433,RVOL20_min,1
44,0.6818181818181818,2.1843785394286965,0.03297106694226826,0.02988537168749117,2.201177460049917,0.21448339243882675,0.6951370707074668,-0.4884931582236042,0.4390714359619517,0.07549668874172186,320117.7460049917,RVOL20_min,1.25
29,0.7241379310344828,2.19262045068711,0.036463724426282124,0.0650230201811135,1.3057462399361248,0.14972243446278188,0.5789810911203322,-0.4689923211371705,0.3192428270461835,0.054304635761589407,230574.62399361248,RVOL20_min,1.5
13,0.7692307692307693,5.4375507418250315,0.06416648626070792,0.09200507614213205,1.1311901907050776,0.13470525021592028,0.7725090997307726,-0.1560488874864896,0.863224675200474,0.025827814569536423,213119.01907050775,RVOL20_min,2
10,0.6,0.5784346007213365,-0.02180282795543197,0.022622583618409853,-0.24316078755203552,-0.04546371150841655,-0.2599119871347312,-0.31780049587074677,-0.14305739638275197,0.017880794701986755,75683.92124479645,RVOL20_max,0.75
21,0.7142857142857143,2.574115434080979,0.04324575423528282,0.04512798211100688,1.0296273379847176,0.1254895697906917,0.6193110505307671,-0.2806440943118701,0.44714844293583983,0.03443708609271523,202962.73379847175,RVOL20_max,1
33,0.7575757575757576,3.2740391866183276,0.04745356355793188,0.04512798211100688,2.0985421273866867,0.20789171617170732,0.7435198661415049,-0.32325869849030475,0.6431125199186015,0.06026490066225165,309854.21273866866,RVOL20_max,1.25
48,0.75,3.2033408782551005,0.044224904639498464,0.030157341557623063,4.061174165456961,0.31104236753703396,0.8920066001667168,-0.3547026517547677,0.876910183778611,0.08543046357615894,506117.41654569615,RVOL20_max,1.5
65,0.7230769230769231,2.3951944679709376,0.03763184867089419,0.03918601630273222,4.863206985408222,0.34364938764780995,0.8509488994917377,-0.4884931582236043,0.7034886402452066,0.11324503311258279,586320.6985408221,RVOL20_max,2
63,0.746031746031746,3.1691584439929614,0.04778011967025292,0.04212328048836844,9.61329129501987,0.4836341267290105,1.0636830535707957,-0.4884931582236042,0.9900530203692853,0.11324503311258279,1061329.129501987,VOLZ20_min,-0.5
59,0.7288135593220338,2.5796670962812818,0.037154384166860115,0.03860497599698731,4.272539743545432,0.3200313632609113,0.8420055632744102,-0.4884931582236043,0.6551399090720104,0.10596026490066225,527253.9743545433,VOLZ20_min,0
53,0.7169811320754716,2.423210084184054,0.03539775145102495,0.03918601630273222,3.7776779741966733,0.2984814207565989,0.8361005732620788,-0.48849315822360406,0.6110247722650217,0.09006622516556291,477767.79741966736,VOLZ20_min,0.5
39,0.6923076923076923,2.2342299483717145,0.035518313803851904,0.03918601630273222,2.0293171376065637,0.20334232912782713,0.6692168892472448,-0.4689923211371704,0.43357283256745216,0.07218543046357616,302931.71376065636,VOLZ20_min,1
31,0.6774193548387096,2.190928206853742,0.03901460164654021,0.06753962784286704,1.5887850262103993,0.17217106494376044,0.6084763267761125,-0.46899232113717026,0.36710849449793886,0.060927152317880796,258878.50262103995,VOLZ20_min,1.5
22,0.6818181818181818,1.507142574334264,0.019119624604840905,0.060433107723692925,0.2913168629043994,0.04362277343246368,0.2992848154239254,-0.4465470483824616,0.09768908694051283,0.04370860927152318,129131.68629043993,VOLZ20_min,2
71,0.7464788732394366,2.8533431495430635,0.044862845211320876,0.04921128820194687,10.814806556688303,0.5104471790171858,1.082225151258585,-0.4884931582236042,1.0449423301513925,0.12582781456953643,1181480.6556688303,RVOL50_min,0.5
68,0.75,3.291018074525273,0.048461137326593705,0.04362563129968766,12.835005500065233,0.5507954032682452,1.147860550742891,-0.4884931582236043,1.1275396471696795,0.11920529801324503,1383500.5500065233,RVOL50_min,0.75
59,0.7457627118644068,3.206817380645823,0.04841472096178967,0.03918601630273222,10.130423566108572,0.4954692977401074,1.085535438796959,-0.4884931582236043,1.0142809359743579,0.10397350993377484,1113042.3566108572,RVOL50_min,1
48,0.7083333333333334,2.84291707988738,0.04767944637515866,0.02988537168749117,5.50952876082218,0.36732132357834635,0.916572740409563,-0.4884931582236042,0.7519477343635746,0.08410596026490066,650952.876082218,RVOL50_min,1.25
33,0.696969696969697,2.8898068205388,0.0539315629478423,0.05584319526627235,3.151468335744002,0.2683690175416722,0.7839467836786176,-0.4884931582236043,0.5493813230006963,0.059602649006622516,415146.83357440017,RVOL50_min,1.5
19,0.7368421052631579,2.789192684351638,0.05205808382083439,0.09200507614213205,1.2858428384283633,0.148058956378462,0.5999590789292427,-0.4689923211371705,0.3156959073859929,0.0390728476821192,228584.28384283633,RVOL50_min,2
8,0.5,0.46498978226280724,-0.03458756266430317,-0.01492373074724257,-0.2855177569977926,-0.054600935027709574,-0.3387071663333015,-0.31780049587074677,-0.1718088415126842,0.016556291390728478,71448.22430022074,RVOL50_max,0.75
18,0.6111111111111112,1.2298614229620104,0.008559187288826906,0.0384144548493639,-0.11917758089240627,-0.02097038996112255,-0.028676306119837344,-0.3273394604796215,-0.06406312862615615,0.031125827814569535,88082.24191075937,RVOL50_max,1
29,0.7241379310344828,2.083986521438329,0.02510624540910138,0.04212328048836844,0.523763636609631,0.07287468121674179,0.42517973094953415,-0.32924652068570226,0.22133774129175304,0.051655629139072845,152376.3636609631,RVOL50_max,1.25
45,0.7777777777777778,2.595874727603192,0.03221343247326868,0.03942401513882188,1.9490288979283057,0.19795611206762342,0.7247311033024435,-0.3547026517547679,0.5580903077219876,0.0814569536423841,294902.88979283057,RVOL50_max,1.5
57,0.7192982456140351,2.424329164970335,0.03469286733197364,0.02089066797642425,3.120617465410356,0.266789948984536,0.7837714291403228,-0.3547026517547679,0.7521509852398498,0.09801324503311258,412061.7465410356,RVOL50_max,2
65,0.7538461538461538,3.2871310317751212,0.048828591469872284,0.04212328048836844,11.372389134195751,0.5221247099659876,1.1138663072253971,-0.4884931582236043,1.0688475389597754,0.1152317880794702,1237238.9134195752,VOLZ50_min,-0.5
59,0.7457627118644068,3.206817380645823,0.04841472096178967,0.03918601630273222,10.130423566108572,0.4954692977401074,1.085535438796959,-0.4884931582236043,1.0142809359743579,0.10397350993377484,1113042.3566108572,VOLZ50_min,0
51,0.7254901960784313,2.9074791458340847,0.0464468503321152,0.02089066797642425,6.044302637314992,0.38546987804908395,0.9351869174480945,-0.4884931582236042,0.7890998503455763,0.08940397350993377,704430.2637314992,VOLZ50_min,0.5
43,0.7209302325581395,2.6478699773889796,0.04103019195158463,0.04910260751777851,3.357221200231904,0.278657240954409,0.7897731727491968,-0.4884931582236043,0.5704424642665223,0.07682119205298013,435722.1200231904,VOLZ50_min,1
30,0.6666666666666666,2.08670167413404,0.03678683044900559,0.03484366729501431,1.3320649371230244,0.15190381834793154,0.5739724466956396,-0.4689923211371704,0.32389404154765017,0.05562913907284768,233206.49371230244,VOLZ50_min,1.5
24,0.7083333333333334,1.9874551230545139,0.03634573376922975,0.06784437085513251,0.9254839128355614,0.11563182485766643,0.5011741621306268,-0.4689923211371705,0.24655376995788067,0.046357615894039736,192548.39128355615,VOLZ50_min,2
71,0.7323943661971831,2.7185205471809373,0.043089018470544665,0.04512798211100688,9.41684887222774,0.4790121618662806,1.0378182507418423,-0.4884931582236043,0.9805913425854291,0.12781456953642384,1041684.887222774,ATRpct5_min,0.03
70,0.7285714285714285,2.7080577140260482,0.04343849021058144,0.047169635156476875,9.226372492261449,0.4744607088049566,1.0315772621128232,-0.4884931582236043,0.9712740103266208,0.12649006622516556,1022637.249226145,ATRpct5_min,0.04
64,0.71875,2.6108776229656585,0.04477205843361542,0.05024708603100281,7.625758145320837,0.4331350940224099,0.9767563528575918,-0.4884931582236043,0.8866758658350449,0.11456953642384106,862575.8145320837,ATRpct5_min,0.05
55,0.7090909090909091,2.7334653743583797,0.049600481042831095,0.06439330951290412,6.716475080490426,0.40671943344209494,0.9466788716004573,-0.4884931582236042,0.8326000612191217,0.10066225165562914,771647.5080490425,ATRpct5_min,0.06
54,0.7222222222222222,2.9345369955574157,0.052604432396170527,0.06887532466789514,7.687107521449004,0.43483239407168983,0.9909231746501828,-0.4884931582236042,0.8901504284173587,0.09801324503311258,868710.7521449004,ATRpct5_min,0.07
48,0.7291666666666666,3.2920750243840273,0.05978221257358159,0.07415207478837949,8.104928407007552,0.44613351926464695,1.0160628015767996,-0.4884931582236042,0.9132850926449058,0.08609271523178808,910492.8407007552,ATRpct5_min,0.08
39,0.7435897435897436,3.2714385341705015,0.06757954889089406,0.09492187870788582,6.2751517055089225,0.392951189595228,0.9526000712833154,-0.508839588771357,0.7722496406854803,0.07086092715231788,727515.1705508922,ATRpct5_min,0.1
26,0.6923076923076923,2.573038515158661,0.05518402752815487,0.042072603285100874,1.981082739641554,0.2001209525839942,0.6482779482936326,-0.5262210852658766,0.38029824001233586,0.04370860927152318,298108.2739641554,ATRpct5_min,0.12
2,0.5,0.2664762463370696,-0.025635701454457982,-0.025635701454457982,-0.052573311640534914,-0.008978920173087324,-0.10745997426135315,-0.1448387547434017,-0.06199252533615399,0.0033112582781456954,94742.6688359465,ATRpct5_max,0.04
9,0.7777777777777778,2.9532650158676006,0.015477243260750641,0.018625996667971156,0.1404007509668872,0.022184166437451136,0.3027883338641635,-0.1448387547434017,0.15316457585369958,0.015894039735099338,114040.07509668871,ATRpct5_max,0.05
19,0.7894736842105263,2.3185428183295036,0.01917867052557715,0.02058472707225012,0.38803622039367625,0.05628789007237023,0.49015984928918493,-0.18081045320896272,0.311308826859243,0.031788079470198675,138803.62203936762,ATRpct5_max,0.06
21,0.7619047619047619,1.8075173904117938,0.014678405637332914,0.02058472707225012,0.302903657745085,0.045180884079029315,0.3425735705886457,-0.2112009353866997,0.21392369307600406,0.03708609271523179,130290.36577450851,ATRpct5_max,0.07
28,0.75,1.6900392780099727,0.014741227980856367,0.020541474038778262,0.4089637293135795,0.05893108828250493,0.39123792068366525,-0.23724137943825008,0.24840138942896214,0.05033112582781457,140896.37293135794,ATRpct5_max,0.08
36,0.6944444444444444,1.448397281499287,0.010356573950614643,0.019099218405585372,0.33202463643463687,0.049046508291916924,0.31944452758726305,-0.2759250186697131,0.17775303061817102,0.06622516556291391,133202.46364346368,ATRpct5_max,0.1
51,0.7254901960784313,2.1828328719773418,0.02748730315636916,0.03918601630273222,1.7414999413860475,0.18344544352873604,0.689931739839722,-0.2957360203089143,0.6203013191870104,0.09536423841059603,274149.9941386047,ATRpct5_max,0.12
61,0.7049180327868853,2.11944502840203,0.028530956682604258,0.02089066797642425,2.4683807334469305,0.23085347517565813,0.7240870103628464,-0.3668056669780314,0.6293618009709875,0.11324503311258279,346838.07334469305,ATRpct5_max,0.15
71,0.7183098591549296,2.56608440885869,0.04080870191112186,0.04212328048836844,7.872429658021607,0.4398996018604764,0.9802154480672237,-0.4884931582236043,0.9005235681501919,0.12847682119205298,887242.9658021608,ATRpct10_min,0.03
69,0.7246376811594203,2.702699936237631,0.04392980242668407,0.04921128820194687,9.129755418918986,0.4721249801221785,1.0288133442660274,-0.4884931582236042,0.9664925130969118,0.12450331125827814,1012975.5418918986,ATRpct10_min,0.04
62,0.7096774193548387,2.613668721279756,0.044930505504712275,0.05016683164623048,7.034054918289591,0.4162267732604461,0.9563577347797065,-0.48849315822360406,0.8520626466377681,0.11059602649006622,803405.4918289592,ATRpct10_min,0.05
56,0.7142857142857143,2.7088718529041276,0.048023618056717114,0.05382668102337007,6.445587051200124,0.39834874205572035,0.9344044606080573,-0.4884931582236042,0.8154643219657524,0.10066225165562914,744558.7051200124,ATRpct10_min,0.06
53,0.6981132075471698,2.680435154044353,0.04989755843568032,0.06753962784286704,6.116100542366116,0.38781830044479104,0.9229292734410545,-0.4884931582236042,0.793907333021991,0.09801324503311258,711610.0542366116,ATRpct10_min,0.07
43,0.6976744186046512,2.9481561397827374,0.05833130627464949,0.07809312808383573,5.395818119065845,0.3633029921982309,0.8933202400271402,-0.508839588771357,0.7139833460589446,0.07947019867549669,639581.8119065845,ATRpct10_min,0.08
32,0.71875,3.2419445262140845,0.07136501061990676,0.08746864856040626,4.247691042187728,0.3189903323700052,0.8541186021379704,-0.45911426095451247,0.6947950858830101,0.05562913907284768,524769.1042187727,ATRpct10_min,0.1
26,0.7692307692307693,3.3420324012891203,0.07986242494531998,0.10276170715999788,3.3968081882720993,0.2805901038111309,0.8072063410232861,-0.45911426095451224,0.611155278051646,0.0423841059602649,439680.81882720994,ATRpct10_min,0.12
3,0.6666666666666666,0.40293264324505007,-0.013911151869805516,0.009537947299499416,-0.043536805816823065,-0.0074065289748906915,-0.07529897270215571,-0.1448387547434017,-0.05113637567522725,0.005298013245033113,95646.3194183177,ATRpct10_max,0.04
13,0.7692307692307693,3.188409130265242,0.022365947624664373,0.018625996667971156,0.312296655885119,0.046435539816751525,0.48096553801556946,-0.15316124725001967,0.3031807369716073,0.023178807947019868,131229.6655885119,ATRpct10_max,0.05
17,0.7647058823529411,2.12567517710615,0.018299618236669694,0.02058472707225012,0.317334768337346,0.04710541886718489,0.42596538195756883,-0.18081045320896272,0.26052375861668314,0.030463576158940398,131733.4768337346,ATRpct10_max,0.06
21,0.8095238095238095,2.5707829377616287,0.020671630913962815,0.02058472707225012,0.4861957170960989,0.06841098644797827,0.5286899528170235,-0.18993487261104036,0.3601812848137385,0.03377483443708609,148619.57170960988,ATRpct10_max,0.07
31,0.7419354838709677,1.6404686399819408,0.014551299730299639,0.020498221005306405,0.44424289544753126,0.0633138064451082,0.3931018707614051,-0.3182098386052663,0.1989687268081232,0.056291390728476824,144424.28954475312,ATRpct10_max,0.08
42,0.7380952380952381,2.16585885488568,0.023080878009843903,0.020541474038778262,1.337221821691593,0.15232883388204388,0.667612390808959,-0.2145234866231044,0.7100799836880793,0.076158940397351,233722.1821691593,ATRpct10_max,0.1
50,0.72,2.4246750299600746,0.027453858429018995,0.020541474038778262,2.361634453165111,0.22444416856515703,0.8035754423463118,-0.2145234866231044,1.046245201857465,0.09205298013245033,336163.4453165111,ATRpct10_max,0.12
62,0.7096774193548387,2.065636623276918,0.026721500754768514,0.030038342139578234,2.2529403798486514,0.2177412797521694,0.7081223458486129,-0.4941407301164301,0.4406462905837875,0.11456953642384106,325294.03798486514,ATRpct10_max,0.15
71,0.7183098591549296,2.56608440885869,0.04080870191112186,0.04212328048836844,7.872429658021607,0.4398996018604764,0.9802154480672237,-0.4884931582236043,0.9005235681501919,0.12847682119205298,887242.9658021608,ATRpct14_min,0.03
69,0.7101449275362319,2.5508615048659955,0.04158338973510408,0.04512798211100688,7.627901154152106,0.4331945520258893,0.9712198394131132,-0.4884931582236043,0.8867975830023755,0.1251655629139073,862790.1154152106,ATRpct14_min,0.04
63,0.7301587301587301,2.7065757929612,0.04651748605353866,0.051122375090514094,8.222960455034904,0.44924767643760166,1.001332117830929,-0.48849315822360406,0.9196601198495433,0.11589403973509933,922296.0455034905,ATRpct14_min,0.05
56,0.7142857142857143,2.728331308871861,0.04857047795109583,0.054782224467653684,6.669021840617152,0.4052709586073253,0.9445500824309934,-0.4884931582236042,0.8296348716143441,0.10066225165562914,766902.1840617151,ATRpct14_min,0.06
53,0.7169811320754716,2.913749388662531,0.05186433942722492,0.06753962784286704,6.998780629350303,0.41518639013478054,0.9630037447430742,-0.4884931582236042,0.8499328662956053,0.09470198675496688,799878.0629350303,ATRpct14_min,0.07
41,0.6829268292682927,2.639925665171519,0.05149756591964915,0.06753962784286704,3.4163281030909385,0.2815378463583089,0.7642400568706695,-0.5176785075309627,0.5438468900342941,0.076158940397351,441632.81030909385,ATRpct14_min,0.08
32,0.71875,3.219805817835579,0.07066029685912023,0.08746864856040626,4.1341345704258705,0.3141799965936545,0.8419179338531273,-0.45911426095451235,0.6843176597051567,0.05695364238410596,513413.45704258705,ATRpct14_min,0.1
24,0.75,5.088089243124744,0.09416146504876953,0.10276170715999788,4.697424037322959,0.3372283427135814,0.9209756322932037,-0.45911426095451235,0.7345194244510582,0.03774834437086093,569742.4037322958,ATRpct14_min,0.12
2,1.0,inf,0.014081971983735286,0.014081971983735286,0.02834159774209022,0.004678394726737478,0.22921253824615248,-0.03314641568925891,0.14114330703495975,0.0033112582781456954,102834.15977420902,ATRpct14_max,0.04
10,0.7,1.9273849283507958,0.012321459997175188,0.016650627965880682,0.11814727969574945,0.018825486675664305,0.24685890920101972,-0.1593800243350061,0.11811697704408929,0.015894039735099338,111814.72796957495,ATRpct14_max,0.05
17,0.7647058823529411,2.014863318411313,0.016498197408128065,0.020498221005306405,0.2789545912205851,0.04194748799459269,0.3883693569329547,-0.18993487261104025,0.22085195529361906,0.030463576158940398,127895.45912205851,ATRpct14_max,0.06
22,0.7272727272727273,1.484501266844037,0.011118016060303831,0.020541474038778262,0.20832641044787548,0.03210899235507969,0.2668131916855711,-0.2112009353866997,0.15203054047222625,0.04105960264900662,120832.64104478755,ATRpct14_max,0.07
32,0.75,2.0144945416454645,0.022328798110153317,0.020737697524337184,0.8453815125649944,0.10774282222224452,0.5678667596994132,-0.2677691759049414,0.40237201260421934,0.05827814569536424,184538.15125649943,ATRpct14_max,0.08
42,0.7380952380952381,2.192979941760645,0.023617802779966973,0.020737697524337184,1.3889163497869288,0.15654674058440654,0.6917933297619143,-0.2145234866231045,0.7297417315402994,0.07483443708609272,238891.6349786929,ATRpct14_max,0.1
53,0.6981132075471698,1.6352256529846338,0.017727223660783612,0.020498221005306405,1.0070937307637706,0.12339297463093724,0.5175117539491407,-0.5120541176727633,0.240976432709391,0.09933774834437085,200709.37307637706,ATRpct14_max,0.12
63,0.7142857142857143,2.2312429160164813,0.03038411511732337,0.03918601630273222,3.0904625964773986,0.2652369584291612,0.7919836014294604,-0.3668056669780314,0.7230994019649284,0.1152317880794702,409046.2596477399,ATRpct14_max,0.15
71,0.7183098591549296,2.56608440885869,0.04080870191112186,0.04212328048836844,7.872429658021607,0.4398996018604764,0.9802154480672237,-0.4884931582236043,0.9005235681501919,0.12847682119205298,887242.9658021608,ATRpct20_min,0.03
68,0.7058823529411765,2.5157158876656687,0.04123868928736866,0.04362563129968766,7.101140529981114,0.4181949472826334,0.9511192703582494,-0.4884931582236043,0.8560917184662137,0.12450331125827814,810114.0529981114,ATRpct20_min,0.04
63,0.6984126984126984,2.623678093396934,0.044528107247178046,0.04937179697149152,7.187094596282154,0.42069694328745477,0.9631222878425476,-0.4884931582236042,0.86121358345593,0.1119205298013245,818709.4596282154,ATRpct20_min,0.05
56,0.7321428571428571,3.038190958531083,0.052277703250275,0.061417691678848696,8.509189851818363,0.4566639083097841,1.0179958926238544,-0.4884931582236042,0.9348419739806254,0.09933774834437085,950918.9851818363,ATRpct20_min,0.06
48,0.7083333333333334,2.8153208895542554,0.05087670225962499,0.06299085084383016,5.060534503974842,0.35109796176663344,0.8716384015995641,-0.4884931582236043,0.718736702563848,0.08543046357615894,606053.4503974842,ATRpct20_min,0.07
44,0.7045454545454546,2.7448588449861844,0.05105685022579692,0.054782224467653684,4.035103274572658,0.3099120604637713,0.8161543148507736,-0.5176785075309628,0.5986573828260296,0.07880794701986756,503510.3274572658,ATRpct20_min,0.08
31,0.6774193548387096,3.081550986525599,0.06727767245482733,0.07809312808383573,3.451688511466136,0.2832458358519838,0.7887173346955336,-0.45911426095451235,0.6169397466833358,0.0576158940397351,445168.8511466136,ATRpct20_min,0.1
20,0.8,4.146398582881059,0.096587015116542,0.10276170715999788,3.0528362707521106,0.26328575414108135,0.8002090633368175,-0.45911426095451235,0.5734645523615458,0.031788079470198675,405283.6270752111,ATRpct20_min,0.12
3,1.0,inf,0.031062321382861358,0.018625996667971156,0.09520747420515274,0.015304422441661192,0.39164083888153206,-0.03314641568925891,0.46172179173570754,0.003973509933774834,109520.74742051528,ATRpct20_max,0.04
12,0.8333333333333334,3.063039878317328,0.022598158653381734,0.019605361870110638,0.28776616398893795,0.04314296935871886,0.4475990350883669,-0.15316124725001967,0.28168332481840197,0.02185430463576159,128776.6163988938,ATRpct20_max,0.05
19,0.6842105263157895,1.1029819139076211,0.0027362918622303094,0.018625996667971156,0.0033297525802880035,0.000555331004337356,0.08786495152863402,-0.2309975054261334,0.0024040562832611865,0.03774834437086093,100332.97525802879,ATRpct20_max,0.06
26,0.7692307692307693,2.272500044789551,0.024708109607780603,0.020737697524337184,0.7545850961412166,0.09844793165330268,0.5823809706356707,-0.2112009353866996,0.46613397555767855,0.04768211920529802,175458.50961412166,ATRpct20_max,0.07
29,0.7241379310344828,1.7826511169635295,0.019007973685667832,0.02058472707225012,0.5759649410439787,0.07892727243190367,0.46249540813374657,-0.31053028400349325,0.25416932420998845,0.05364238410596026,157596.49410439786,ATRpct20_max,0.08
43,0.7441860465116279,1.88548112906729,0.021555007578608964,0.02089066797642425,1.1189738288346223,0.1336163616604098,0.6017779290324685,-0.27941241400333694,0.47820481468949355,0.07483443708609272,211897.3828834622,ATRpct20_max,0.1
55,0.6909090909090909,1.9715434142778907,0.023183610143519315,0.02058472707225012,1.8763013355381966,0.1929706188846747,0.6906021961027627,-0.4181529182873529,0.4614833723390784,0.10132450331125828,287630.1335538197,ATRpct20_max,0.12
62,0.7096774193548387,2.1613387246395557,0.029121290437231516,0.030038342139578234,2.6894914501923433,0.24362330228956064,0.7541984543397378,-0.4262534097465359,0.5715456972753061,0.11390728476821192,368949.14501923433,ATRpct20_max,0.15
71,0.7183098591549296,2.56608440885869,0.04080870191112186,0.04212328048836844,7.872429658021607,0.4398996018604764,0.9802154480672237,-0.4884931582236043,0.9005235681501919,0.12847682119205298,887242.9658021608,ATRpct30_min,0.03
68,0.7058823529411765,2.5157158876656687,0.04123868928736866,0.04362563129968766,7.101140529981114,0.4181949472826334,0.9511192703582494,-0.4884931582236043,0.8560917184662137,0.12450331125827814,810114.0529981114,ATRpct30_min,0.04
61,0.7049180327868853,2.66567653913879,0.046929957246793975,0.058442073844793274,7.62753256582238,0.43318432638028304,0.9804487880985342,-0.4884931582236043,0.8867766499648619,0.11059602649006622,862753.256582238,ATRpct30_min,0.05
55,0.7090909090909091,2.6372084677301775,0.047027986564415876,0.058442073844793274,5.776787717897853,0.37654041865779675,0.8998574816059297,-0.4884931582236043,0.7708202506399037,0.10066225165562914,677678.7717897852,ATRpct30_min,0.06
47,0.7021276595744681,2.659790533894816,0.0487631167353826,0.051122375090514094,4.2258135766831595,0.3180703761445274,0.8295488730553693,-0.5088395887713572,0.6250896808413421,0.08079470198675497,522581.357668316,ATRpct30_min,0.07
39,0.717948717948718,2.7707226246104972,0.05531865302699828,0.06753962784286704,3.6442576382177307,0.29235380739490924,0.7910922468131527,-0.508839588771357,0.574550042579875,0.0728476821192053,464425.7638217731,ATRpct30_min,0.08
28,0.7142857142857143,2.882207735146601,0.06781125529537528,0.08746864856040626,2.6494154055753554,0.24135697796297073,0.7139545357252429,-0.45911426095451235,0.5257013307780558,0.054304635761589407,364941.54055753554,ATRpct30_min,0.1
19,0.7368421052631579,3.1944480524616568,0.07952069006228735,0.09684416903697679,1.740846731095394,0.1833983460603983,0.6309519192845728,-0.45911426095451235,0.3994612271008694,0.03377483443708609,274084.6731095394,ATRpct30_min,0.12
3,1.0,inf,0.031062321382861358,0.018625996667971156,0.09520747420515274,0.015304422441661192,0.39164083888153206,-0.03314641568925891,0.46172179173570754,0.003973509933774834,109520.74742051528,ATRpct30_max,0.04
13,0.8461538461538461,2.694917419193897,0.017137673605998202,0.020498221005306405,0.23320867703290982,0.035628471723401445,0.3897096640269766,-0.15316124725001967,0.23262066849874696,0.022516556291390728,123320.86770329099,ATRpct30_max,0.05
18,0.7222222222222222,1.8025726345021438,0.016111298935834004,0.01956210883663878,0.27353472880217833,0.04120875372032318,0.3345401587210846,-0.2173517841003595,0.189594734135219,0.03377483443708609,127353.47288021783,ATRpct30_max,0.06
28,0.75,2.019208395549877,0.022240352190648925,0.020541474038778262,0.7004912512697774,0.0927181056914943,0.5174317371536453,-0.2694160093123604,0.34414475193267785,0.052980132450331126,170049.12512697774,ATRpct30_max,0.07
34,0.7058823529411765,1.8278856992469854,0.018832505257838188,0.020541474038778262,0.708593031093643,0.09358585739823222,0.5087175779164717,-0.23864141495231328,0.39216100615617405,0.059602649006622516,170859.3031093643,ATRpct30_max,0.08
46,0.7391304347826086,2.5717895468918006,0.028747791564349267,0.030038342139578234,2.2577253019876813,0.21804025093575485,0.8692663159120736,-0.2145234866231044,1.016393376632131,0.07880794701986756,325772.53019876813,ATRpct30_max,0.1
54,0.7037037037037037,2.090283198401136,0.024993571349430574,0.020737697524337184,2.10801738008243,0.20850781500967974,0.7330853098710229,-0.3306853469204276,0.6305323684627995,0.09735099337748344,310801.738008243,ATRpct30_max,0.12
60,0.7,1.9455017097728835,0.02449934455714656,0.020737697524337184,1.7215349020732265,0.18200169097057195,0.6352361486314149,-0.5437280241009326,0.33472928174249644,0.11258278145695365,272153.49020732264,ATRpct30_max,0.15
70,0.7142857142857143,2.556016864363775,0.041125597700309734,0.04362563129968766,7.710193620665704,0.4354685122319655,0.9740180195146703,-0.4884931582236042,0.8914526332682697,0.1271523178807947,871019.3620665704,BBwidth10_min,0.08
70,0.7142857142857143,2.556016864363775,0.041125597700309734,0.04362563129968766,7.710193620665704,0.4354685122319655,0.9740180195146703,-0.4884931582236042,0.8914526332682697,0.1271523178807947,871019.3620665704,BBwidth10_min,0.1
63,0.7142857142857143,2.6476845517901912,0.04459699697511221,0.04921128820194687,7.301945809118099,0.4240061616036852,0.9641775083830955,-0.48849315822360406,0.8679879225853959,0.11125827814569536,830194.5809118098,BBwidth10_min,0.15
57,0.7368421052631579,3.120472601170227,0.055073596666172675,0.07809312808383573,10.519742134464952,0.5040806798331652,1.0921851596457723,-0.4884931582236043,1.0319093959601084,0.09933774834437085,1151974.2134464951,BBwidth10_min,0.2
45,0.7333333333333333,3.312556700698075,0.0584273576822725,0.06753962784286704,6.527088509152071,0.40089353272314354,0.9674953730901721,-0.508839588771357,0.7878583773152168,0.07880794701986756,752708.8509152071,BBwidth10_min,0.25
34,0.7352941176470589,3.4416932508961673,0.06424686743467282,0.06596646867788558,4.145322846170088,0.31465785406110114,0.8539983257220001,-0.508839588771357,0.6183832017097437,0.06225165562913907,514532.2846170088,BBwidth10_min,0.3
15,0.6666666666666666,3.9513358384010635,0.0950912049776955,0.06533886908304432,1.625027780554095,0.1748958953851074,0.6446404873814904,-0.45911426095451235,0.3809419795009059,0.02185430463576159,262502.7780554095,BBwidth10_min,0.4
9,0.7777777777777778,4.359840551792474,0.11685955679338529,0.05584319526627235,1.2879336320602466,0.1482342657155835,0.6061061965499341,-0.44621497822544265,0.33220369765510344,0.01390728476821192,228793.36320602466,BBwidth10_min,0.5
71,0.7183098591549296,2.56608440885869,0.04080870191112186,0.04212328048836844,7.872429658021607,0.4398996018604764,0.9802154480672237,-0.4884931582236043,0.9005235681501919,0.12847682119205298,887242.9658021608,BBwidth20_min,0.08
70,0.7142857142857143,2.556016864363775,0.041125597700309734,0.04362563129968766,7.710193620665704,0.4354685122319655,0.9740180195146703,-0.4884931582236042,0.8914526332682697,0.1271523178807947,871019.3620665704,BBwidth20_min,0.1
68,0.7058823529411765,2.47866088190435,0.04023051890295309,0.04065464839555033,6.586313706558435,0.40272841129836956,0.9281482263349872,-0.4884931582236043,0.824429993580429,0.123841059602649,758631.3706558435,BBwidth20_min,0.15
58,0.7068965517241379,2.549921622041776,0.04446719583551768,0.05016683164623048,5.668561347783931,0.3728442899708573,0.8933127361989287,-0.4884931582236042,0.7632538628108902,0.10463576158940398,666856.1347783931,BBwidth20_min,0.2
53,0.7169811320754716,2.711142688562257,0.04730951870258885,0.058442073844793274,5.388393304947592,0.36303854839715566,0.8839794106673948,-0.4884931582236042,0.7431804157039543,0.09668874172185431,638839.3304947593,BBwidth20_min,0.25
47,0.7021276595744681,2.5376585523262585,0.04759127002707952,0.058442073844793274,3.9236133810040084,0.30502269992343023,0.8030991064023039,-0.4884931582236043,0.6244155005827292,0.08543046357615894,492361.33810040087,BBwidth20_min,0.3
31,0.6774193548387096,3.0166022230589196,0.05774992975288188,0.058442073844793274,2.6208174359897165,0.239727036642982,0.7440122838356115,-0.45911426095451235,0.5221511441282226,0.05364238410596026,362081.74359897163,BBwidth20_min,0.4
19,0.7368421052631579,4.303337943032526,0.08156926351294322,0.06533886908304432,2.6240806119728908,0.2399135622345765,0.7905208403554322,-0.45911426095451224,0.5225574168308104,0.026490066225165563,362408.0611972891,BBwidth20_min,0.5
71,0.7183098591549296,2.56608440885869,0.04080870191112186,0.04212328048836844,7.872429658021607,0.4398996018604764,0.9802154480672237,-0.4884931582236043,0.9005235681501919,0.12847682119205298,887242.9658021608,BBwidth30_min,0.08
71,0.7183098591549296,2.56608440885869,0.04080870191112186,0.04212328048836844,7.872429658021607,0.4398996018604764,0.9802154480672237,-0.4884931582236043,0.9005235681501919,0.12847682119205298,887242.9658021608,BBwidth30_min,0.1
71,0.7183098591549296,2.56608440885869,0.04080870191112186,0.04212328048836844,7.872429658021607,0.4398996018604764,0.9802154480672237,-0.4884931582236043,0.9005235681501919,0.12847682119205298,887242.9658021608,BBwidth30_min,0.15
67,0.7014925373134329,2.5357366337497904,0.04240703460741685,0.04921128820194687,7.391799097765796,0.426568627904383,0.963629149230726,-0.4884931582236043,0.8732335770179287,0.11986754966887417,839179.9097765796,BBwidth30_min,0.2
57,0.6842105263157895,2.5512223524208535,0.045323847324366937,0.058442073844793274,5.696417634991269,0.373800381528691,0.8943638211720977,-0.4884931582236043,0.7652110889086118,0.10463576158940398,669641.7634991269,BBwidth30_min,0.25
52,0.6730769230769231,2.841837832267465,0.05258271083607976,0.06299085084383016,6.876146702076284,0.41153941825729423,0.954496442600102,-0.45911426095451235,0.8963769006035478,0.09337748344370861,787614.6702076284,BBwidth30_min,0.3
40,0.75,3.5398517276445522,0.06413294174798864,0.05382668102337007,7.613025539294023,0.4327815725823403,1.0423403217108966,-0.45911426095451235,0.9426445863009665,0.06622516556291391,861302.5539294023,BBwidth30_min,0.4
23,0.782608695652174,5.014521700404509,0.0899619768368654,0.10829172021397548,4.814233462882035,0.341768471343348,0.9653110857206092,-0.45911426095451224,0.7444083105430033,0.04105960264900662,581423.3462882035,BBwidth30_min,0.5
71,0.7183098591549296,2.56608440885869,0.04080870191112186,0.04212328048836844,7.872429658021607,0.4398996018604764,0.9802154480672237,-0.4884931582236043,0.9005235681501919,0.12847682119205298,887242.9658021608,ADX7_min,10
71,0.7183098591549296,2.56608440885869,0.04080870191112186,0.04212328048836844,7.872429658021607,0.4398996018604764,0.9802154480672237,-0.4884931582236043,0.9005235681501919,0.12847682119205298,887242.9658021608,ADX7_min,15
69,0.7246376811594203,2.4886604731781965,0.03988502446306726,0.04212328048836844,6.74787764846017,0.4076738989361526,0.9356319748755451,-0.4884931582236044,0.8345539585828603,0.12582781456953643,774787.764846017,ADX7_min,20
63,0.6984126984126984,2.2550164350111688,0.03682749337147721,0.03918601630273222,4.136253919451285,0.31427058171615685,0.8020735971456088,-0.4884931582236042,0.6433469464731004,0.11788079470198676,513625.3919451285,ADX7_min,25
56,0.6964285714285714,2.0068211605331623,0.030049561648746583,0.020541474038778262,1.9307575375003427,0.19671332219912507,0.6192603573366894,-0.4941905001509792,0.39805160588685445,0.10596026490066225,293075.75375003426,ADX7_min,30
48,0.6875,1.9350125575196657,0.030381685976353785,0.02988537168749117,1.3922130522711966,0.1568131404279185,0.553926474194442,-0.4941905001509793,0.3173131421587642,0.08940397350993377,239221.30522711968,ADX7_min,35
42,0.7380952380952381,2.2623707329974363,0.03927653402367612,0.04431765167038437,2.4894419204959157,0.23209858649174064,0.7154669216617244,-0.45911426095451235,0.5055355632151367,0.06821192052980132,348944.19204959157,ADX7_min,40
30,0.7333333333333333,2.274641049566967,0.03208925273262713,0.05348278517839322,1.2139718510716597,0.1419499090282772,0.5783343339163428,-0.27941241400333705,0.5080300728033575,0.046357615894039736,221397.18510716598,ADX7_min,50
0,,,,,0.0,0.0,,0.0,,0.0,100000.0,ADX7_max,15
2,0.5,103.60382792765641,0.07267557386900553,0.07267557386900553,0.14514323284195618,0.0228928752239268,0.6560807201511369,-0.01966662500000005,1.164046969112735,0.0026490066225165563,114514.32328419562,ADX7_max,20
8,0.875,408.5078113732344,0.07216071916082344,0.06678601447724763,0.7274125845728181,0.09558839853226786,1.0153033774117253,-0.042164746794175145,2.267021761066829,0.010596026490066225,172741.2584572818,ADX7_max,25
17,0.8235294117647058,8.710161993496891,0.08106033502623154,0.08844404684348839,2.536763377769382,0.23487349926197387,1.1079574268157717,-0.1603120767060927,1.4651017196451017,0.025165562913907286,353676.3377769382,ADX7_max,30
25,0.8,6.517752043038203,0.06409920883643051,0.04937179697149152,3.3329735693531815,0.27746609729104965,1.0373383994002867,-0.23867107697105938,1.1625459641458544,0.041721854304635764,433297.35693531815,ADX7_max,35
33,0.7272727272727273,4.0772371006443064,0.05066662950225604,0.04512798211100688,2.755879933608254,0.2473328853683716,0.8668954317246514,-0.2145234866231044,1.1529408236913004,0.06622516556291391,375587.9933608254,ADX7_max,40
71,0.7183098591549296,2.56608440885869,0.04080870191112186,0.04212328048836844,7.872429658021607,0.4398996018604764,0.9802154480672237,-0.4884931582236043,0.9005235681501919,0.12847682119205298,887242.9658021608,ADX14_min,10
69,0.7391304347826086,2.9002823890886047,0.04752292666492236,0.04921128820194687,11.69296601456232,0.5286414698856929,1.120448164018874,-0.4591142609545126,1.1514377026464635,0.11920529801324503,1269296.601456232,ADX14_min,15
58,0.7241379310344828,2.8175744814757318,0.0447857345906834,0.047169635156476875,7.708365663782757,0.4354181956404244,1.0340798541551104,-0.45911426095451247,0.9483874335229246,0.10066225165562914,870836.5663782757,ADX14_min,20
47,0.7021276595744681,2.759077467128116,0.046090364264972816,0.04937179697149152,4.912572311256848,0.34553215382068747,0.91071524957398,-0.45911426095451224,0.7526060138108449,0.08079470198675497,591257.2311256848,ADX14_min,25
35,0.6857142857142857,3.220953142616291,0.053678969498497396,0.058442073844793274,3.820961796894416,0.30043870162466635,0.8679791341703854,-0.45911426095451224,0.6543876485126934,0.05695364238410596,482096.1796894416,ADX14_min,30
26,0.6923076923076923,3.58836588244086,0.060779206589501526,0.0539069354081424,2.719736581705574,0.24532014400100466,0.7890009334858047,-0.44621497822544276,0.5497801642083397,0.04304635761589404,371973.6581705574,ADX14_min,35
17,0.7647058823529411,4.451773455034604,0.0796813152433756,0.058442073844793274,2.079637064868965,0.20665776922628476,0.7404703766612404,-0.44621497822544276,0.4631349894352366,0.027152317880794703,307963.7064868965,ADX14_min,40
6,1.0,inf,0.20880627808001398,0.14449407629604039,2.0032718314838713,0.201608221907428,0.8132643224242844,-0.27089273007027304,0.7442363693375169,0.012582781456953643,300327.1831483871,ADX14_min,50
4,0.25,0.03216561171371425,-0.05564863631606112,-0.0619201260734244,-0.20930781344460703,-0.03846241603017719,-0.1640600346510668,-0.2937498382778455,-0.13093595644399036,0.011920529801324504,79069.2186555393,ADX14_max,15
15,0.7333333333333333,1.8422474496731525,0.023636884122346397,0.013544239649098788,0.07519244554856575,0.012181740439449973,0.1673641416556156,-0.3713054990474347,0.032807864334629046,0.029801324503311258,107519.24455485657,ADX14_max,20
25,0.76,2.2721770568589577,0.0314805564200881,0.02058472707225012,0.5844025217358271,0.0798898564731445,0.42269051292120335,-0.4181773743210456,0.1910429912733896,0.04966887417218543,158440.2521735827,ADX14_max,25
38,0.7631578947368421,2.0972427681312067,0.02899540161935882,0.020541474038778262,0.9956785513230573,0.12232337967346818,0.5219933679462234,-0.3993722881488264,0.3062891024323758,0.07417218543046358,199567.85513230573,ADX14_max,30
47,0.7446808510638298,2.1304108498142673,0.029813486648051737,0.02089066797642425,1.5899849807246063,0.17226178794471814,0.6297982794015087,-0.3993722881488265,0.43133134936123707,0.08874172185430464,258998.49807246064,ADX14_max,35
56,0.7142857142857143,2.099009871676922,0.028607077752357015,0.020541474038778262,2.052863751485241,0.20489941570528547,0.6776401804657738,-0.3993722881488263,0.5130536639260499,0.10529801324503311,305286.3751485241,ADX14_max,40
66,0.7272727272727273,2.8517195698712596,0.0445951877377781,0.04362563129968766,8.730328586055393,0.46226734568963357,1.0391563570492794,-0.4884931582236043,0.946312835517819,0.11788079470198676,973032.8586055393,ADX20_min,10
60,0.7333333333333333,3.7708558959294476,0.05371744176706285,0.049291542586719195,12.693243397778875,0.5481301537349461,1.186971747705415,-0.45911426095451235,1.1938861419712101,0.10198675496688742,1369324.3397778876,ADX20_min,15
49,0.7346938775510204,3.8672473509626197,0.058280232049841625,0.051122375090514094,8.8021138247432,0.4640635071133903,1.1049352659210065,-0.44621497822544276,1.0399998425846877,0.08344370860927153,980211.38247432,ADX20_min,20
37,0.7297297297297297,5.412517933590567,0.06846278328191864,0.0650230201811135,6.8204058850304,0.4098661029688897,1.103322556289778,-0.27089273007027304,1.513019942848098,0.06754966887417219,782040.58850304,ADX20_min,25
27,0.7407407407407407,8.27989529743925,0.07939792329502031,0.0650230201811135,5.757730358427398,0.3758931590624808,1.2514397412024958,-0.2112009353866996,1.7797892721177442,0.041721854304635764,675773.0358427399,ADX20_min,30
16,0.875,343.97615262510334,0.10067256269258096,0.08650750339586077,3.270551458187354,0.2743739204738318,1.2245049382823747,-0.10319980834579934,2.6586669575438213,0.02384105960264901,427055.1458187354,ADX20_min,35
9,1.0,inf,0.1382841247110359,0.10829172021397548,2.011857817126113,0.2021812597779169,1.058548200769389,-0.10319980834579945,1.9591243726001193,0.013245033112582781,301185.7817126113,ADX20_min,40
1,1.0,inf,0.525720100308642,0.525720100308642,0.5257201003086418,0.07310462014399954,0.5528136204366204,-0.05941404825715002,1.2304265117164772,0.001986754966887417,152572.01003086418,ADX20_min,50
12,0.5833333333333334,0.4733719423680477,-0.0334937130924901,0.008467896626251026,-0.40149316481611397,-0.08215699698821122,-0.3096713931005675,-0.5171446106220101,-0.15886658257811986,0.02781456953642384,59850.6835183886,ADX20_max,15
25,0.72,1.415519870427725,0.014196147067186042,0.018625996667971156,0.21747956703509574,0.03341062250269089,0.2572168477434357,-0.41224615262507236,0.0810453227760673,0.04966887417218543,121747.95670350957,ADX20_max,20
35,0.7142857142857143,1.3292549025296538,0.01200394427214099,0.018625996667971156,0.19787829655140188,0.030613135112367296,0.263292193171126,-0.3917086491319919,0.07815281888772325,0.06291390728476821,119787.82965514019,ADX20_max,25
44,0.7045454545454546,1.4844818786458338,0.01712895242554782,0.019605361870110638,0.31293040524427274,0.04651992226024926,0.31893662744230405,-0.4884931582236043,0.09523147146915636,0.08675496688741721,131293.04052442728,ADX20_max,30
56,0.6785714285714286,1.7026716775960409,0.02315562683339829,0.019849473093234593,1.0984809665380832,0.1317779585039658,0.5014686964576791,-0.4884931582236043,0.26976418458586754,0.10728476821192053,209848.09665380834,ADX20_max,35
62,0.6774193548387096,1.893388368503264,0.026659043762747234,0.020737697524337184,1.9458328369855096,0.19773918462717832,0.623161152944257,-0.4884931582236043,0.40479417428537373,0.1152317880794702,294583.28369855095,ADX20_max,40
50,0.7,2.136418635791369,0.033886950039982364,0.02974782198670578,2.032589325815866,0.20355931370717184,0.6442860699539005,-0.5157593060983247,0.3946788963384505,0.09271523178807947,303258.9325815866,Gap_down,0
46,0.717391304347826,2.165435648817293,0.036454288602465294,0.04036412824267788,1.9852948682297353,0.20040398659027114,0.6413710983947067,-0.4884931582236042,0.4102493212372438,0.08609271523178808,298529.48682297353,Gap_down,-0.005
46,0.717391304347826,2.2758470451237947,0.03865638091415535,0.045667284345157655,2.3014252502936263,0.22075391547567547,0.6842345834739522,-0.4884931582236043,0.4519078962711427,0.08211920529801324,330142.52502936265,Gap_down,-0.01
42,0.7142857142857143,2.2500813328048355,0.04121301385240337,0.06173254701295339,2.1512515249946933,0.2112992798729063,0.6662363109384384,-0.4884931582236043,0.4325532022624267,0.07880794701986756,315125.15249946935,Gap_down,-0.02
34,0.6764705882352942,1.947904573952079,0.033703329727087325,0.045612944003073475,0.8919629965131635,0.11236436986926757,0.4670828208556311,-0.514310305046122,0.21847582824378958,0.06291390728476821,189196.29965131634,Gap_down,-0.03
20,0.55,1.4065592034441219,0.02053555322849528,0.019806220059762736,0.1531011244580982,0.024076615204035257,0.23930427739304197,-0.5441864564444859,0.04424331939707394,0.035099337748344374,115310.11244580982,Gap_down,-0.05
10,0.4,1.4211514807065568,0.023247004902770874,-0.020002003471903118,0.05699276776433715,0.009299964029253482,0.17953818391107432,-0.5441864564444858,0.017089664616087706,0.01390728476821192,105699.27677643372,Gap_down,-0.08
6,0.3333333333333333,0.4847538456687642,-0.042204057156647455,-0.04553262302699024,-0.2775423558571881,-0.052846619789073346,-0.07975015412161349,-0.5088395887713569,-0.10385713092150846,0.009933774834437087,72245.76441428119,Gap_down,-0.1
35,0.7714285714285715,2.610837022015508,0.045311025518809014,0.04921128820194687,2.6407435828012087,0.24086385474541938,0.7374533438107816,-0.45911426095451247,0.5246272556305616,0.05827814569536424,364074.3582801209,CLV_low,-0.9
51,0.7647058823529411,2.4387992000986722,0.039535524594006576,0.04921128820194687,3.287388958079471,0.2752116810740457,0.7758421144376838,-0.45911426095451247,0.5994404976701709,0.09337748344370861,428738.8958079471,CLV_low,-0.8
70,0.7285714285714285,2.6480168223380676,0.042209456675631626,0.04362563129968766,8.411163542394494,0.45414523199893386,1.0006203971904226,-0.48849315822360406,0.9296859625433123,0.12781456953642384,941116.3542394494,CLV_low,-0.6
71,0.7183098591549296,2.56608440885869,0.04080870191112186,0.04212328048836844,7.872429658021607,0.4398996018604764,0.9802154480672237,-0.4884931582236043,0.9005235681501919,0.12847682119205298,887242.9658021608,CLV_low,-0.4
71,0.7183098591549296,2.56608440885869,0.04080870191112186,0.04212328048836844,7.872429658021607,0.4398996018604764,0.9802154480672237,-0.4884931582236043,0.9005235681501919,0.12847682119205298,887242.9658021608,CLV_low,-0.2
71,0.7183098591549296,2.56608440885869,0.04080870191112186,0.04212328048836844,7.872429658021607,0.4398996018604764,0.9802154480672237,-0.4884931582236043,0.9005235681501919,0.12847682119205298,887242.9658021608,CLV_low,0
71,0.7183098591549296,2.56608440885869,0.04080870191112186,0.04212328048836844,7.872429658021607,0.4398996018604764,0.9802154480672237,-0.4884931582236043,0.9005235681501919,0.12847682119205298,887242.9658021608,CLV_low,0.2
70,0.7142857142857143,2.538452234587207,0.04066136372284483,0.04065464839555033,7.44091027674831,0.42795955161062227,0.9637106565765082,-0.4884931582236043,0.8760809530411617,0.12781456953642384,844091.0276748311,Ret1_down,-0.01
69,0.7246376811594203,2.6856478198912117,0.043489856382103696,0.04512798211100688,8.837439276438598,0.4649433769139524,1.020429671282375,-0.4884931582236044,0.9517909700203574,0.12317880794701987,983743.9276438598,Ret1_down,-0.02
66,0.7424242424242424,2.9887250835786787,0.047462977899706146,0.047169635156476875,10.42080603983478,0.5019155523999459,1.0781121932548592,-0.4884931582236043,1.0274771385236017,0.11456953642384106,1142080.603983478,Ret1_down,-0.03
66,0.7424242424242424,2.9887250835786787,0.047462977899706146,0.047169635156476875,10.42080603983478,0.5019155523999459,1.0781121932548592,-0.4884931582236043,1.0274771385236017,0.11456953642384106,1142080.603983478,Ret1_down,-0.04
58,0.7413793103448276,2.837725310976159,0.04777806916185315,0.05382668102337007,7.154456628481691,0.41974948862734895,0.969334358276781,-0.4884931582236043,0.8592740380515455,0.10463576158940398,815445.6628481692,Ret1_down,-0.05
51,0.7254901960784313,2.711620209739419,0.04890648368282733,0.0650230201811135,6.665313620018426,0.4051574537154432,0.9711091646755532,-0.4884931582236042,0.8294025144360063,0.09271523178807947,766531.3620018426,Ret1_down,-0.07
39,0.717948717948718,2.921711830176379,0.05612177396137074,0.07825872508473286,5.0459829726927525,0.3505556353337731,0.9227368621015215,-0.508839588771357,0.6889315278715321,0.07152317880794702,604598.2972692753,Ret1_down,-0.1
30,0.7,2.8824490542558667,0.05694216252890024,0.07881335833359904,2.9529650308981763,0.2580325213141408,0.7679649205650542,-0.508839588771357,0.5070999328829455,0.0576158940397351,395296.50308981765,Ret1_down,-0.12
21,0.6190476190476191,1.738126459422582,0.019044888256042242,0.03918601630273222,0.3924762412592091,0.05685143701537143,0.41186280959315213,-0.2145234866231045,0.2650126469147572,0.038410596026490065,139247.6241259209,QQQ_above_EMA20,0
55,0.7636363636363637,2.7411796586295694,0.04590305123997858,0.04212328048836844,5.447460239434232,0.3651352476171654,0.8870777487229162,-0.508839588771357,0.717584196816958,0.1,644746.0239434232,QQQ_below_EMA20,0
33,0.696969696969697,2.4197087462181277,0.030850347559822057,0.03918601630273222,1.4508149944211577,0.16149834825666654,0.7725252197434134,-0.22570003173662223,0.7155441982618991,0.05894039735099338,245081.49944211578,QQQ_above_EMA50,0
45,0.7777777777777778,3.1844501576746467,0.05500015692555304,0.05584319526627235,5.307471596222152,0.36013969681796376,0.889737672641731,-0.45911426095451224,0.7844228059246572,0.08211920529801324,630747.1596222152,QQQ_below_EMA50,0
47,0.7021276595744681,2.5039818083012477,0.029411195371146948,0.02089066797642425,2.3976971917316647,0.2266281881443497,0.8283181256642399,-0.2145234866231045,1.0564259965740344,0.0814569536423841,339769.7191731665,QQQ_above_EMA100,0
31,0.8064516129032258,3.3955867651554117,0.07194428224252858,0.07984554644399267,4.086504478329941,0.31213593096512815,0.8638974552617736,-0.45911426095451235,0.679865465987025,0.05562913907284768,508650.4478329941,QQQ_below_EMA100,0
53,0.6981132075471698,2.0384765398157807,0.024654113419197543,0.02089066797642425,1.9691505326900929,0.19931735544703488,0.7280577869609528,-0.4181529182873529,0.4766614000050212,0.09271523178807947,296915.0532690093,QQQ_above_EMA200,0
20,0.75,3.3502361608973676,0.07851485664813458,0.10276170715999788,1.914356334602906,0.1955922284723164,0.6537933818462097,-0.45911426095451224,0.4260208081223056,0.0390728476821192,291435.6334602906,QQQ_below_EMA200,0
71,0.7183098591549296,2.56608440885869,0.04080870191112186,0.04212328048836844,7.872429658021607,0.4398996018604764,0.9802154480672237,-0.4884931582236043,0.9005235681501919,0.12847682119205298,887242.9658021608,QQQ_dist20_min,-0.2
69,0.7246376811594203,2.859978247773826,0.042898450697273494,0.04212328048836844,9.00621830217676,0.46911127002052777,1.0882090803662285,-0.3547026517547677,1.3225479643294555,0.123841059602649,1000621.830217676,QQQ_dist20_min,-0.15
68,0.7352941176470589,2.927535470157951,0.04406937216638064,0.04362563129968766,9.387698307965898,0.47832012291330117,1.1056718953109268,-0.3547026517547678,1.3485101409503961,0.12317880794701987,1038769.8307965898,QQQ_dist20_min,-0.1
59,0.711864406779661,2.3168722256706094,0.03349089455207422,0.03918601630273222,3.0998670371798873,0.2657223121628438,0.8091058434446068,-0.5026758042173465,0.5286156801928565,0.10596026490066225,409986.70371798874,QQQ_dist20_min,-0.05
21,0.6190476190476191,1.738126459422582,0.019044888256042242,0.03918601630273222,0.3924762412592091,0.05685143701537143,0.41186280959315213,-0.2145234866231045,0.2650126469147572,0.038410596026490065,139247.6241259209,QQQ_dist20_min,0
0,,,,,0.0,0.0,,0.0,,0.0,100000.0,QQQ_dist20_min,0.03
0,,,,,0.0,0.0,,0.0,,0.0,100000.0,QQQ_dist20_min,0.05
0,,,,,0.0,0.0,,0.0,,0.0,100000.0,QQQ_dist20_min,0.1
3,0.3333333333333333,0.6638641456589729,-0.033099823874743896,-0.036724209202012914,-0.14587145342701047,-0.025989310743541827,0.01098843921056702,-0.45911426095451235,-0.05660750047168927,0.005298013245033113,85412.85465729896,QQQ_dist20_max,-0.1
17,0.7058823529411765,3.4479964344948564,0.06915491950690027,0.07825872508473286,1.6857825855593487,0.17939410463714722,0.6544375981353507,-0.45911426095451247,0.3907395607014721,0.02781456953642384,268578.2585559349,QQQ_dist20_max,-0.05
55,0.7636363636363637,2.7411796586295694,0.04590305123997858,0.04212328048836844,5.447460239434232,0.3651352476171654,0.8870777487229162,-0.508839588771357,0.717584196816958,0.1,644746.0239434232,QQQ_dist20_max,0
71,0.7183098591549296,2.56608440885869,0.04080870191112186,0.04212328048836844,7.872429658021607,0.4398996018604764,0.9802154480672237,-0.4884931582236043,0.9005235681501919,0.12847682119205298,887242.9658021608,QQQ_dist20_max,0.03
71,0.7183098591549296,2.56608440885869,0.04080870191112186,0.04212328048836844,7.872429658021607,0.4398996018604764,0.9802154480672237,-0.4884931582236043,0.9005235681501919,0.12847682119205298,887242.9658021608,QQQ_dist20_max,0.05
71,0.7183098591549296,2.56608440885869,0.04080870191112186,0.04212328048836844,7.872429658021607,0.4398996018604764,0.9802154480672237,-0.4884931582236043,0.9005235681501919,0.12847682119205298,887242.9658021608,QQQ_dist20_max,0.1
71,0.7183098591549296,2.56608440885869,0.04080870191112186,0.04212328048836844,7.872429658021607,0.4398996018604764,0.9802154480672237,-0.4884931582236043,0.9005235681501919,0.12847682119205298,887242.9658021608,QQQ_dist20_max,0.15
70,0.7142857142857143,2.460082094207258,0.038590037287510606,0.04065464839555033,6.417704806690925,0.39747282272126205,0.9574906761003283,-0.3617161975734887,1.0988527065905274,0.12450331125827814,741770.4806690925,QQQ_dist50_min,-0.2
69,0.7246376811594203,2.859978247773826,0.042898450697273494,0.04212328048836844,9.00621830217676,0.46911127002052777,1.0882090803662285,-0.3547026517547677,1.3225479643294555,0.123841059602649,1000621.830217676,QQQ_dist50_min,-0.15
67,0.7313432835820896,2.915240905289551,0.04444183713730842,0.04512798211100688,9.192869565684743,0.47365286172708276,1.1090674869724948,-0.3668056669780315,1.2912910142019438,0.1205298013245033,1019286.9565684744,QQQ_dist50_min,-0.1
54,0.7037037037037037,2.062918446982782,0.024767076969552253,0.020737697524337184,1.5368209917814042,0.16820828637989638,0.6387617881418816,-0.4181529182873529,0.4022650064690075,0.09668874172185431,253682.0991781404,QQQ_dist50_min,-0.05
33,0.696969696969697,2.4197087462181277,0.030850347559822057,0.03918601630273222,1.4508149944211577,0.16149834825666654,0.7725252197434134,-0.22570003173662223,0.7155441982618991,0.05894039735099338,245081.49944211578,QQQ_dist50_min,0
7,0.7142857142857143,4.479086586960513,0.05346300632189179,0.07953358858336235,0.4100163329496429,0.059063168903158436,0.5496471266143117,-0.22598582628190367,0.2613578465291921,0.011258278145695364,141001.6332949643,QQQ_dist50_min,0.03
1,1.0,inf,0.03918601630273222,0.03918601630273222,0.03918601630273222,0.006440118967336428,0.29795580630187485,-0.013194915618476077,0.48807579779583443,0.0006622516556291391,103918.60163027322,QQQ_dist50_min,0.05
0,,,,,0.0,0.0,,0.0,,0.0,100000.0,QQQ_dist50_min,0.1
6,0.5,0.7280894493862614,-0.015850379037193052,-0.008804995043896924,-0.14439485382282202,-0.025708294005389876,0.035393848767130066,-0.45911426095451224,-0.055995415938380054,0.010596026490066225,85560.5146177178,QQQ_dist50_max,-0.1
19,0.7368421052631579,3.0570412386977104,0.08557623200559114,0.11459386585776876,2.5443987309092004,0.23531833213897047,0.7342752716795836,-0.45911426095451224,0.5125485138486804,0.03443708609271523,354439.87309092004,QQQ_dist50_max,-0.05
45,0.7777777777777778,3.1844501576746467,0.05500015692555304,0.05584319526627235,5.307471596222152,0.36013969681796376,0.889737672641731,-0.45911426095451224,0.7844228059246572,0.08211920529801324,630747.1596222152,QQQ_dist50_max,0
65,0.7076923076923077,2.2638876514744433,0.03663799502283623,0.02089066797642425,4.400748254197913,0.32533857958626267,0.8172503861365507,-0.5088395887713573,0.6393735604806701,0.11986754966887417,540074.8254197913,QQQ_dist50_max,0.03
70,0.7142857142857143,2.544903960384511,0.04083188313409886,0.04362563129968766,7.537864750709776,0.430685815006951,0.9677333439042778,-0.4884931582236042,0.881661918404613,0.12781456953642384,853786.4750709776,QQQ_dist50_max,0.05
71,0.7183098591549296,2.56608440885869,0.04080870191112186,0.04212328048836844,7.872429658021607,0.4398996018604764,0.9802154480672237,-0.4884931582236043,0.9005235681501919,0.12847682119205298,887242.9658021608,QQQ_dist50_max,0.1
71,0.7183098591549296,2.56608440885869,0.04080870191112186,0.04212328048836844,7.872429658021607,0.4398996018604764,0.9802154480672237,-0.4884931582236043,0.9005235681501919,0.12847682119205298,887242.9658021608,QQQ_dist50_max,0.15
71,0.7183098591549296,2.56608440885869,0.04080870191112186,0.04212328048836844,7.872429658021607,0.4398996018604764,0.9802154480672237,-0.4884931582236043,0.9005235681501919,0.12847682119205298,887242.9658021608,QQQ_dist100_min,-0.2
69,0.7246376811594203,2.859978247773826,0.042898450697273494,0.04212328048836844,9.00621830217676,0.46911127002052777,1.0882090803662285,-0.3547026517547677,1.3225479643294555,0.123841059602649,1000621.830217676,QQQ_dist100_min,-0.15
63,0.6984126984126984,2.1215939181359897,0.02833204542179175,0.02089066797642425,2.604595822524882,0.23879771346711753,0.7456503881493635,-0.39350414570140935,0.6068492951744328,0.11589403973509933,360459.58225248824,QQQ_dist100_min,-0.1
54,0.7037037037037037,2.139449083752466,0.02655031836195072,0.030038342139578234,1.7764148225432348,0.18594936144995344,0.6865216759043132,-0.4181529182873529,0.44469224849979366,0.09735099337748344,277641.4822543235,QQQ_dist100_min,-0.05
47,0.7021276595744681,2.5039818083012477,0.029411195371146948,0.02089066797642425,2.3976971917316647,0.2266281881443497,0.8283181256642399,-0.2145234866231045,1.0564259965740344,0.0814569536423841,339769.7191731665,QQQ_dist100_min,0
26,0.7692307692307693,2.774746689887942,0.034900745008355986,0.04065464839555033,1.2447555303808997,0.14458645816641558,0.7879649302118815,-0.2173517841003596,0.665218639749718,0.045033112582781455,224475.55303808997,QQQ_dist100_min,0.03
13,0.6153846153846154,1.3126029113842725,0.0122607315785902,0.03918601630273222,0.09981429486743987,0.016016427472104633,0.17921484668017235,-0.21735178410035938,0.07368896251943924,0.026490066225165563,109981.42948674399,QQQ_dist100_min,0.05
0,,,,,0.0,0.0,,0.0,,0.0,100000.0,QQQ_dist100_min,0.1
11,0.8181818181818182,4.214055838834362,0.10640154528794672,0.11459386585776876,1.5723290258201637,0.17092335540666204,0.6364911339503581,-0.44621497822544287,0.38305158667333167,0.017218543046357615,257232.90258201637,QQQ_dist100_max,-0.1
19,0.7368421052631579,3.103731899839374,0.07397877321084073,0.09684416903697679,2.0055277365556208,0.20175891546395186,0.6703624357899094,-0.45911426095451224,0.4394525124192158,0.03377483443708609,300552.7736555621,QQQ_dist100_max,-0.05
31,0.8064516129032258,3.3955867651554117,0.07194428224252858,0.07984554644399267,4.086504478329941,0.31213593096512815,0.8638974552617736,-0.45911426095451235,0.679865465987025,0.05562913907284768,508650.4478329941,QQQ_dist100_max,0
49,0.7142857142857143,2.8133611803151855,0.049545767743600144,0.04921128820194687,4.913250411283479,0.34555792486835624,0.8574480558574339,-0.45911426095451235,0.7526621459109785,0.09006622516556291,591325.0411283479,QQQ_dist100_max,0.03
62,0.7419354838709677,2.8688649909996258,0.04466984705191517,0.047169635156476875,7.191825101078356,0.420834004975821,0.9656486145045189,-0.508839588771357,0.8270465079023547,0.11059602649006622,819182.5101078356,QQQ_dist100_max,0.05
71,0.7183098591549296,2.56608440885869,0.04080870191112186,0.04212328048836844,7.872429658021607,0.4398996018604764,0.9802154480672237,-0.4884931582236043,0.9005235681501919,0.12847682119205298,887242.9658021608,QQQ_dist100_max,0.1
71,0.7183098591549296,2.56608440885869,0.04080870191112186,0.04212328048836844,7.872429658021607,0.4398996018604764,0.9802154480672237,-0.4884931582236043,0.9005235681501919,0.12847682119205298,887242.9658021608,QQQ_dist100_max,0.15
71,0.7183098591549296,2.56608440885869,0.04080870191112186,0.04212328048836844,7.872429658021607,0.4398996018604764,0.9802154480672237,-0.4884931582236043,0.9005235681501919,0.12847682119205298,887242.9658021608,QQQ_dist200_min,-0.2
69,0.7101449275362319,2.449750660413498,0.03887229552190613,0.04212328048836844,6.278580425595623,0.3930608076487563,0.9578845827804745,-0.36680566697803163,1.0715777945499874,0.12185430463576159,727858.0425595623,QQQ_dist200_min,-0.15
65,0.7230769230769231,3.1679552427928055,0.04499909654734243,0.04212328048836844,9.172179668353976,0.4731528663793425,1.1244980224276344,-0.27941241400333705,1.693385270898134,0.11721854304635762,1017217.9668353976,QQQ_dist200_min,-0.1
58,0.7068965517241379,2.2763892155326557,0.028498226616137354,0.030038342139578234,3.108894708835148,0.2661873496059466,0.857201451271358,-0.3549182165766954,0.749996301044822,0.10132450331125828,410889.4708835148,QQQ_dist200_min,-0.05
53,0.6981132075471698,2.0384765398157807,0.024654113419197543,0.02089066797642425,1.9691505326900929,0.19931735544703488,0.7280577869609528,-0.4181529182873529,0.4766614000050212,0.09271523178807947,296915.0532690093,QQQ_dist200_min,0
43,0.7441860465116279,2.812228605914814,0.033319660856971085,0.03918601630273222,2.5990739168260015,0.2384805731091233,0.8763261949253582,-0.2145234866231044,1.111675820970172,0.07483443708609272,359907.39168260014,QQQ_dist200_min,0.03
37,0.7837837837837838,3.0853574410855176,0.03731326991035443,0.04212328048836844,2.456704301426477,0.2301604628487759,0.8841982973053474,-0.21452348662310428,1.0728916748082888,0.06556291390728476,345670.4301426477,QQQ_dist200_min,0.05
14,0.7142857142857143,1.9746453135649196,0.03121163309040098,0.060828434535865394,0.43813102619598765,0.06256096505575681,0.4265316995011941,-0.2145234866231045,0.2916275790616341,0.025165562913907286,143813.10261959877,QQQ_dist200_min,0.1
8,0.75,1.2712138057669928,0.01698248402481084,0.06813409208789933,0.018994577927080147,0.003147467940315618,0.15686603371014438,-0.44621497822544287,0.007053703021877072,0.01390728476821192,101899.45779270802,QQQ_dist200_max,-0.1
13,0.7692307692307693,3.2418775033098832,0.09573236091951427,0.11459386585776876,1.1593227100572014,0.13719316679999305,0.5344845258327835,-0.44621497822544276,0.3074597973954125,0.027152317880794703,215932.27100572016,QQQ_dist200_max,-0.05
20,0.75,3.3502361608973676,0.07851485664813458,0.10276170715999788,1.914356334602906,0.1955922284723164,0.6537933818462097,-0.45911426095451224,0.4260208081223056,0.0390728476821192,291435.6334602906,QQQ_dist200_max,0
30,0.7,2.7189281612905405,0.060707078064774135,0.0789693372639142,2.4041387842580453,0.227016267279617,0.6995438179400735,-0.45911426095451235,0.4944657280034023,0.05562913907284768,340413.87842580455,QQQ_dist200_max,0.03
39,0.6923076923076923,2.7213865830902417,0.05243885477987037,0.058442073844793274,3.1749016809560473,0.2695619090251169,0.7708499678372108,-0.45911426095451235,0.5871346894446049,0.0695364238410596,417490.1680956047,QQQ_dist200_max,0.05
60,0.7166666666666667,2.5727858537075066,0.040459397582698245,0.02974782198670578,4.885717858234074,0.34450957115876624,0.8519262023950936,-0.508839588771357,0.6770494646271888,0.10993377483443709,588571.7858234074,QQQ_dist200_max,0.1
70,0.7285714285714285,2.735298463934985,0.0423066744127893,0.04065464839555033,8.622814414871685,0.459556442484335,1.013683432812637,-0.4884931582236043,0.940763314179267,0.12317880794701987,962281.4414871685,QQQ_dist200_max,0.15
64,0.734375,2.908746703866168,0.04709910046680002,0.05016683164623048,9.183792459640882,0.47343360712646687,1.0343370698094023,-0.4884931582236042,0.9691714185887453,0.11456953642384106,1018379.2459640882,QQQ_ret1_down,-0.005
57,0.7543859649122807,2.9500318610852796,0.05042110207594858,0.058442073844793274,9.817113065142491,0.4883549918243728,1.0619405112710185,-0.4884931582236043,0.9997171579644352,0.09933774834437085,1081711.3065142492,QQQ_ret1_down,-0.01
40,0.75,2.565706404185306,0.0479966978578942,0.06628132401199027,3.5807600586117294,0.2893858987660427,0.7806915275899824,-0.514310305046122,0.5626678989838466,0.07549668874172186,458076.0058611729,QQQ_ret1_down,-0.02
25,0.8,3.977572878588213,0.06501433882232188,0.07809312808383573,2.9650082216388656,0.2586718165960087,0.7951740740866767,-0.508839588771357,0.5083563117024701,0.04437086092715232,396500.82216388657,QQQ_ret1_down,-0.03
4,0.5,1.5593336313654391,0.04130884383424116,0.07969550818094834,0.0800753109258645,0.012947986988692817,0.18048166469252774,-0.45911426095451247,0.02820210150251826,0.005960264900662252,108007.53109258645,QQQ_ret1_down,-0.05
2,0.5,0.7581076022185469,-0.03128763121110939,-0.03128763121110939,-0.11330840582485613,-0.019883904477598247,0.03407062037505125,-0.44621497822544287,-0.04456126631310038,0.004635761589403974,88669.15941751438,QQQ_ret1_down,-0.08
1,1.0,inf,0.1961152255639096,0.1961152255639096,0.1961152255639098,0.03035964524633683,0.2488948381178209,-0.27089273007027304,0.1120725729275243,0.003973509933774834,119611.52255639098,QQQ_ret1_down,-0.1
0,,,,,0.0,0.0,,0.0,,0.0,100000.0,QQQ_ret1_down,-0.15
68,0.7352941176470589,2.927535470157951,0.04406937216638064,0.04362563129968766,9.387698307965898,0.47832012291330117,1.1056718953109268,-0.3547026517547678,1.3485101409503961,0.12317880794701987,1038769.8307965898,QQQ_ret1_min,-0.05
53,0.6792452830188679,1.9220658304266818,0.026990584734694328,0.02058472707225012,1.5286177376680796,0.16757653857492572,0.6010314257258069,-0.3668056669780315,0.45685373390090533,0.09668874172185431,252861.77376680795,QQQ_ret1_min,-0.03
38,0.6578947368421053,1.8000234843726686,0.022217062760874276,0.016650627965880682,0.6107581734365255,0.08286933484793124,0.443171983984737,-0.2677691759049414,0.3094804865715762,0.06754966887417219,161075.81734365254,QQQ_ret1_min,-0.02
18,0.6111111111111112,1.0971088268277722,0.0025214087576517098,0.016650627965880682,-0.167560174247668,-0.03016431229782579,-0.16916763485809644,-0.28072211499655875,-0.10745256852384275,0.03708609271523179,83243.9825752332,QQQ_ret1_min,-0.01
3,1.0,inf,0.05951806172063042,0.04937179697149152,0.1873061313189357,0.02908841377226712,0.7006007409382967,-0.01853678101292844,1.569226811924868,0.003973509933774834,118730.61313189357,QQQ_ret1_min,0
0,,,,,0.0,0.0,,0.0,,0.0,100000.0,QQQ_ret1_min,0.01
0,,,,,0.0,0.0,,0.0,,0.0,100000.0,QQQ_ret1_min,0.02
0,,,,,0.0,0.0,,0.0,,0.0,100000.0,QQQ_ret1_min,0.03
0,,,,,0.0,0.0,,0.0,,0.0,100000.0,QQQ_ret1_min,0.05
64,0.75,2.9236856509828066,0.04620794629328702,0.047169635156476875,8.746231460711034,0.4626662060905362,1.0216406468856483,-0.4884931582236043,0.9471293472625343,0.11324503311258279,974623.1460711034,QQQ_ret2_down,-0.005
61,0.7704918032786885,3.0793158335156363,0.04965644027463125,0.05584319526627235,9.479454268533742,0.48049298814895414,1.0516839029305012,-0.4884931582236042,0.983622759213778,0.10927152317880795,1047945.4268533741,QQQ_ret2_down,-0.01
49,0.7551020408163265,2.786514599926281,0.04616782945445491,0.04212328048836844,4.328367076947544,0.32235541396555534,0.834532351358084,-0.4941905001509793,0.6522897827195647,0.08410596026490066,532836.7076947545,QQQ_ret2_down,-0.02
34,0.7647058823529411,2.5865348408049442,0.04772302564818449,0.05357315033474097,1.9748364750399783,0.19970062089898133,0.6321439803251551,-0.508839588771357,0.3924628218908399,0.06291390728476821,297483.64750399784,QQQ_ret2_down,-0.03
12,0.6666666666666666,1.8873270786961518,0.04012101887808933,0.05373107478570638,0.11972600573785375,0.01906558756009069,0.2092014657534233,-0.418224974910137,0.04558691781663032,0.02119205298013245,111972.60057378538,QQQ_ret2_down,-0.05
3,0.0,0.0,-0.11658524468003628,-0.05434103685196756,-0.3247186404081165,-0.06346865411128277,-0.37026661661775145,-0.36173291203616853,-0.17545722824617282,0.0026490066225165563,67528.13595918835,QQQ_ret2_down,-0.08
1,0.0,0.0,-0.25869048798612837,-0.25869048798612837,-0.2586904879861285,-0.04876311873794603,-0.3040764894514539,-0.3089593714962814,-0.15783019787290362,0.0006622516556291391,74130.95120138716,QQQ_ret2_down,-0.1
0,,,,,0.0,0.0,,0.0,,0.0,100000.0,QQQ_ret2_down,-0.15
64,0.71875,2.5325267790937156,0.037228153466027744,0.04215699920686955,6.479002581477971,0.3993948970263512,0.9829417361140124,-0.3228500021238273,1.2370912014836088,0.11655629139072848,747900.2581477971,QQQ_ret2_min,-0.05
47,0.6808510638297872,2.0689304770107486,0.02862817452622755,0.02089066797642425,2.0130152401298487,0.20225840331345557,0.7534274568075193,-0.2733141962421711,0.7400215799044837,0.08278145695364239,301301.5240129849,QQQ_ret2_min,-0.03
31,0.6774193548387096,2.0213134210547166,0.026075651078281973,0.02089066797642425,0.9063462960288191,0.11377224283695941,0.5858694640639819,-0.2733141962421711,0.41626905737509173,0.05695364238410596,190634.6296028819,QQQ_ret2_min,-0.02
15,0.6,1.328660646451518,0.008618653727825961,0.02058472707225012,0.09000112072148436,0.014496747721319148,0.17565235306954405,-0.22864981152445962,0.06340152928474367,0.02781456953642384,109000.11207214843,QQQ_ret2_min,-0.01
4,0.75,1.2442861899698794,0.008763723721274819,0.035131232473957885,0.016928544133384626,0.0028074993364222145,0.07499394568781481,-0.18081045320896272,0.015527306561073581,0.007947019867549669,101692.85441333847,QQQ_ret2_min,0
1,1.0,inf,0.04937179697149152,0.04937179697149152,0.04937179697149152,0.008080952118299622,0.5484785797912597,-0.00033732296549870977,23.956127939147184,0.0013245033112582781,104937.17969714916,QQQ_ret2_min,0.01
0,,,,,0.0,0.0,,0.0,,0.0,100000.0,QQQ_ret2_min,0.02
0,,,,,0.0,0.0,,0.0,,0.0,100000.0,QQQ_ret2_min,0.03
0,,,,,0.0,0.0,,0.0,,0.0,100000.0,QQQ_ret2_min,0.05
62,0.7419354838709677,2.5030061536006576,0.041257937387143874,0.047169635156476875,5.54120995620348,0.3684304611752014,0.8880408533893327,-0.4884931582236043,0.7542182627797521,0.11258278145695365,654120.995620348,QQQ_ret3_down,-0.005
56,0.75,2.5626177096560845,0.04347201905621473,0.047115294814392694,4.8760675199636525,0.34414114945219687,0.8579284125577312,-0.4884931582236042,0.7044953315286123,0.10264900662251655,587606.7519963653,QQQ_ret3_down,-0.01
43,0.7674418604651163,2.1293364466854174,0.0342598390492712,0.04910260751777851,1.6334766748935938,0.175526599075845,0.5974522278110502,-0.514310305046122,0.3412854017383615,0.07549668874172186,263347.6674893594,QQQ_ret3_down,-0.02
32,0.75,2.262279866286251,0.0393079066596497,0.060118252389588234,1.256073518600549,0.14554824777274633,0.5404611616823812,-0.5847635343463855,0.24890103302257321,0.05894039735099338,225607.35186005489,QQQ_ret3_down,-0.03
16,0.75,1.5219512553947767,0.017700251131105613,0.029498227641010732,0.1985695122751865,0.030712431552044173,0.26008889680489616,-0.5421620446765778,0.05664806648419185,0.027152317880794703,119856.95122751864,QQQ_ret3_down,-0.05
6,0.5,0.7358070222144942,-0.015400501478935291,-0.008804995043896924,-0.14217294506342038,-0.025286195278882317,0.028364716419446136,-0.45911426095451235,-0.0550760397342299,0.009933774834437087,85782.70549365797,QQQ_ret3_down,-0.08
4,0.5,2.616129823127674,0.03679331499957439,0.002699535643177764,0.13547429080917373,0.021445359727168878,0.20305758021828593,-0.27089273007027304,0.07916550481663231,0.006622516556291391,113547.42908091737,QQQ_ret3_down,-0.1
0,,,,,0.0,0.0,,0.0,,0.0,100000.0,QQQ_ret3_down,-0.15
62,0.7096774193548387,2.6870361901426563,0.04230348117127745,0.047169635156476875,6.286093512394356,0.393300854826826,1.008371219215523,-0.3774891927615298,1.04188639666642,0.11324503311258279,728609.3512394356,QQQ_ret3_min,-0.05
48,0.6875,2.193063063932326,0.03229633617242001,0.020737697524337184,2.419348629196773,0.22793017543850658,0.7646686141422309,-0.46647621422522967,0.48862121687613974,0.08609271523178808,341934.86291967734,QQQ_ret3_min,-0.03
35,0.6857142857142857,3.3169301161923523,0.045501287889055955,0.02089066797642425,2.905616654370958,0.2555032667393886,0.9121720602228132,-0.24336607650575637,1.0498721531279038,0.06556291390728476,390561.6654370958,QQQ_ret3_min,-0.02
20,0.7,3.2508673631919804,0.032883308408344435,0.030038342139578234,0.825615412607076,0.1057523273518457,0.7078624451771022,-0.20695669221806234,0.5109877154415404,0.03443708609271523,182561.5412607076,QQQ_ret3_min,-0.01
6,0.8333333333333334,35.18608442005589,0.06077526119121074,0.04427890663711187,0.414649052975951,0.05964350782977412,0.8742188237116111,-0.11172926725913068,0.5338217039537594,0.008609271523178808,141464.9052975951,QQQ_ret3_min,0
2,0.5,4.62860596607731,0.019352565152412404,0.019352565152412404,0.038178497803795564,0.0062770900836373045,0.17455189430826157,-0.10015552951911699,0.06267342515960816,0.004635761589403974,103817.84978037956,QQQ_ret3_min,0.01
1,1.0,inf,0.04937179697149152,0.04937179697149152,0.04937179697149152,0.008080952118299622,0.5484785797912597,-0.00033732296549870977,23.956127939147184,0.0013245033112582781,104937.17969714916,QQQ_ret3_min,0.02
0,,,,,0.0,0.0,,0.0,,0.0,100000.0,QQQ_ret3_min,0.03
0,,,,,0.0,0.0,,0.0,,0.0,100000.0,QQQ_ret3_min,0.05
56,0.7321428571428571,2.2093205816049784,0.035346245485166454,0.04362563129968766,3.062997443546246,0.26381416869806373,0.737297371628799,-0.4884931582236043,0.5400570391966568,0.10728476821192053,406299.74435462465,QQQ_ret5_down,-0.005
50,0.74,2.2323608071820007,0.03720251808390192,0.05382668102337007,2.670792815239249,0.24256844845417946,0.7038991073250077,-0.4884931582236043,0.4965646793012922,0.09536423841059603,367079.2815239249,QQQ_ret5_down,-0.01
41,0.7073170731707317,1.899445303057357,0.03165661139782959,0.04921128820194687,1.1684256112632072,0.13799240589995,0.5141970416501004,-0.5356556306651838,0.2576140303586267,0.07947019867549669,216842.5611263207,QQQ_ret5_down,-0.02
32,0.71875,2.057261413846711,0.03499376754918683,0.045667284345157655,0.9536669471703298,0.11834250408844338,0.4765811150584672,-0.536979954377924,0.22038532932861488,0.06026490066225165,195366.69471703298,QQQ_ret5_down,-0.03
22,0.6818181818181818,2.083950875740494,0.03934941674471536,0.045667284345157655,0.9369768418502387,0.11674119403942229,0.4844759430812836,-0.5369799543779239,0.21740326261277979,0.038410596026490065,193697.68418502386,QQQ_ret5_down,-0.05
9,0.6666666666666666,2.024780503241696,0.03982476190458796,0.042021926081833305,0.29576984246885574,0.04422295130669629,0.2975891144799436,-0.45911426095451235,0.09632232119027503,0.011920529801324504,129576.98424688556,QQQ_ret5_down,-0.08
5,0.4,1.3170622457108312,0.022178867696999414,-0.036724209202012914,0.021382898651941762,0.0035397545157145327,0.14457659736093345,-0.45911426095451247,0.007709964200099722,0.00728476821192053,102138.28986519418,QQQ_ret5_down,-0.1
1,0.0,0.0,-0.25869048798612837,-0.25869048798612837,-0.2586904879861285,-0.04876311873794603,-0.3040764894514539,-0.3089593714962814,-0.15783019787290362,0.0006622516556291391,74130.95120138716,QQQ_ret5_down,-0.15
55,0.7090909090909091,2.2011206102436764,0.03269706178558605,0.02089066797642425,2.4519105281823452,0.22987538107587313,0.7306773661865276,-0.47875174595602277,0.4801557028618942,0.10264900662251655,345191.05281823454,QQQ_ret5_min,-0.05
44,0.7045454545454546,2.4109904923307197,0.03627658003979519,0.030038342139578234,2.6461836313424176,0.24117331732739777,0.8911981890426326,-0.318561717036275,0.7570693665615039,0.07748344370860927,364618.3631342418,QQQ_ret5_min,-0.03
34,0.7058823529411765,3.3803201714026936,0.04479711246432147,0.030038342139578234,2.7100779332475113,0.24477951816482757,0.9932202738048866,-0.2145234866231044,1.141038317146504,0.0576158940397351,371007.79332475114,QQQ_ret5_min,-0.02
23,0.6956521739130435,4.278426703853817,0.04856388079451388,0.02089066797642425,1.611995217555501,0.17391970036728055,0.9125334721114216,-0.17742626628239877,0.9802364892831762,0.03576158940397351,261199.52175555011,QQQ_ret5_min,-0.01
11,0.7272727272727273,8.712383084042267,0.08314584748459115,0.04937179697149152,1.193341960757929,0.14016586674809783,0.8466517633047337,-0.11172926725913068,1.2545134340048514,0.015231788079470199,219334.19607579292,QQQ_ret5_min,0
3,0.6666666666666666,17.75181402838108,0.05956200543424409,0.03918601630273222,0.18248792050907237,0.028389775366802095,0.4743424139362108,-0.11172926725913057,0.2540943484481866,0.005298013245033113,118248.79205090723,QQQ_ret5_min,0.01
0,,,,,0.0,0.0,,0.0,,0.0,100000.0,QQQ_ret5_min,0.02
0,,,,,0.0,0.0,,0.0,,0.0,100000.0,QQQ_ret5_min,0.03
0,,,,,0.0,0.0,,0.0,,0.0,100000.0,QQQ_ret5_min,0.05
50,0.74,2.5730295495189344,0.042050865330564624,0.05714263455553281,3.8191464529024737,0.300356907013672,0.8187985740139518,-0.508839588771357,0.5902781812612362,0.0880794701986755,481914.64529024734,QQQ_ret10_down,-0.005
48,0.7291666666666666,2.494877344204963,0.041626738344184296,0.05714263455553281,3.3597776684527414,0.2787825032229283,0.7812358545622318,-0.508839588771357,0.5478789570915186,0.08410596026490066,435977.76684527413,QQQ_ret10_down,-0.01
37,0.7027027027027027,2.234426569075108,0.03796501000690508,0.05584319526627235,1.5502696616976412,0.16924032120776555,0.5825772265806771,-0.5176785075309627,0.32692166807339046,0.06754966887417219,255026.9661697641,QQQ_ret10_down,-0.02
34,0.6764705882352942,1.9457407803825189,0.03165287635557317,0.04036412824267788,0.8637633318046483,0.10957804224755763,0.45815846075145816,-0.5533421478123832,0.198029451905607,0.06158940397350993,186376.33318046483,QQQ_ret10_down,-0.03
24,0.6666666666666666,2.3613791042847487,0.04289254027704544,0.02885959755560319,0.836604275048362,0.10686113599649416,0.4557544647967005,-0.45911426095451247,0.23275499169711397,0.039735099337748346,183660.4275048362,QQQ_ret10_down,-0.05
15,0.8,3.9035687637574004,0.06770265495359341,0.03942401513882188,0.943771625772464,0.11739449240929622,0.5009049929294767,-0.45911426095451224,0.25569776936405675,0.022516556291390728,194377.1625772464,QQQ_ret10_down,-0.08
7,0.5714285714285714,2.252266533345917,0.0625696286548948,0.06533886908304432,0.37293858728875473,0.054360329969414645,0.3349757459961178,-0.45911426095451224,0.11840261693548333,0.009271523178807948,137293.85872887546,QQQ_ret10_down,-0.1
1,1.0,inf,0.1961152255639096,0.1961152255639096,0.1961152255639098,0.03035964524633683,0.2488948381178209,-0.27089273007027304,0.1120725729275243,0.003973509933774834,119611.52255639098,QQQ_ret10_down,-0.15
54,0.7592592592592593,3.0313443322111517,0.04319555449777104,0.047169635156476875,6.395758764304922,0.39678145790375563,1.1206309985631338,-0.3697245852468174,1.0731811562892846,0.09801324503311258,739575.8764304923,QQQ_ret10_min,-0.05
44,0.75,2.9793560489238984,0.043155990828899864,0.04215699920686955,3.990280604050481,0.30795732071035564,1.0047504532432925,-0.3623452857278602,0.849900172129319,0.08013245033112583,499028.0604050481,QQQ_ret10_min,-0.03
41,0.7317073170731707,2.676170394800099,0.03921968985205956,0.02089066797642425,2.7818073229608307,0.24876680796517925,0.8696300823322892,-0.36234528572786007,0.6865462799259817,0.07483443708609272,378180.73229608306,QQQ_ret10_min,-0.02
29,0.6896551724137931,2.187145516922173,0.031138225831020595,0.020498221005306405,0.9915331968602481,0.12193370106133439,0.5646887899213255,-0.3342751666970468,0.36477044426049976,0.05496688741721854,199153.3196860248,QQQ_ret10_min,-0.01
25,0.64,2.013143061320698,0.03082610624535612,0.02089066797642425,0.7525422557426347,0.0982342380040655,0.487886235533938,-0.3342751666970466,0.2938723775825535,0.046357615894039736,175254.22557426346,QQQ_ret10_min,0
14,0.5714285714285714,1.7235984500877901,0.030574007020282963,0.029379228222965903,0.2857163548068853,0.04286547778157046,0.29337862258478076,-0.3342751666970467,0.1282341078612621,0.027152317880794703,128571.63548068854,QQQ_ret10_min,0.01
8,0.625,2.6431068119729555,0.062353270164823366,0.045154195696623156,0.4171579734025954,0.05995713871778752,0.4021405282879407,-0.28064409431187,0.2136411915768277,0.011920529801324504,141715.79734025954,QQQ_ret10_min,0.02
6,0.8333333333333334,15.023189197132423,0.11844516086648822,0.05863957219328397,0.8165124524863838,0.10482959364360256,0.6881932403916736,-0.093121428916205,1.1257300802152972,0.007947019867549669,181651.24524863838,QQQ_ret10_min,0.03
2,0.5,2.136847226646478,0.028806725220885898,0.028806725220885898,0.05212541343067212,0.008522255004455026,0.18897387450321967,-0.07115433836703355,0.1197714039654884,0.001986754966887417,105212.5413430672,QQQ_ret10_min,0.05
71,0.7183098591549296,2.56608440885869,0.04080870191112186,0.04212328048836844,7.872429658021607,0.4398996018604764,0.9802154480672237,-0.4884931582236043,0.9005235681501919,0.12847682119205298,887242.9658021608,QQQ_ATRpct5_min,0.005
65,0.7076923076923077,2.5528901303395526,0.04253021655907685,0.04512798211100688,6.840798799059454,0.41047943849809587,0.9440124177770941,-0.4884931582236043,0.8402972111028049,0.11986754966887417,784079.8799059454,QQQ_ATRpct5_min,0.01
50,0.72,2.6073851642364225,0.049618386445889416,0.06596646867788558,5.067912127146564,0.35137250689253174,0.8617599591244213,-0.508839588771357,0.6905368895155249,0.09602649006622517,606791.2127146564,QQQ_ATRpct5_min,0.015
37,0.7567567567567568,3.049832897503025,0.06062819249367182,0.07021102149292324,4.108175027271313,0.3130678999125933,0.8241812200715416,-0.5262210852658766,0.5949360614358767,0.06556291390728476,510817.50272713136,QQQ_ATRpct5_min,0.02
29,0.7586206896551724,4.3554400597123655,0.07981309467814339,0.07953358858336235,6.003678935787995,0.38413228017108825,0.9880788958309895,-0.45911426095451235,0.8366812204274938,0.0456953642384106,700367.8935787996,QQQ_ATRpct5_min,0.025
17,0.7647058823529411,5.1881843018134575,0.09069407123610415,0.04212328048836844,2.6179065634718968,0.23956053077833794,0.7750500497652114,-0.45911426095451235,0.5217884765336724,0.025165562913907286,361790.6563471897,QQQ_ATRpct5_min,0.03
7,0.7142857142857143,3.53681461496799,0.10705890304331714,0.04212328048836844,0.7462837813001655,0.09757826905879052,0.462605777329057,-0.45911426095451235,0.21253591394857213,0.011920529801324504,174628.37813001656,QQQ_ATRpct5_min,0.04
3,0.3333333333333333,0.6638641456589729,-0.033099823874743896,-0.036724209202012914,-0.14587145342701047,-0.025989310743541827,0.01098843921056702,-0.45911426095451235,-0.05660750047168927,0.005298013245033113,85412.85465729896,QQQ_ATRpct5_min,0.05
71,0.7183098591549296,2.56608440885869,0.04080870191112186,0.04212328048836844,7.872429658021607,0.4398996018604764,0.9802154480672237,-0.4884931582236043,0.9005235681501919,0.12847682119205298,887242.9658021608,QQQ_ATRpct10_min,0.005
61,0.7049180327868853,2.4759529179637503,0.04303949393246118,0.04512798211100688,5.849848715355346,0.3790078804873782,0.8999433750804345,-0.4884931582236043,0.7758714203196476,0.1119205298013245,684984.8715355346,QQQ_ATRpct10_min,0.01
46,0.6739130434782609,2.3384601304824653,0.04522008198851481,0.061417691678848696,3.1574645765108693,0.26867479346911494,0.7337063464150105,-0.5176785075309627,0.5189993201582651,0.0913907284768212,415746.4576510869,QQQ_ATRpct10_min,0.015
37,0.7567567567567568,3.4711590948216133,0.06744869519074025,0.058442073844793274,5.455150625389309,0.36540705480510494,0.9278962580176323,-0.45911426095451247,0.795895675393338,0.060927152317880796,645515.0625389309,QQQ_ATRpct10_min,0.02
25,0.76,3.974152416037521,0.08042739049386945,0.07809312808383573,4.2615906965630455,0.31957316009551406,0.8792794428702029,-0.45911426095451235,0.6960645470500347,0.039735099337748346,526159.0696563045,QQQ_ATRpct10_min,0.025
13,0.7692307692307693,3.7803504162227646,0.08573744875167609,0.058442073844793274,1.4400077589258138,0.1606413830907112,0.6220179888561245,-0.45911426095451224,0.34989412604333603,0.019205298013245033,244000.77589258138,QQQ_ATRpct10_min,0.03
5,0.6,2.5081675083852746,0.08910696955972588,0.019114219114219066,0.32806999840272355,0.0485257114685016,0.30835276504817805,-0.45911426095451235,0.10569419335312126,0.009933774834437087,132806.99984027236,QQQ_ATRpct10_min,0.04
4,0.5,2.443464501743578,0.10660515717110258,0.07969550818094834,0.3031610917538161,0.04521537071074677,0.2984694319417472,-0.45911426095451235,0.09848391687233295,0.00728476821192053,130316.10917538161,QQQ_ATRpct10_min,0.05
71,0.7183098591549296,2.56608440885869,0.04080870191112186,0.04212328048836844,7.872429658021607,0.4398996018604764,0.9802154480672237,-0.4884931582236043,0.9005235681501919,0.12847682119205298,887242.9658021608,QQQ_ATRpct14_min,0.005
62,0.6935483870967742,2.4067625335841103,0.04194617844190489,0.047169635156476875,5.647876785160583,0.37213219375858086,0.8868240242447203,-0.4884931582236042,0.7617961224100503,0.11456953642384106,664787.6785160583,QQQ_ATRpct14_min,0.01
46,0.6739130434782609,2.329920919084458,0.04493158341411502,0.054782224467653684,3.1056290010096106,0.266019223352558,0.7292547542589409,-0.5176785075309629,0.5138695531736889,0.09006622516556291,410562.9001009611,QQQ_ATRpct14_min,0.015
36,0.6944444444444444,2.7125201419659,0.0576289470917947,0.05714263455553281,3.2249539780717393,0.2720912939257536,0.7641106605178857,-0.45911426095451235,0.5926439604817929,0.06556291390728476,422495.3978071739,QQQ_ATRpct14_min,0.02
22,0.8181818181818182,4.09994192150859,0.08339527371757573,0.08746864856040626,3.54319342254324,0.2876138427443822,0.8421270287936246,-0.46760784995864135,0.6150748811633955,0.03443708609271523,454319.342254324,QQQ_ATRpct14_min,0.025
14,0.7857142857142857,3.015391710353242,0.07739923848156358,0.08746864856040626,1.2835918837832923,0.1478700684511749,0.5744728722989497,-0.45911426095451224,0.32207683582676916,0.02185430463576159,228359.1883783292,QQQ_ATRpct14_min,0.03
4,0.5,2.443464501743578,0.10660515717110258,0.07969550818094834,0.3031610917538161,0.04521537071074677,0.2984694319417472,-0.45911426095451235,0.09848391687233295,0.00728476821192053,130316.10917538161,QQQ_ATRpct14_min,0.04
3,0.6666666666666666,2.7903435162689796,0.15438161262880776,0.1961152255639096,0.35284318800773007,0.05176711038258697,0.3217212639888835,-0.44621497822544287,0.11601383393372437,0.006622516556291391,135284.318800773,QQQ_ATRpct14_min,0.05
71,0.7183098591549296,2.56608440885869,0.04080870191112186,0.04212328048836844,7.872429658021607,0.4398996018604764,0.9802154480672237,-0.4884931582236043,0.9005235681501919,0.12847682119205298,887242.9658021608,QQQ_ATRpct20_min,0.005
61,0.6721311475409836,2.2896936483555104,0.03911584253689861,0.04212328048836844,4.421782370204024,0.32619924676498013,0.8184495109510644,-0.4884931582236042,0.6677662548052818,0.11258278145695365,542178.2370204024,QQQ_ATRpct20_min,0.01
46,0.6956521739130435,2.5755008331182956,0.04901166616399646,0.054782224467653684,3.981601389023959,0.30757712666551273,0.8042762457219288,-0.5176785075309628,0.5941469892819846,0.08609271523178808,498160.1389023959,QQQ_ATRpct20_min,0.015
31,0.7096774193548387,3.206256752055108,0.06743622490380713,0.07809312808383573,3.5430872173106938,0.28760881566209306,0.8130927210980414,-0.45911426095451247,0.626442783685581,0.05894039735099338,454308.7217310694,QQQ_ATRpct20_min,0.02
19,0.7894736842105263,4.1157242965597645,0.0970545682641348,0.11459386585776876,3.5541201011501853,0.2881305200777855,0.8599554291860961,-0.45911426095451247,0.627579111741712,0.030463576158940398,455412.0101150185,QQQ_ATRpct20_min,0.025
14,0.7857142857142857,3.297344318221174,0.08822736535375553,0.10276170715999788,1.6299096998386067,0.17526053292224275,0.6404740428769641,-0.45911426095451235,0.38173619908445194,0.02119205298013245,262990.9699838607,QQQ_ATRpct20_min,0.03
3,0.6666666666666666,2.7903435162689796,0.15438161262880776,0.1961152255639096,0.35284318800773007,0.05176711038258697,0.3217212639888835,-0.44621497822544287,0.11601383393372437,0.006622516556291391,135284.318800773,QQQ_ATRpct20_min,0.04
2,1.0,inf,0.3609176629362758,0.3609176629362758,0.8249370419280622,0.10568369572377634,0.5321116459436653,-0.27089273007027304,0.39013116260580577,0.005960264900662252,182493.7041928062,QQQ_ATRpct20_min,0.05
