dt,open,high,low,close,volume
2026-07-27 09:30:00-04:00,140.65,142.1899,131.77,132.435,9028356
2026-07-27 10:00:00-04:00,132.39,132.95,120.73,120.9899,10089452
2026-07-27 10:30:00-04:00,120.9,124.88,115.45,124.435,15431956
2026-07-27 11:00:00-04:00,124.5,125.3799,117.25,118.06,8609570
2026-07-27 11:30:00-04:00,118.1,119.95,116.155,119.7601,5277075
2026-07-27 12:00:00-04:00,119.82,124.64,119.27,123.32,4698765
2026-07-27 12:30:00-04:00,123.3999,124.99,120.0,120.695,3352692
2026-07-27 13:00:00-04:00,120.76,121.0,118.6,119.0107,2437359
2026-07-27 13:30:00-04:00,119.11,122.2,118.97,122.0,2001874
2026-07-27 14:00:00-04:00,122.14,122.7,120.72,122.14,1887220
2026-07-27 14:30:00-04:00,122.13,125.2486,120.32,125.08,2355532
2026-07-27 15:00:00-04:00,125.1,129.7,124.77,129.6964,5528511
2026-07-27 15:30:00-04:00,129.7,130.2,126.6,128.09,10744239
2026-07-28 09:30:00-04:00,113.15,114.57,104.04,105.52,21597551
2026-07-28 10:00:00-04:00,105.485,109.5,101.53,104.4095,16004823
2026-07-28 10:30:00-04:00,104.3,110.4699,103.13,107.1,11030830
2026-07-28 11:00:00-04:00,107.145,111.51,105.69,109.335,8003072
2026-07-28 11:30:00-04:00,109.35,114.75,109.0,113.28,7232559
2026-07-28 12:00:00-04:00,113.3,114.78,110.35,111.15,4937556
2026-07-28 12:30:00-04:00,111.1501,113.7,108.705,112.5217,5150261
2026-07-28 13:00:00-04:00,112.5,113.13,110.34,110.9637,2363156
2026-07-28 13:30:00-04:00,110.9795,112.18,108.5,109.54,2438392
2026-07-28 14:00:00-04:00,109.555,110.3912,108.34,108.6008,1886093
2026-07-28 14:30:00-04:00,108.65,110.3299,108.55,110.085,2243743
2026-07-28 15:00:00-04:00,110.04,114.65,110.02,114.52,5828413
2026-07-28 15:30:00-04:00,114.53,114.95,109.28,109.51,13315309
2026-07-29 09:30:00-04:00,107.8,112.6685,100.59,102.3,13684163
2026-07-29 10:00:00-04:00,102.32,105.11,97.07,98.1697,12834436
2026-07-29 10:30:00-04:00,98.229,100.0,95.51,99.0,11080449
2026-07-29 11:00:00-04:00,99.0088,100.93,96.9,97.04,7404161
2026-07-29 11:30:00-04:00,97.0,97.49,93.72,95.63,6546944
2026-07-29 12:00:00-04:00,95.63,96.4,92.4101,95.25,7688745
2026-07-29 12:30:00-04:00,95.21,96.05,93.66,95.715,3904951
2026-07-29 13:00:00-04:00,95.73,99.5,95.47,97.05,5963660
2026-07-29 13:30:00-04:00,97.025,99.0947,96.72,98.2995,2675115
2026-07-29 14:00:00-04:00,98.32,103.2999,98.32,99.6,9874567
2026-07-29 14:30:00-04:00,99.59,107.8802,98.15,107.67,9877875
2026-07-29 15:00:00-04:00,107.7,109.25,99.0,101.35,9101041
2026-07-29 15:30:00-04:00,101.44,102.85,91.5,92.0,18091938
2026-07-30 09:30:00-04:00,107.34,113.88,105.12,113.6001,18227659
2026-07-30 10:00:00-04:00,113.665,117.33,110.84,117.24,12157081
2026-07-30 10:30:00-04:00,117.2401,118.0,111.68,113.0101,10207289
2026-07-30 11:00:00-04:00,113.07,115.57,112.0,113.0,5407558
2026-07-30 11:30:00-04:00,113.04,114.49,112.66,113.52,3318304
2026-07-30 12:00:00-04:00,113.43,116.31,113.06,114.89,3308877
2026-07-30 12:30:00-04:00,114.86,115.02,112.519,114.415,2835788
2026-07-30 13:00:00-04:00,114.4413,115.96,114.44,114.96,2181610
2026-07-30 13:30:00-04:00,114.99,115.35,114.15,114.54,1593560
2026-07-30 14:00:00-04:00,114.55,114.9891,113.3186,114.07,1630870
2026-07-30 14:30:00-04:00,114.11,114.3876,112.62,113.2887,2178829
2026-07-30 15:00:00-04:00,113.26,116.58,113.26,114.66,4833695
2026-07-30 15:30:00-04:00,114.65,115.81,114.45,115.07,11069955
2026-07-31 09:30:00-04:00,129.72,133.88,117.68,121.055,23173969
2026-07-31 10:00:00-04:00,121.0,121.56,112.42,119.69,15684218
2026-07-31 10:30:00-04:00,119.62,121.5999,117.51,120.13,7503702
2026-07-31 11:00:00-04:00,120.13,121.43,114.08,115.82,5159835
2026-07-31 11:30:00-04:00,115.74,118.56,114.5898,117.21,4658004
2026-07-31 12:00:00-04:00,117.16,119.0,116.05,119.0,2615567
2026-07-31 12:30:00-04:00,119.0,119.88,116.77,118.65,3303348
2026-07-31 13:00:00-04:00,118.56,120.97,118.2555,120.52,3000555
2026-07-31 13:30:00-04:00,120.4401,121.9,119.35,119.79,3301825
2026-07-31 14:00:00-04:00,119.81,120.27,117.6005,118.595,2002669
2026-07-31 14:30:00-04:00,118.65,119.5695,118.13,118.81,1426447
2026-07-31 15:00:00-04:00,118.8,119.47,117.33,118.68,3431025
2026-07-31 15:30:00-04:00,118.64,119.0,114.61,114.61,7339636
2026-08-03 09:30:00-04:00,106.15,109.0,102.09,107.43,14149317
2026-08-03 10:00:00-04:00,107.41,111.65,104.41,111.46,9813750
2026-08-03 10:30:00-04:00,111.515,116.94,110.68,116.28,8690015
2026-08-03 11:00:00-04:00,116.23,116.28,110.5901,110.89,5891107
2026-08-03 11:30:00-04:00,110.9,114.35,110.75,113.58,3771656
2026-08-03 12:00:00-04:00,113.56,115.69,113.56,114.1004,3030400
2026-08-03 12:30:00-04:00,114.15,114.26,112.6001,113.035,2199151
2026-08-03 13:00:00-04:00,113.035,115.099,112.7327,114.99,2023456
2026-08-03 13:30:00-04:00,114.99,117.5411,114.7598,117.495,2615871
2026-08-03 14:00:00-04:00,117.48,118.87,115.8101,116.0,3361430
2026-08-03 14:30:00-04:00,116.015,116.69,115.4,115.9287,2336555
2026-08-03 15:00:00-04:00,115.8,117.38,115.78,116.49,1977726
2026-08-03 15:30:00-04:00,116.49,117.39,115.93,116.72,5711971
2026-08-04 09:30:00-04:00,131.505,136.14,129.66,133.35,12459694
2026-08-04 10:00:00-04:00,133.4,135.19,131.8,134.5621,5716188
2026-08-04 10:30:00-04:00,134.57,134.99,133.44,134.8025,2870659
2026-08-04 11:00:00-04:00,134.84,137.96,134.63,136.9175,4180429
2026-08-04 11:30:00-04:00,136.9593,138.9799,136.72,138.18,2715326
2026-08-04 12:00:00-04:00,138.145,139.57,137.7,138.94,2421838
2026-08-04 12:30:00-04:00,138.95,139.86,138.61,139.82,1672624
2026-08-04 13:00:00-04:00,139.825,141.0,139.64,140.755,2172090
2026-08-04 13:30:00-04:00,140.71,142.19,140.201,140.4,2528692
2026-08-04 14:00:00-04:00,140.4,141.34,139.2003,141.18,2258306
2026-08-04 14:30:00-04:00,141.18,141.6695,140.2201,141.3,1894703
2026-08-04 15:00:00-04:00,141.3,142.4199,140.88,141.3,3276825
2026-08-04 15:30:00-04:00,141.27,141.7,139.8,140.15,8892445
2026-08-05 09:30:00-04:00,135.54,144.34,134.55,142.25,9812150
2026-08-05 10:00:00-04:00,141.97,142.1125,134.1888,135.18,6317964
2026-08-05 10:30:00-04:00,135.11,135.25,130.0,132.2001,6962503
2026-08-05 11:00:00-04:00,132.33,134.8,131.602,133.28,3106021
2026-08-05 11:30:00-04:00,133.235,136.4399,132.41,133.19,3297864
2026-08-05 12:00:00-04:00,133.11,137.9326,133.1,137.86,2744728
2026-08-05 12:30:00-04:00,137.92,138.08,135.7,137.19,2099900
2026-08-05 13:00:00-04:00,137.22,137.51,134.29,134.795,1887425
2026-08-05 13:30:00-04:00,134.69,135.8666,134.25,135.58,1109163
2026-08-05 14:00:00-04:00,135.585,136.23,134.77,136.1,1018813
2026-08-05 14:30:00-04:00,136.09,136.0998,134.6,134.985,1146588
2026-08-05 15:00:00-04:00,135.05,137.79,134.9,137.11,3175178
2026-08-05 15:30:00-04:00,137.14,137.48,131.05,131.74,8014881
2026-08-06 09:30:00-04:00,125.23,133.3316,120.7466,133.0,11116439
2026-08-06 10:00:00-04:00,132.97,139.86,131.64,137.005,8023381
2026-08-06 10:30:00-04:00,137.07,140.0,134.331,138.28,4825913
2026-08-06 11:00:00-04:00,138.26,139.98,136.6119,138.37,3124815
2026-08-06 11:30:00-04:00,138.43,139.1,135.43,135.663,2609270
2026-08-06 12:00:00-04:00,135.78,136.67,132.287,133.0699,2783339
2026-08-06 12:30:00-04:00,132.9617,137.12,132.8,137.0698,2317043
2026-08-06 13:00:00-04:00,137.05,137.5273,135.6,136.06,1347311
2026-08-06 13:30:00-04:00,136.0,136.5,134.6252,135.81,1024457
2026-08-06 14:00:00-04:00,135.81,137.66,134.36,136.947,1632087
2026-08-06 14:30:00-04:00,136.9499,137.1,135.13,135.5988,980185
2026-08-06 15:00:00-04:00,135.68,137.5,134.36,134.9,2022511
2026-08-06 15:30:00-04:00,134.87,135.8473,132.092,132.46,5174168
2026-08-07 09:30:00-04:00,141.97,143.92,135.5101,136.65,8620716
2026-08-07 10:00:00-04:00,136.62,138.3813,131.56,137.235,9021305
2026-08-07 10:30:00-04:00,137.2,137.3399,133.02,135.0,4311810
2026-08-07 11:00:00-04:00,134.955,139.48,134.84,138.845,4375834
2026-08-07 11:30:00-04:00,138.79,140.15,137.49,139.55,3032456
2026-08-07 12:00:00-04:00,139.55,140.5599,136.67,137.43,2374854
2026-08-07 12:30:00-04:00,137.4,139.15,135.86,138.43,1890568
2026-08-07 13:00:00-04:00,138.45,139.905,138.0,139.3801,1289096
2026-08-07 13:30:00-04:00,139.4376,139.555,138.41,138.93,927412
2026-08-07 14:00:00-04:00,139.0,139.44,137.4639,137.6358,972819
2026-08-07 14:30:00-04:00,137.65,138.5699,137.27,138.54,1038731
2026-08-07 15:00:00-04:00,138.48,140.6497,138.48,139.51,2775985
2026-08-07 15:30:00-04:00,139.545,140.67,137.67,140.26,7797503
2026-08-10 09:30:00-04:00,142.76,143.45,135.83,137.16,8691161
2026-08-10 10:00:00-04:00,137.16,141.15,136.55,137.11,4829011
2026-08-10 10:30:00-04:00,137.13,138.65,133.44,133.51,3888410
2026-08-10 11:00:00-04:00,133.5,135.5,133.19,134.2062,2366376
2026-08-10 11:30:00-04:00,134.1,136.3495,133.25,135.83,2065788
2026-08-10 12:00:00-04:00,135.89,136.49,134.5439,135.06,1261313
2026-08-10 12:30:00-04:00,135.0,135.3774,133.0,133.72,1957075
2026-08-10 13:00:00-04:00,133.72,134.97,133.5008,133.98,1161983
2026-08-10 13:30:00-04:00,133.985,134.52,133.13,133.7139,875703
2026-08-10 14:00:00-04:00,133.67,134.5,133.3628,133.92,574933
2026-08-10 14:30:00-04:00,133.96,134.6495,133.8124,134.42,597057
2026-08-10 15:00:00-04:00,134.4,135.98,134.3601,135.56,2497314
2026-08-10 15:30:00-04:00,135.56,135.83,130.0,130.0,8755679
2026-08-11 09:30:00-04:00,136.26,136.29,131.8001,133.57,6564805
2026-08-11 10:00:00-04:00,133.48,136.6,133.1559,135.79,4100820
2026-08-11 10:30:00-04:00,135.7265,136.07,133.62,134.5684,2283376
2026-08-11 11:00:00-04:00,134.62,135.6,132.93,133.335,1658803
2026-08-11 11:30:00-04:00,133.335,133.925,132.57,132.5886,1235239
2026-08-11 12:00:00-04:00,132.6299,133.148,131.89,132.3402,1482529
2026-08-11 12:30:00-04:00,132.265,132.8,131.28,131.4375,1260814
2026-08-11 13:00:00-04:00,131.42,131.59,130.07,130.63,1955109
2026-08-11 13:30:00-04:00,130.65,131.5511,130.16,131.295,1294128
2026-08-11 14:00:00-04:00,131.32,131.7593,130.06,130.41,1329224
2026-08-11 14:30:00-04:00,130.46,131.6447,130.3063,131.085,1198968
2026-08-11 15:00:00-04:00,131.09,131.97,130.31,131.88,1549301
2026-08-11 15:30:00-04:00,131.88,133.62,131.84,133.07,4951113
2026-08-12 09:30:00-04:00,147.3,147.7,142.64,145.79,12394961
2026-08-12 10:00:00-04:00,145.735,146.8,144.4587,146.0,4138729
2026-08-12 10:30:00-04:00,145.9999,146.07,143.64,144.375,3399652
2026-08-12 11:00:00-04:00,144.31,146.09,143.63,145.65,1857144
2026-08-12 11:30:00-04:00,145.65,145.71,143.3,144.28,1701042
2026-08-12 12:00:00-04:00,144.265,145.58,144.25,144.9501,1385761
2026-08-12 12:30:00-04:00,145.0011,145.48,144.32,145.3961,1324407
2026-08-12 13:00:00-04:00,145.41,145.99,144.91,145.77,1208554
2026-08-12 13:30:00-04:00,145.8,147.1,145.66,146.67,1640051
2026-08-12 14:00:00-04:00,146.68,146.8,145.5,145.95,1192183
2026-08-12 14:30:00-04:00,145.95833,146.4002,145.0,145.295,951967
2026-08-12 15:00:00-04:00,145.29,145.6985,143.47,143.87,2203615
2026-08-12 15:30:00-04:00,143.82,143.82,141.894,142.23,7866055
2026-08-13 09:30:00-04:00,142.16,149.9,141.84,149.755,8658567
2026-08-13 10:00:00-04:00,149.74,150.91,148.22,150.71,6050520
2026-08-13 10:30:00-04:00,150.7,152.0,150.4686,151.34,3780661
2026-08-13 11:00:00-04:00,151.37,154.1299,151.1,153.05,4429725
2026-08-13 11:30:00-04:00,153.08,153.35,148.73,149.7099,4681063
2026-08-13 12:00:00-04:00,149.718,152.4475,149.67,152.25,2049410
2026-08-13 12:30:00-04:00,152.3,152.88,150.82,151.7193,1287909
2026-08-13 13:00:00-04:00,151.7,153.5641,151.6075,152.96,1602936
2026-08-13 13:30:00-04:00,152.96,153.1995,151.73,151.8165,956438
2026-08-13 14:00:00-04:00,151.85,152.07,150.615,150.88,1069995
2026-08-13 14:30:00-04:00,150.9,151.5,149.66,150.14,1728136
2026-08-13 15:00:00-04:00,150.08,150.77,147.14,147.29,2695852
2026-08-13 15:30:00-04:00,147.28,147.35,144.14,145.49,6207417
2026-08-14 09:30:00-04:00,143.79,146.22,141.36,144.16,7775791
2026-08-14 10:00:00-04:00,143.91,146.65,141.95,143.1399,5230045
2026-08-14 10:30:00-04:00,143.14,144.98,142.05,143.42,2635010
2026-08-14 11:00:00-04:00,143.395,143.83,138.92,140.9653,4027256
2026-08-14 11:30:00-04:00,140.98,141.13,138.9,140.3,2567026
2026-08-14 12:00:00-04:00,140.31,142.26,140.285,141.96,1664539
2026-08-14 12:30:00-04:00,141.93,142.21,140.58,140.68,1280676
2026-08-14 13:00:00-04:00,140.67,141.49,139.8,140.2514,976994
2026-08-14 13:30:00-04:00,140.31,140.83,139.8,140.4,739659
2026-08-14 14:00:00-04:00,140.42,141.3,140.16,140.82,805455
2026-08-14 14:30:00-04:00,140.8,142.2658,140.57,141.46,1190721
2026-08-14 15:00:00-04:00,141.49,143.64,141.25,143.18,2449497
2026-08-14 15:30:00-04:00,143.19,145.18,142.8,145.0,6689384
2026-08-17 09:30:00-04:00,150.605,153.87,148.9,153.3,6833924
2026-08-17 10:00:00-04:00,153.3404,153.47,151.0183,152.8,3251519
2026-08-17 10:30:00-04:00,152.84,155.48,152.58,155.46,3514202
2026-08-17 11:00:00-04:00,155.47,156.9242,155.03,156.2211,2866068
2026-08-17 11:30:00-04:00,156.27,156.37,154.6262,156.1205,1766064
2026-08-17 12:00:00-04:00,156.165,156.29,154.85,155.53,980329
2026-08-17 12:30:00-04:00,155.535,155.99,154.88,155.92,993176
2026-08-17 13:00:00-04:00,155.9,156.0,152.6775,152.94,1655447
2026-08-17 13:30:00-04:00,152.9128,154.46,152.76,154.26,1188272
2026-08-17 14:00:00-04:00,154.27,154.5831,152.14,153.18,1357028
2026-08-17 14:30:00-04:00,153.22,154.378,152.84,153.93,1027395
2026-08-17 15:00:00-04:00,153.96,154.0284,150.66,150.81,2921280
2026-08-17 15:30:00-04:00,150.8,152.99,150.65,151.5665,6907703
2026-08-18 09:30:00-04:00,134.195,137.6,128.49,130.42,15109125
2026-08-18 10:00:00-04:00,130.42,131.74,126.64,129.9397,9400701
2026-08-18 10:30:00-04:00,129.9,130.82,123.71,124.07,7284308
2026-08-18 11:00:00-04:00,124.07,125.89,122.4,125.589,6884240
2026-08-18 11:30:00-04:00,125.59,127.5,124.7901,127.35,4638251
2026-08-18 12:00:00-04:00,127.35,127.96,124.815928,124.88,2849000
2026-08-18 12:30:00-04:00,124.85,127.45,124.685,126.3,2166663
2026-08-18 13:00:00-04:00,126.315,126.98,125.28,126.18,1500474
2026-08-18 13:30:00-04:00,126.08,126.58,124.39,124.4072,1503576
2026-08-18 14:00:00-04:00,124.405,125.67,123.2,125.27,2679003
2026-08-18 14:30:00-04:00,125.27,126.94,125.0,125.79,2569227
2026-08-18 15:00:00-04:00,125.77,128.03,125.351,127.59,3749158
2026-08-18 15:30:00-04:00,127.56,129.13,126.1504,129.0,11026422
2026-08-19 09:30:00-04:00,132.63,133.74,120.06,121.83,14335553
2026-08-19 10:00:00-04:00,121.91,122.48,116.84,120.75,10756643
2026-08-19 10:30:00-04:00,120.74,123.55,120.0,122.85,6450615
2026-08-19 11:00:00-04:00,122.8501,122.8635,120.41,122.51,2796817
2026-08-19 11:30:00-04:00,122.49,122.63,120.56,121.89,1928720
2026-08-19 12:00:00-04:00,121.87,123.78,121.205,122.54,2463382
2026-08-19 12:30:00-04:00,122.55,123.72,121.7,121.92,1497651
2026-08-19 13:00:00-04:00,121.88,122.33,120.6004,121.1,1533692
2026-08-19 13:30:00-04:00,121.0981,121.31,120.34,120.575,1201219
2026-08-19 14:00:00-04:00,120.5775,121.6595,118.55,120.15,2926533
2026-08-19 14:30:00-04:00,120.1754,121.9222,120.11,120.845,2476829
2026-08-19 15:00:00-04:00,120.845,122.55,120.53,121.815,3190680
2026-08-19 15:30:00-04:00,121.805,122.43,119.61,120.56,9646918
2026-08-20 09:30:00-04:00,119.99,123.9395,117.4201,118.87,9963437
2026-08-20 10:00:00-04:00,118.9,122.78,118.345,121.39,5748964
2026-08-20 10:30:00-04:00,121.38,123.98,120.7,122.975,3664915
2026-08-20 11:00:00-04:00,123.0,124.56,120.81,121.585,3498870
2026-08-20 11:30:00-04:00,121.585,121.8,119.18,121.24,2773362
2026-08-20 12:00:00-04:00,121.28,121.7699,120.44,121.23,1313077
2026-08-20 12:30:00-04:00,121.185,121.9399,120.3301,121.8,1022363
2026-08-20 13:00:00-04:00,121.81,121.9,120.5346,120.8,823367
2026-08-20 13:30:00-04:00,120.79,121.4644,120.34,121.165,767699
2026-08-20 14:00:00-04:00,121.08,121.132,119.42,120.099,1384307
2026-08-20 14:30:00-04:00,120.09,120.95,119.28,120.63,956745
2026-08-20 15:00:00-04:00,120.6,122.63,120.54,122.2,1802928
2026-08-20 15:30:00-04:00,122.198,122.29,121.41,122.2,5813688
2026-08-21 09:30:00-04:00,126.62,126.79,121.05,122.0984,6914735
2026-08-21 10:00:00-04:00,122.05,122.6038,117.12,119.185,7051186
2026-08-21 10:30:00-04:00,119.175,120.11,116.71,117.29,4378208
2026-08-21 11:00:00-04:00,117.35,119.17,117.06,119.0666,2799548
2026-08-21 11:30:00-04:00,119.06,120.91,118.96,119.5201,3077365
2026-08-21 12:00:00-04:00,119.55,119.97,118.18,118.99,2076900
2026-08-21 12:30:00-04:00,118.945,119.2999,118.18,118.6,1048785
2026-08-21 13:00:00-04:00,118.6,119.0582,117.93,118.72,1015205
2026-08-21 13:30:00-04:00,118.77,120.5,118.7,120.345,1322312
2026-08-21 14:00:00-04:00,120.34,120.9539,120.12,120.145,1220467
2026-08-21 14:30:00-04:00,120.11,120.68,119.7338,120.6255,1072062
2026-08-21 15:00:00-04:00,120.61,121.13,120.52,120.955,2087236
2026-08-21 15:30:00-04:00,120.95,121.31,119.72,120.6,5799271
2026-08-24 09:30:00-04:00,115.07,115.07,106.0,107.5331,14510773
2026-08-24 10:00:00-04:00,107.55,107.8,106.0848,106.95,6855419
2026-08-24 10:30:00-04:00,106.92,108.89,106.73,107.26,4979421
2026-08-24 11:00:00-04:00,107.2699,108.6299,106.11,108.345,4252845
2026-08-24 11:30:00-04:00,108.3401,111.655,108.2,110.7822,4905991
2026-08-24 12:00:00-04:00,110.79,112.5988,110.4,111.82,2756277
2026-08-24 12:30:00-04:00,111.825,112.1,110.4401,110.5,1473513
2026-08-24 13:00:00-04:00,110.5,111.92,110.14,110.27,1541819
2026-08-24 13:30:00-04:00,110.26,110.47,109.82,110.27,1113862
2026-08-24 14:00:00-04:00,110.32,113.1099,110.27,112.685,1929325
2026-08-24 14:30:00-04:00,112.72,113.36,111.91,111.91,1380686
2026-08-24 15:00:00-04:00,111.91,112.565,111.38,112.18,2154341
2026-08-24 15:30:00-04:00,112.18,112.85,109.75,111.16,10135075
2026-08-25 09:30:00-04:00,117.37,119.88,116.0101,117.15,7823405
2026-08-25 10:00:00-04:00,117.15,117.161,113.46,114.69,5525269
2026-08-25 10:30:00-04:00,114.7139,116.4237,113.1301,115.62,3728298
2026-08-25 11:00:00-04:00,115.615,116.5,114.88,116.38,1857577
2026-08-25 11:30:00-04:00,116.41,117.0,115.05,115.5,1665834
2026-08-25 12:00:00-04:00,115.515,116.72,115.4273,116.5,1266907
2026-08-25 12:30:00-04:00,116.48,116.49,115.2305,115.565,893687
2026-08-25 13:00:00-04:00,115.57,115.81,114.69,114.95,1169481
2026-08-25 13:30:00-04:00,114.98,115.4,114.81,115.075,715877
2026-08-25 14:00:00-04:00,115.09,115.28,114.44,115.0,1023715
2026-08-25 14:30:00-04:00,115.0,116.54,115.0,115.77,1711466
2026-08-25 15:00:00-04:00,115.75,115.995,114.63,115.3181,1908848
2026-08-25 15:30:00-04:00,115.31,116.035,114.42,115.84,7325282
2026-08-26 09:30:00-04:00,114.7,117.19,114.61,116.545,4797578
2026-08-26 10:00:00-04:00,116.51,116.5106,112.53,113.02,3265579
2026-08-26 10:30:00-04:00,113.0386,115.58,113.0,114.92,2682982
2026-08-26 11:00:00-04:00,114.97,115.76,114.43,115.6,1271427
2026-08-26 11:30:00-04:00,115.57,116.35,115.26,115.3601,1390212
2026-08-26 12:00:00-04:00,115.36,115.44,114.3039,114.9499,1156613
2026-08-26 12:30:00-04:00,114.9301,115.38,114.285,115.3,916967
2026-08-26 13:00:00-04:00,115.329,116.05,115.21,115.8684,899857
2026-08-26 13:30:00-04:00,115.845,116.49,115.7038,116.33,817432
2026-08-26 14:00:00-04:00,116.32,116.5399,115.91,116.125,641910
2026-08-26 14:30:00-04:00,116.095,116.88,116.095,116.59,954642
2026-08-26 15:00:00-04:00,116.56,117.3862,116.27,116.76,1490832
2026-08-26 15:30:00-04:00,116.765,116.765,115.37,116.665,4451986
2026-08-27 09:30:00-04:00,123.33,124.88,117.6901,118.93,11562597
2026-08-27 10:00:00-04:00,118.94,122.96,118.68,122.69,6319613
2026-08-27 10:30:00-04:00,122.77,122.8399,120.221,121.35,3213854
2026-08-27 11:00:00-04:00,121.35,122.29,120.68,120.8987,2049397
2026-08-27 11:30:00-04:00,120.92,121.65,119.58,121.4,2326305
2026-08-27 12:00:00-04:00,121.39,122.35,120.4,121.2675,1605855
2026-08-27 12:30:00-04:00,121.27,122.38,121.15,121.97,1760469
2026-08-27 13:00:00-04:00,122.0058,122.44,121.2875,121.39,1122166
2026-08-27 13:30:00-04:00,121.42,121.67,120.55,120.71,1241929
2026-08-27 14:00:00-04:00,120.7301,120.85,118.95,119.2464,1589427
2026-08-27 14:30:00-04:00,119.28,120.19,119.2,119.985,1256868
2026-08-27 15:00:00-04:00,120.01,120.7799,119.7301,120.2443,1964296
2026-08-27 15:30:00-04:00,120.22,123.59,120.015,123.17,8913180
2026-08-28 09:30:00-04:00,119.92,121.1999,117.52,119.1501,5502838
2026-08-28 10:00:00-04:00,119.3,120.6,116.52,119.48,6250290
2026-08-28 10:30:00-04:00,119.49,120.45,118.6006,119.385,2967241
2026-08-28 11:00:00-04:00,119.31,119.62,117.31,117.9,2488395
2026-08-28 11:30:00-04:00,117.92,117.92,111.86,111.9997,5968044
2026-08-28 12:00:00-04:00,112.07,113.55,110.64,111.54,6588152
2026-08-28 12:30:00-04:00,111.505,113.1771,110.68,112.05,3329341
2026-08-28 13:00:00-04:00,112.05,112.07,110.21,111.55,2986907
2026-08-28 13:30:00-04:00,111.5399,113.05,111.42,112.62,1984525
2026-08-28 14:00:00-04:00,112.6581,112.76,111.81,112.01,1177402
2026-08-28 14:30:00-04:00,111.9801,112.56,110.83,111.105,1621719
2026-08-28 15:00:00-04:00,111.11,112.65,110.93,112.49,3891888
2026-08-28 15:30:00-04:00,112.5,112.88,111.25,111.37,9807558
2026-08-31 09:30:00-04:00,112.41,115.05,111.29,113.4613,5771133
2026-08-31 10:00:00-04:00,113.5687,114.1701,112.05,112.2,2518998
2026-08-31 10:30:00-04:00,112.13,113.1729,111.7,111.86,2177518
2026-08-31 11:00:00-04:00,111.84,112.27,110.86,111.68,2095341
2026-08-31 11:30:00-04:00,111.65,111.8,110.78,110.85,1203515
2026-08-31 12:00:00-04:00,110.86,111.75,110.33,111.74,1865208
2026-08-31 12:30:00-04:00,111.75,112.26,111.46,112.245,1116879
2026-08-31 13:00:00-04:00,112.2,112.21,111.31,111.36,892662
2026-08-31 13:30:00-04:00,111.365,112.21,111.305,111.9,824022
2026-08-31 14:00:00-04:00,111.91,112.8399,111.85,112.42,821721
2026-08-31 14:30:00-04:00,112.415,112.5263,111.3121,111.33,1229220
2026-08-31 15:00:00-04:00,111.34,112.31,111.3,111.96,1201357
2026-08-31 15:30:00-04:00,111.945,113.11,111.83,112.845,5547862
2026-09-01 09:30:00-04:00,106.355,106.57,102.31,103.525,10687556
2026-09-01 10:00:00-04:00,103.59,104.0599,102.4601,102.62,5082806
2026-09-01 10:30:00-04:00,102.61,105.92,102.59,105.9099,5097909
2026-09-01 11:00:00-04:00,105.92,106.7,105.23,106.62,3599633
2026-09-01 11:30:00-04:00,106.62,108.64,106.3686,107.6099,3739846
2026-09-01 12:00:00-04:00,107.615,107.74,105.25,105.525,2486258
2026-09-01 12:30:00-04:00,105.5,106.6175,104.52,106.4095,2487248
2026-09-01 13:00:00-04:00,106.3801,106.45,104.3263,105.205,1655444
2026-09-01 13:30:00-04:00,105.19,105.49,104.41,104.6152,1429033
2026-09-01 14:00:00-04:00,104.605,104.8,103.6,104.01,1536831
2026-09-01 14:30:00-04:00,104.0,104.325,102.7,104.283,2953592
2026-09-01 15:00:00-04:00,104.28,106.14,104.21,106.1,3834844
2026-09-01 15:30:00-04:00,106.1177,106.24,104.73,105.745,8521344
2026-09-02 09:30:00-04:00,104.5,105.96,101.34,102.69,8093705
2026-09-02 10:00:00-04:00,102.66,106.75,102.3,106.68,6526454
2026-09-02 10:30:00-04:00,106.66,108.07,104.82,105.03,4640331
2026-09-02 11:00:00-04:00,105.035,106.8999,104.643987,106.86,2541440
2026-09-02 11:30:00-04:00,106.85,107.73,106.7185,107.5599,2224873
2026-09-02 12:00:00-04:00,107.56,107.9,106.355,106.51,1501190
2026-09-02 12:30:00-04:00,106.5626,106.9899,105.8,106.38,1300379
2026-09-02 13:00:00-04:00,106.38,106.8895,105.64,106.2,1093401
2026-09-02 13:30:00-04:00,106.1996,106.56,105.745,105.885,793174
2026-09-02 14:00:00-04:00,105.88,106.31,105.4501,105.84,1120034
2026-09-02 14:30:00-04:00,105.865,106.6,105.77,106.46,830006
2026-09-02 15:00:00-04:00,106.43,106.6,105.9,106.27,1425318
2026-09-02 15:30:00-04:00,106.265,106.43,105.9,106.36,4800844
2026-09-03 09:30:00-04:00,103.0,103.4,98.62,101.245,12616758
2026-09-03 10:00:00-04:00,101.17,102.1599,99.0,101.54,7568037
2026-09-03 10:30:00-04:00,101.53,103.91,100.2901,103.8996,4813938
2026-09-03 11:00:00-04:00,103.9,106.135,103.67,106.016,4998596
2026-09-03 11:30:00-04:00,106.03,106.05,104.85,105.58,2286181
2026-09-03 12:00:00-04:00,105.55,106.0004,104.69,105.58,1774447
2026-09-03 12:30:00-04:00,105.58,106.69,105.12,106.27,1815254
2026-09-03 13:00:00-04:00,106.29,106.42,105.45,106.0,1246175
2026-09-03 13:30:00-04:00,105.995,106.5,105.7901,106.14,1175136
2026-09-03 14:00:00-04:00,106.16,106.95,106.15,106.7,1273543
2026-09-03 14:30:00-04:00,106.685,107.49,106.625,107.245,1569984
2026-09-03 15:00:00-04:00,107.23,107.28,106.14,106.56,1732659
2026-09-03 15:30:00-04:00,106.54,106.88,106.24,106.73,4226492
