date,equity,pos
2016-09-06,100000.0,False
2016-09-07,100000.0,False
2016-09-08,100000.0,False
2016-09-09,100000.0,False
2016-09-12,108344.60737678036,True
2016-09-13,106502.30201811135,False
2016-09-14,106502.30201811135,False
2016-09-15,106502.30201811135,False
2016-09-16,106502.30201811135,False
2016-09-19,106502.30201811135,False
2016-09-20,106502.30201811135,False
2016-09-21,106502.30201811135,False
2016-09-22,106502.30201811135,False
2016-09-23,106502.30201811135,False
2016-09-26,106502.30201811135,False
2016-09-27,106502.30201811135,False
2016-09-28,106502.30201811135,False
2016-09-29,106502.30201811135,False
2016-09-30,106502.30201811135,False
2016-10-03,106502.30201811135,False
2016-10-04,106502.30201811135,False
2016-10-05,106502.30201811135,False
2016-10-06,106502.30201811135,False
2016-10-07,106502.30201811135,False
2016-10-10,106502.30201811135,False
2016-10-11,106502.30201811135,False
2016-10-12,106502.30201811135,False
2016-10-13,106502.30201811135,False
2016-10-14,106502.30201811135,False
2016-10-17,106502.30201811135,False
2016-10-18,106502.30201811135,False
2016-10-19,106502.30201811135,False
2016-10-20,106502.30201811135,False
2016-10-21,106502.30201811135,False
2016-10-24,106502.30201811135,False
2016-10-25,106502.30201811135,False
2016-10-26,106502.30201811135,False
2016-10-27,106502.30201811135,False
2016-10-28,106502.30201811135,False
2016-10-31,106502.30201811135,False
2016-11-01,106502.30201811135,False
2016-11-02,106502.30201811135,False
2016-11-03,106502.30201811135,False
2016-11-04,106502.30201811135,False
2016-11-07,106502.30201811135,False
2016-11-08,106502.30201811135,False
2016-11-09,106502.30201811135,False
2016-11-10,106502.30201811135,False
2016-11-11,106502.30201811135,False
2016-11-14,106502.30201811135,False
2016-11-15,106502.30201811135,False
2016-11-16,106502.30201811135,False
2016-11-17,106502.30201811135,False
2016-11-18,106502.30201811135,False
2016-11-21,106502.30201811135,False
2016-11-22,106502.30201811135,False
2016-11-23,106502.30201811135,False
2016-11-25,106502.30201811135,False
2016-11-28,106502.30201811135,False
2016-11-29,106502.30201811135,False
2016-11-30,106502.30201811135,False
2016-12-01,91076.64121650242,True
2016-12-02,94606.87276107361,True
2016-12-05,98060.37891068755,True
2016-12-06,99058.06805809312,False
2016-12-07,99058.06805809312,False
2016-12-08,99058.06805809312,False
2016-12-09,99058.06805809312,False
2016-12-12,99058.06805809312,False
2016-12-13,99058.06805809312,False
2016-12-14,99058.06805809312,False
2016-12-15,99058.06805809312,False
2016-12-16,99058.06805809312,False
2016-12-19,99058.06805809312,False
2016-12-20,99058.06805809312,False
2016-12-21,99058.06805809312,False
2016-12-22,99058.06805809312,False
2016-12-23,99058.06805809312,False
2016-12-27,99058.06805809312,False
2016-12-28,99058.06805809312,False
2016-12-29,99058.06805809312,False
2016-12-30,99058.06805809312,False
2017-01-03,99058.06805809312,False
2017-01-04,99058.06805809312,False
2017-01-05,99058.06805809312,False
2017-01-06,100740.88090094985,True
2017-01-09,103983.8190128388,True
2017-01-10,103948.7428826455,False
2017-01-11,103948.7428826455,False
2017-01-12,103948.7428826455,False
2017-01-13,103948.7428826455,False
2017-01-17,103948.7428826455,False
2017-01-18,103948.7428826455,False
2017-01-19,103948.7428826455,False
2017-01-20,103948.7428826455,False
2017-01-23,103948.7428826455,False
2017-01-24,103948.7428826455,False
2017-01-25,103948.7428826455,False
2017-01-26,103948.7428826455,False
2017-01-27,103948.7428826455,False
2017-01-30,103948.7428826455,False
2017-01-31,103948.7428826455,False
2017-02-01,103948.7428826455,False
2017-02-02,103948.7428826455,False
2017-02-03,103948.7428826455,False
2017-02-06,103948.7428826455,False
2017-02-07,103948.7428826455,False
2017-02-08,103948.7428826455,False
2017-02-09,103948.7428826455,False
2017-02-10,103948.7428826455,False
2017-02-13,103948.7428826455,False
2017-02-14,103948.7428826455,False
2017-02-15,103948.7428826455,False
2017-02-16,103948.7428826455,False
2017-02-17,103948.7428826455,False
2017-02-21,103948.7428826455,False
2017-02-22,103948.7428826455,False
2017-02-23,103948.7428826455,False
2017-02-24,103948.7428826455,False
2017-02-27,103948.7428826455,False
2017-02-28,103948.7428826455,False
2017-03-01,103948.7428826455,False
2017-03-02,103948.7428826455,False
2017-03-03,103948.7428826455,False
2017-03-06,103948.7428826455,False
2017-03-07,103948.7428826455,False
2017-03-08,103948.7428826455,False
2017-03-09,103948.7428826455,False
2017-03-10,103948.7428826455,False
2017-03-13,103948.7428826455,False
2017-03-14,103948.7428826455,False
2017-03-15,103948.7428826455,False
2017-03-16,103948.7428826455,False
2017-03-17,103948.7428826455,False
2017-03-20,103948.7428826455,False
2017-03-21,103948.7428826455,False
2017-03-22,103948.7428826455,False
2017-03-23,103948.7428826455,False
2017-03-24,103948.7428826455,False
2017-03-27,103948.7428826455,False
2017-03-28,103948.7428826455,False
2017-03-29,103948.7428826455,False
2017-03-30,103948.7428826455,False
2017-03-31,103948.7428826455,False
2017-04-03,103948.7428826455,False
2017-04-04,103948.7428826455,False
2017-04-05,103948.7428826455,False
2017-04-06,104411.73502013009,True
2017-04-07,105800.71143258386,True
2017-04-10,105884.89182121743,False
2017-04-11,105884.89182121743,False
2017-04-12,105884.89182121743,False
2017-04-13,105458.44607354504,True
2017-04-17,109580.75496771155,True
2017-04-18,108064.50342043192,False
2017-04-19,108064.50342043192,False
2017-04-20,108064.50342043192,False
2017-04-21,108064.50342043192,False
2017-04-24,108064.50342043192,False
2017-04-25,108064.50342043192,False
2017-04-26,108064.50342043192,False
2017-04-27,108064.50342043192,False
2017-04-28,108064.50342043192,False
2017-05-01,108064.50342043192,False
2017-05-02,108064.50342043192,False
2017-05-03,108064.50342043192,False
2017-05-04,108064.50342043192,False
2017-05-05,108064.50342043192,False
2017-05-08,108064.50342043192,False
2017-05-09,108064.50342043192,False
2017-05-10,108064.50342043192,False
2017-05-11,108064.50342043192,False
2017-05-12,108064.50342043192,False
2017-05-15,108064.50342043192,False
2017-05-16,108064.50342043192,False
2017-05-17,108064.50342043192,False
2017-05-18,108064.50342043192,False
2017-05-19,108064.50342043192,False
2017-05-22,108064.50342043192,False
2017-05-23,108064.50342043192,False
2017-05-24,108064.50342043192,False
2017-05-25,108064.50342043192,False
2017-05-26,108064.50342043192,False
2017-05-30,108064.50342043192,False
2017-05-31,108064.50342043192,False
2017-06-01,108064.50342043192,False
2017-06-02,108064.50342043192,False
2017-06-05,108064.50342043192,False
2017-06-06,108064.50342043192,False
2017-06-07,108064.50342043192,False
2017-06-08,108064.50342043192,False
2017-06-09,108064.50342043192,False
2017-06-12,108064.50342043192,False
2017-06-13,108064.50342043192,False
2017-06-14,108064.50342043192,False
2017-06-15,108064.50342043192,False
2017-06-16,108064.50342043192,False
2017-06-19,108064.50342043192,False
2017-06-20,108064.50342043192,False
2017-06-21,108064.50342043192,False
2017-06-22,108064.50342043192,False
2017-06-23,108064.50342043192,False
2017-06-26,108064.50342043192,False
2017-06-27,108064.50342043192,False
2017-06-28,111273.97084154453,True
2017-06-29,108947.74139084439,False
2017-06-30,108947.74139084439,False
2017-07-03,108947.74139084439,False
2017-07-05,114395.12122018907,True
2017-07-06,110423.35570947002,False
2017-07-07,110423.35570947002,False
2017-07-10,110423.35570947002,False
2017-07-11,110423.35570947002,False
2017-07-12,110423.35570947002,False
2017-07-13,110423.35570947002,False
2017-07-14,110423.35570947002,False
2017-07-17,110423.35570947002,False
2017-07-18,110423.35570947002,False
2017-07-19,110423.35570947002,False
2017-07-20,110423.35570947002,False
2017-07-21,110423.35570947002,False
2017-07-24,110423.35570947002,False
2017-07-25,110423.35570947002,False
2017-07-26,110423.35570947002,False
2017-07-27,110423.35570947002,False
2017-07-28,110423.35570947002,False
2017-07-31,110423.35570947002,False
2017-08-01,110423.35570947002,False
2017-08-02,110423.35570947002,False
2017-08-03,110423.35570947002,False
2017-08-04,110423.35570947002,False
2017-08-07,110423.35570947002,False
2017-08-08,110423.35570947002,False
2017-08-09,110423.35570947002,False
2017-08-10,110423.35570947002,False
2017-08-11,113530.04690130764,True
2017-08-14,122321.63917421683,True
2017-08-15,123481.81912212279,False
2017-08-16,123481.81912212279,False
2017-08-17,123481.81912212279,False
2017-08-18,123481.81912212279,False
2017-08-21,123481.81912212279,False
2017-08-22,123481.81912212279,False
2017-08-23,123481.81912212279,False
2017-08-24,123481.81912212279,False
2017-08-25,123481.81912212279,False
2017-08-28,123481.81912212279,False
2017-08-29,123481.81912212279,False
2017-08-30,123481.81912212279,False
2017-08-31,123481.81912212279,False
2017-09-01,123481.81912212279,False
2017-09-05,123481.81912212279,False
2017-09-06,123481.81912212279,False
2017-09-07,123481.81912212279,False
2017-09-08,123481.81912212279,False
2017-09-11,123481.81912212279,False
2017-09-12,123481.81912212279,False
2017-09-13,123481.81912212279,False
2017-09-14,123481.81912212279,False
2017-09-15,123481.81912212279,False
2017-09-18,123481.81912212279,False
2017-09-19,123481.81912212279,False
2017-09-20,123481.81912212279,False
2017-09-21,123481.81912212279,False
2017-09-22,123481.81912212279,False
2017-09-25,123481.81912212279,False
2017-09-26,123481.81912212279,False
2017-09-27,123481.81912212279,False
2017-09-28,123481.81912212279,False
2017-09-29,123481.81912212279,False
2017-10-02,123481.81912212279,False
2017-10-03,123481.81912212279,False
2017-10-04,123481.81912212279,False
2017-10-05,123481.81912212279,False
2017-10-06,123481.81912212279,False
2017-10-09,123481.81912212279,False
2017-10-10,123481.81912212279,False
2017-10-11,123481.81912212279,False
2017-10-12,123481.81912212279,False
2017-10-13,123481.81912212279,False
2017-10-16,123481.81912212279,False
2017-10-17,123481.81912212279,False
2017-10-18,123481.81912212279,False
2017-10-19,123481.81912212279,False
2017-10-20,123481.81912212279,False
2017-10-23,123481.81912212279,False
2017-10-24,123481.81912212279,False
2017-10-25,123481.81912212279,False
2017-10-26,123481.81912212279,False
2017-10-27,123481.81912212279,False
2017-10-30,123481.81912212279,False
2017-10-31,123481.81912212279,False
2017-11-01,123481.81912212279,False
2017-11-02,123481.81912212279,False
2017-11-03,123481.81912212279,False
2017-11-06,123481.81912212279,False
2017-11-07,123481.81912212279,False
2017-11-08,123481.81912212279,False
2017-11-09,123481.81912212279,False
2017-11-10,123481.81912212279,False
2017-11-13,123481.81912212279,False
2017-11-14,123481.81912212279,False
2017-11-15,123481.81912212279,False
2017-11-16,123481.81912212279,False
2017-11-17,123481.81912212279,False
2017-11-20,123481.81912212279,False
2017-11-21,123481.81912212279,False
2017-11-22,123481.81912212279,False
2017-11-24,123481.81912212279,False
2017-11-27,123481.81912212279,False
2017-11-28,123481.81912212279,False
2017-11-29,123481.81912212279,False
2017-11-30,123481.81912212279,False
2017-12-01,123481.81912212279,False
2017-12-04,123481.81912212279,False
2017-12-05,126057.57279348868,True
2017-12-06,127330.97910292802,True
2017-12-07,131054.73750330594,True
2017-12-08,135202.945379462,False
2017-12-11,135202.945379462,False
2017-12-12,135202.945379462,False
2017-12-13,135202.945379462,False
2017-12-14,135202.945379462,False
2017-12-15,135202.945379462,False
2017-12-18,135202.945379462,False
2017-12-19,135202.945379462,False
2017-12-20,135202.945379462,False
2017-12-21,135202.945379462,False
2017-12-22,135202.945379462,False
2017-12-26,135202.945379462,False
2017-12-27,135202.945379462,False
2017-12-28,135202.945379462,False
2017-12-29,135202.945379462,False
2018-01-02,135202.945379462,False
2018-01-03,135202.945379462,False
2018-01-04,135202.945379462,False
2018-01-05,135202.945379462,False
2018-01-08,135202.945379462,False
2018-01-09,135202.945379462,False
2018-01-10,135202.945379462,False
2018-01-11,135202.945379462,False
2018-01-12,135202.945379462,False
2018-01-16,135202.945379462,False
2018-01-17,135202.945379462,False
2018-01-18,135202.945379462,False
2018-01-19,135202.945379462,False
2018-01-22,135202.945379462,False
2018-01-23,135202.945379462,False
2018-01-24,135202.945379462,False
2018-01-25,135202.945379462,False
2018-01-26,142379.6983062136,True
2018-01-29,140501.01020127902,False
2018-01-30,140501.01020127902,False
2018-01-31,140501.01020127902,False
2018-02-01,140501.01020127902,False
2018-02-02,140501.01020127902,False
2018-02-05,124908.1529907057,True
2018-02-06,137746.0884326265,True
2018-02-07,128581.38660711201,True
2018-02-08,112308.97284386518,True
2018-02-09,122538.92026966454,True
2018-02-12,129003.79876189951,True
2018-02-13,125697.89263951647,False
2018-02-14,125697.89263951647,False
2018-02-15,125697.89263951647,False
2018-02-16,125697.89263951647,False
2018-02-20,125697.89263951647,False
2018-02-21,125697.89263951647,False
2018-02-22,125697.89263951647,False
2018-02-23,125697.89263951647,False
2018-02-26,125697.89263951647,False
2018-02-27,125697.89263951647,False
2018-02-28,125697.89263951647,False
2018-03-01,125697.89263951647,False
2018-03-02,125697.89263951647,False
2018-03-05,125697.89263951647,False
2018-03-06,125697.89263951647,False
2018-03-07,125697.89263951647,False
2018-03-08,125697.89263951647,False
2018-03-09,125697.89263951647,False
2018-03-12,125697.89263951647,False
2018-03-13,125697.89263951647,False
2018-03-14,125697.89263951647,False
2018-03-15,125697.89263951647,False
2018-03-16,125697.89263951647,False
2018-03-19,125697.89263951647,False
2018-03-20,125697.89263951647,False
2018-03-21,125697.89263951647,False
2018-03-22,125697.89263951647,False
2018-03-23,113779.35351698121,True
2018-03-26,128089.01891921567,True
2018-03-27,131883.6478605771,False
2018-03-28,131883.6478605771,False
2018-03-29,137263.89960998364,True
2018-04-02,133114.18611568888,False
2018-04-03,133114.18611568888,False
2018-04-04,133114.18611568888,False
2018-04-05,133114.18611568888,False
2018-04-06,133114.18611568888,False
2018-04-09,130494.87093454888,True
2018-04-10,143042.0822691394,True
2018-04-11,140893.65521045154,False
2018-04-12,140893.65521045154,False
2018-04-13,140893.65521045154,False
2018-04-16,140893.65521045154,False
2018-04-17,140893.65521045154,False
2018-04-18,140893.65521045154,False
2018-04-19,140893.65521045154,False
2018-04-20,135915.41272634894,True
2018-04-23,130446.65680905641,True
2018-04-24,127273.93520677456,True
2018-04-25,126825.15760522812,True
2018-04-26,134569.09557656015,True
2018-04-27,139390.7895548734,False
2018-04-30,139390.7895548734,False
2018-05-01,139390.7895548734,False
2018-05-02,139390.7895548734,False
2018-05-03,139390.7895548734,False
2018-05-04,139390.7895548734,False
2018-05-07,139390.7895548734,False
2018-05-08,139390.7895548734,False
2018-05-09,139390.7895548734,False
2018-05-10,139390.7895548734,False
2018-05-11,139390.7895548734,False
2018-05-14,139390.7895548734,False
2018-05-15,139390.7895548734,False
2018-05-16,139390.7895548734,False
2018-05-17,139390.7895548734,False
2018-05-18,139390.7895548734,False
2018-05-21,139390.7895548734,False
2018-05-22,139390.7895548734,False
2018-05-23,139390.7895548734,False
2018-05-24,139390.7895548734,False
2018-05-25,139390.7895548734,False
2018-05-29,139390.7895548734,False
2018-05-30,139390.7895548734,False
2018-05-31,139390.7895548734,False
2018-06-01,139390.7895548734,False
2018-06-04,139390.7895548734,False
2018-06-05,139390.7895548734,False
2018-06-06,139390.7895548734,False
2018-06-07,139390.7895548734,False
2018-06-08,139390.7895548734,False
2018-06-11,139390.7895548734,False
2018-06-12,139390.7895548734,False
2018-06-13,139390.7895548734,False
2018-06-14,139390.7895548734,False
2018-06-15,139390.7895548734,False
2018-06-18,139390.7895548734,False
2018-06-19,139390.7895548734,False
2018-06-20,139390.7895548734,False
2018-06-21,139390.7895548734,False
2018-06-22,139390.7895548734,False
2018-06-25,131998.58099292437,True
2018-06-26,133383.50047546017,True
2018-06-27,123572.1916616133,True
2018-06-28,126692.74236099533,True
2018-06-29,127250.3010407235,True
2018-07-02,129597.46215345917,True
2018-07-03,130811.51100487415,False
2018-07-05,130811.51100487415,False
2018-07-06,130811.51100487415,False
2018-07-09,130811.51100487415,False
2018-07-10,130811.51100487415,False
2018-07-11,130811.51100487415,False
2018-07-12,130811.51100487415,False
2018-07-13,130811.51100487415,False
2018-07-16,130811.51100487415,False
2018-07-17,130811.51100487415,False
2018-07-18,130811.51100487415,False
2018-07-19,130811.51100487415,False
2018-07-20,130811.51100487415,False
2018-07-23,130811.51100487415,False
2018-07-24,130811.51100487415,False
2018-07-25,130811.51100487415,False
2018-07-26,130811.51100487415,False
2018-07-27,130811.51100487415,False
2018-07-30,130811.51100487415,False
2018-07-31,130811.51100487415,False
2018-08-01,130811.51100487415,False
2018-08-02,130811.51100487415,False
2018-08-03,130811.51100487415,False
2018-08-06,130811.51100487415,False
2018-08-07,130811.51100487415,False
2018-08-08,130811.51100487415,False
2018-08-09,130811.51100487415,False
2018-08-10,130811.51100487415,False
2018-08-13,130811.51100487415,False
2018-08-14,130811.51100487415,False
2018-08-15,130811.51100487415,False
2018-08-16,130811.51100487415,False
2018-08-17,130811.51100487415,False
2018-08-20,130811.51100487415,False
2018-08-21,130811.51100487415,False
2018-08-22,130811.51100487415,False
2018-08-23,130811.51100487415,False
2018-08-24,130811.51100487415,False
2018-08-27,130811.51100487415,False
2018-08-28,130811.51100487415,False
2018-08-29,130811.51100487415,False
2018-08-30,130811.51100487415,False
2018-08-31,130811.51100487415,False
2018-09-04,130811.51100487415,False
2018-09-05,130811.51100487415,False
2018-09-06,130811.51100487415,False
2018-09-07,130811.51100487415,False
2018-09-10,130811.51100487415,False
2018-09-11,130811.51100487415,False
2018-09-12,130811.51100487415,False
2018-09-13,130811.51100487415,False
2018-09-14,130811.51100487415,False
2018-09-17,130811.51100487415,False
2018-09-18,130811.51100487415,False
2018-09-19,130811.51100487415,False
2018-09-20,130811.51100487415,False
2018-09-21,130811.51100487415,False
2018-09-24,130811.51100487415,False
2018-09-25,130811.51100487415,False
2018-09-26,130811.51100487415,False
2018-09-27,130811.51100487415,False
2018-09-28,130811.51100487415,False
2018-10-01,130811.51100487415,False
2018-10-02,130811.51100487415,False
2018-10-03,130811.51100487415,False
2018-10-04,130811.51100487415,False
2018-10-05,130811.51100487415,False
2018-10-08,130811.51100487415,False
2018-10-09,130811.51100487415,False
2018-10-10,130811.51100487415,False
2018-10-11,126945.32963629859,True
2018-10-12,134016.21611248195,True
2018-10-15,130435.15706634024,True
2018-10-16,143208.37024222006,True
2018-10-17,145968.31052946683,False
2018-10-18,145968.31052946683,False
2018-10-19,145968.31052946683,False
2018-10-22,145863.58644404597,True
2018-10-23,143520.24511917692,True
2018-10-24,136359.28167305537,False
2018-10-25,142297.8181986557,True
2018-10-26,134723.15217604113,True
2018-10-29,130754.0156363885,True
2018-10-30,147024.41452336352,True
2018-10-31,153765.8815996236,False
2018-11-01,153765.8815996236,False
2018-11-02,153765.8815996236,False
2018-11-05,153765.8815996236,False
2018-11-06,153765.8815996236,False
2018-11-07,153765.8815996236,False
2018-11-08,153765.8815996236,False
2018-11-09,153765.8815996236,False
2018-11-12,153765.8815996236,False
2018-11-13,156922.66211340492,True
2018-11-14,158754.5796262288,True
2018-11-15,174816.48261483645,True
2018-11-16,156775.45511329855,False
2018-11-19,156775.45511329855,False
2018-11-20,171610.8779137747,True
2018-11-21,173655.21359662066,True
2018-11-23,173580.18307016228,True
2018-11-26,183389.2076553364,True
2018-11-27,180219.55474026897,False
2018-11-28,180219.55474026897,False
2018-11-29,180219.55474026897,False
2018-11-30,180219.55474026897,False
2018-12-03,180219.55474026897,False
2018-12-04,180219.55474026897,False
2018-12-06,180219.55474026897,False
2018-12-07,180219.55474026897,False
2018-12-10,180219.55474026897,False
2018-12-11,180219.55474026897,False
2018-12-12,180219.55474026897,False
2018-12-13,180219.55474026897,False
2018-12-14,180219.55474026897,False
2018-12-17,180219.55474026897,False
2018-12-18,180219.55474026897,False
2018-12-19,180219.55474026897,False
2018-12-20,176505.57865441023,True
2018-12-21,168412.75598598912,True
2018-12-24,153786.12088852105,True
2018-12-26,179570.81252860487,True
2018-12-27,170453.17318115899,False
2018-12-28,170453.17318115899,False
2018-12-31,170453.17318115899,False
2019-01-02,170453.17318115899,False
2019-01-03,170453.17318115899,False
2019-01-04,183358.95796171625,True
2019-01-07,186960.56909760422,False
2019-01-08,186960.56909760422,False
2019-01-09,186960.56909760422,False
2019-01-10,186960.56909760422,False
2019-01-11,186960.56909760422,False
2019-01-14,186960.56909760422,False
2019-01-15,186960.56909760422,False
2019-01-16,186960.56909760422,False
2019-01-17,186960.56909760422,False
2019-01-18,186960.56909760422,False
2019-01-22,186960.56909760422,False
2019-01-23,186960.56909760422,False
2019-01-24,186960.56909760422,False
2019-01-25,186960.56909760422,False
2019-01-28,186960.56909760422,False
2019-01-29,186960.56909760422,False
2019-01-30,186960.56909760422,False
2019-01-31,186960.56909760422,False
2019-02-01,186960.56909760422,False
2019-02-04,186960.56909760422,False
2019-02-05,186960.56909760422,False
2019-02-06,186960.56909760422,False
2019-02-07,186960.56909760422,False
2019-02-08,186960.56909760422,False
2019-02-11,186960.56909760422,False
2019-02-12,186960.56909760422,False
2019-02-13,186960.56909760422,False
2019-02-14,186960.56909760422,False
2019-02-15,186960.56909760422,False
2019-02-19,186960.56909760422,False
2019-02-20,186960.56909760422,False
2019-02-21,186960.56909760422,False
2019-02-22,186960.56909760422,False
2019-02-25,186960.56909760422,False
2019-02-26,186960.56909760422,False
2019-02-27,186960.56909760422,False
2019-02-28,186960.56909760422,False
2019-03-01,186960.56909760422,False
2019-03-04,186960.56909760422,False
2019-03-05,186960.56909760422,False
2019-03-06,186960.56909760422,False
2019-03-07,183579.69101639884,True
2019-03-08,183283.68569537505,True
2019-03-11,186695.71608140634,False
2019-03-12,186695.71608140634,False
2019-03-13,186695.71608140634,False
2019-03-14,186695.71608140634,False
2019-03-15,186695.71608140634,False
2019-03-18,186695.71608140634,False
2019-03-19,186695.71608140634,False
2019-03-20,186695.71608140634,False
2019-03-21,186695.71608140634,False
2019-03-22,186695.71608140634,False
2019-03-25,186695.71608140634,False
2019-03-26,186695.71608140634,False
2019-03-27,186695.71608140634,False
2019-03-28,186695.71608140634,False
2019-03-29,186695.71608140634,False
2019-04-01,186695.71608140634,False
2019-04-02,186695.71608140634,False
2019-04-03,186695.71608140634,False
2019-04-04,186695.71608140634,False
2019-04-05,186695.71608140634,False
2019-04-08,186695.71608140634,False
2019-04-09,186695.71608140634,False
2019-04-10,186695.71608140634,False
2019-04-11,186695.71608140634,False
2019-04-12,186695.71608140634,False
2019-04-15,186695.71608140634,False
2019-04-16,186695.71608140634,False
2019-04-17,186695.71608140634,False
2019-04-18,186695.71608140634,False
2019-04-22,186695.71608140634,False
2019-04-23,186695.71608140634,False
2019-04-24,186695.71608140634,False
2019-04-25,186695.71608140634,False
2019-04-26,186695.71608140634,False
2019-04-29,186695.71608140634,False
2019-04-30,186695.71608140634,False
2019-05-01,186695.71608140634,False
2019-05-02,186695.71608140634,False
2019-05-03,186695.71608140634,False
2019-05-06,186695.71608140634,False
2019-05-07,186695.71608140634,False
2019-05-08,186695.71608140634,False
2019-05-09,186695.71608140634,False
2019-05-10,186695.71608140634,False
2019-05-13,186695.71608140634,False
2019-05-14,192910.2212927171,True
2019-05-15,186083.39189340005,False
2019-05-16,186083.39189340005,False
2019-05-17,186083.39189340005,False
2019-05-20,186083.39189340005,False
2019-05-21,185717.0786921501,True
2019-05-22,175431.20971843103,False
2019-05-23,175431.20971843103,False
2019-05-24,175431.20971843103,False
2019-05-28,175431.20971843103,False
2019-05-29,175431.20971843103,False
2019-05-30,175431.20971843103,False
2019-05-31,175431.20971843103,False
2019-06-03,175431.20971843103,False
2019-06-04,175431.20971843103,False
2019-06-05,175431.20971843103,False
2019-06-06,175431.20971843103,False
2019-06-07,175431.20971843103,False
2019-06-10,175431.20971843103,False
2019-06-11,175431.20971843103,False
2019-06-12,175431.20971843103,False
2019-06-13,175431.20971843103,False
2019-06-14,175431.20971843103,False
2019-06-17,175431.20971843103,False
2019-06-18,191269.83857040043,True
2019-06-19,194428.95719805863,False
2019-06-20,194428.95719805863,False
2019-06-21,194428.95719805863,False
2019-06-24,194428.95719805863,False
2019-06-25,194428.95719805863,False
2019-06-26,199521.364988332,True
2019-06-27,203203.14370035435,False
2019-06-28,203203.14370035435,False
2019-07-01,203203.14370035435,False
2019-07-02,203203.14370035435,False
2019-07-03,203203.14370035435,False
2019-07-05,203203.14370035435,False
2019-07-08,203203.14370035435,False
2019-07-09,203203.14370035435,False
2019-07-10,203203.14370035435,False
2019-07-11,203203.14370035435,False
2019-07-12,203203.14370035435,False
2019-07-15,203203.14370035435,False
2019-07-16,203203.14370035435,False
2019-07-17,203203.14370035435,False
2019-07-18,203203.14370035435,False
2019-07-19,203203.14370035435,False
2019-07-22,203203.14370035435,False
2019-07-23,203203.14370035435,False
2019-07-24,203203.14370035435,False
2019-07-25,203203.14370035435,False
2019-07-26,203203.14370035435,False
2019-07-29,203203.14370035435,False
2019-07-30,203203.14370035435,False
2019-07-31,203203.14370035435,False
2019-08-01,203203.14370035435,False
2019-08-02,203203.14370035435,False
2019-08-05,203203.14370035435,False
2019-08-06,203203.14370035435,False
2019-08-07,203203.14370035435,False
2019-08-08,203203.14370035435,False
2019-08-09,203203.14370035435,False
2019-08-12,203203.14370035435,False
2019-08-13,203203.14370035435,False
2019-08-14,203203.14370035435,False
2019-08-15,203203.14370035435,False
2019-08-16,203203.14370035435,False
2019-08-19,203203.14370035435,False
2019-08-20,203203.14370035435,False
2019-08-21,203203.14370035435,False
2019-08-22,203203.14370035435,False
2019-08-23,203203.14370035435,False
2019-08-26,198397.32576696924,True
2019-08-27,196323.67439605301,True
2019-08-28,199924.54382539177,True
2019-08-29,213459.27664254518,True
2019-08-30,219428.00974824635,False
2019-09-03,219428.00974824635,False
2019-09-04,219428.00974824635,False
2019-09-05,219428.00974824635,False
2019-09-06,219428.00974824635,False
2019-09-09,219428.00974824635,False
2019-09-10,219428.00974824635,False
2019-09-11,219428.00974824635,False
2019-09-12,219428.00974824635,False
2019-09-13,219428.00974824635,False
2019-09-16,219428.00974824635,False
2019-09-17,219428.00974824635,False
2019-09-18,219428.00974824635,False
2019-09-19,219428.00974824635,False
2019-09-20,219428.00974824635,False
2019-09-23,219428.00974824635,False
2019-09-24,219428.00974824635,False
2019-09-25,219428.00974824635,False
2019-09-26,219428.00974824635,False
2019-09-27,219428.00974824635,False
2019-09-30,219428.00974824635,False
2019-10-01,219428.00974824635,False
2019-10-02,219428.00974824635,False
2019-10-03,219428.00974824635,False
2019-10-04,219428.00974824635,False
2019-10-07,219428.00974824635,False
2019-10-08,219428.00974824635,False
2019-10-09,219428.00974824635,False
2019-10-10,219428.00974824635,False
2019-10-11,219428.00974824635,False
2019-10-14,219428.00974824635,False
2019-10-15,219428.00974824635,False
2019-10-16,219428.00974824635,False
2019-10-17,219428.00974824635,False
2019-10-18,219428.00974824635,False
2019-10-21,219428.00974824635,False
2019-10-22,219428.00974824635,False
2019-10-23,219428.00974824635,False
2019-10-24,219428.00974824635,False
2019-10-25,219428.00974824635,False
2019-10-28,219428.00974824635,False
2019-10-29,219428.00974824635,False
2019-10-30,219428.00974824635,False
2019-10-31,219428.00974824635,False
2019-11-01,219428.00974824635,False
2019-11-04,219428.00974824635,False
2019-11-05,219428.00974824635,False
2019-11-06,219428.00974824635,False
2019-11-07,219428.00974824635,False
2019-11-08,219428.00974824635,False
2019-11-11,219428.00974824635,False
2019-11-12,219428.00974824635,False
2019-11-13,219428.00974824635,False
2019-11-14,219428.00974824635,False
2019-11-15,219428.00974824635,False
2019-11-18,219428.00974824635,False
2019-11-19,219428.00974824635,False
2019-11-20,219428.00974824635,False
2019-11-21,219428.00974824635,False
2019-11-22,219428.00974824635,False
2019-11-25,219428.00974824635,False
2019-11-26,219428.00974824635,False
2019-11-27,219428.00974824635,False
2019-11-29,219428.00974824635,False
2019-12-02,219428.00974824635,False
2019-12-03,224677.3829332369,True
2019-12-04,235231.7314503309,True
2019-12-05,238835.11092119364,False
2019-12-06,238835.11092119364,False
2019-12-09,238835.11092119364,False
2019-12-10,238835.11092119364,False
2019-12-11,238835.11092119364,False
2019-12-12,238835.11092119364,False
2019-12-13,238835.11092119364,False
2019-12-16,238835.11092119364,False
2019-12-17,238835.11092119364,False
2019-12-18,238835.11092119364,False
2019-12-19,238835.11092119364,False
2019-12-20,238835.11092119364,False
2019-12-23,238835.11092119364,False
2019-12-24,238835.11092119364,False
2019-12-26,238835.11092119364,False
2019-12-27,238835.11092119364,False
2019-12-30,238835.11092119364,False
2019-12-31,238835.11092119364,False
2020-01-02,238835.11092119364,False
2020-01-03,238835.11092119364,False
2020-01-06,238835.11092119364,False
2020-01-07,238835.11092119364,False
2020-01-08,238835.11092119364,False
2020-01-09,238835.11092119364,False
2020-01-10,238835.11092119364,False
2020-01-13,238835.11092119364,False
2020-01-14,238835.11092119364,False
2020-01-15,238835.11092119364,False
2020-01-16,238835.11092119364,False
2020-01-17,238835.11092119364,False
2020-01-21,238835.11092119364,False
2020-01-22,238835.11092119364,False
2020-01-23,238835.11092119364,False
2020-01-24,238835.11092119364,False
2020-01-27,238835.11092119364,False
2020-01-28,246476.14321207555,True
2020-01-29,243730.80580868316,False
2020-01-30,243730.80580868316,False
2020-01-31,243730.80580868316,False
2020-02-03,249542.3824618577,True
2020-02-04,272818.2600090959,True
2020-02-05,287322.52219591336,False
2020-02-06,287322.52219591336,False
2020-02-07,287322.52219591336,False
2020-02-10,287322.52219591336,False
2020-02-11,287322.52219591336,False
2020-02-12,287322.52219591336,False
2020-02-13,287322.52219591336,False
2020-02-14,287322.52219591336,False
2020-02-18,287322.52219591336,False
2020-02-19,287322.52219591336,False
2020-02-20,287322.52219591336,False
2020-02-21,287322.52219591336,False
2020-02-24,287322.52219591336,False
2020-02-25,287322.52219591336,False
2020-02-26,287322.52219591336,False
2020-02-27,287322.52219591336,False
2020-02-28,287322.52219591336,False
2020-03-02,287322.52219591336,False
2020-03-03,287322.52219591336,False
2020-03-04,287322.52219591336,False
2020-03-05,287322.52219591336,False
2020-03-06,287322.52219591336,False
2020-03-09,287322.52219591336,False
2020-03-10,303984.87888321164,True
2020-03-11,276770.8297823407,False
2020-03-12,276770.8297823407,False
2020-03-13,296904.17654584727,True
2020-03-16,205172.8487656213,False
2020-03-17,225510.14460361406,True
2020-03-18,167120.72862031503,True
2020-03-19,179796.20694461025,True
2020-03-20,164421.085873399,True
2020-03-23,179516.09972645523,True
2020-03-24,241013.80723590348,True
2020-03-25,245410.36828088108,False
2020-03-26,245410.36828088108,False
2020-03-27,245410.36828088108,False
2020-03-30,245410.36828088108,False
2020-03-31,245410.36828088108,False
2020-04-01,245410.36828088108,False
2020-04-02,273561.8820683978,True
2020-04-03,257308.46320586922,True
2020-04-06,336239.9931030981,True
2020-04-07,374427.5317102866,False
2020-04-08,374427.5317102866,False
2020-04-09,374427.5317102866,False
2020-04-13,374427.5317102866,False
2020-04-14,374427.5317102866,False
2020-04-15,374427.5317102866,False
2020-04-16,374427.5317102866,False
2020-04-17,374427.5317102866,False
2020-04-20,374427.5317102866,False
2020-04-21,374427.5317102866,False
2020-04-22,401602.9190146794,True
2020-04-23,403667.7489022525,False
2020-04-24,403667.7489022525,False
2020-04-27,403667.7489022525,False
2020-04-28,403667.7489022525,False
2020-04-29,403667.7489022525,False
2020-04-30,403667.7489022525,False
2020-05-01,403667.7489022525,False
2020-05-04,426402.7574765582,True
2020-05-05,448017.8148895681,True
2020-05-06,462913.1653348028,False
2020-05-07,462913.1653348028,False
2020-05-08,462913.1653348028,False
2020-05-11,462913.1653348028,False
2020-05-12,462913.1653348028,False
2020-05-13,462913.1653348028,False
2020-05-14,462913.1653348028,False
2020-05-15,462913.1653348028,False
2020-05-18,462913.1653348028,False
2020-05-19,462913.1653348028,False
2020-05-20,462913.1653348028,False
2020-05-21,462913.1653348028,False
2020-05-22,462913.1653348028,False
2020-05-26,462913.1653348028,False
2020-05-27,462913.1653348028,False
2020-05-28,462913.1653348028,False
2020-05-29,462913.1653348028,False
2020-06-01,462913.1653348028,False
2020-06-02,462913.1653348028,False
2020-06-03,462913.1653348028,False
2020-06-04,462913.1653348028,False
2020-06-05,462913.1653348028,False
2020-06-08,462913.1653348028,False
2020-06-09,462913.1653348028,False
2020-06-10,462913.1653348028,False
2020-06-11,462913.1653348028,False
2020-06-12,441161.24145029235,True
2020-06-15,460523.15255732194,True
2020-06-16,499730.310576363,False
2020-06-17,499730.310576363,False
2020-06-18,499730.310576363,False
2020-06-19,499730.310576363,False
2020-06-22,499730.310576363,False
2020-06-23,499730.310576363,False
2020-06-24,499730.310576363,False
2020-06-25,499730.310576363,False
2020-06-26,499730.310576363,False
2020-06-29,499730.310576363,False
2020-06-30,499730.310576363,False
2020-07-01,499730.310576363,False
2020-07-02,499730.310576363,False
2020-07-06,499730.310576363,False
2020-07-07,499730.310576363,False
2020-07-08,499730.310576363,False
2020-07-09,499730.310576363,False
2020-07-10,499730.310576363,False
2020-07-13,499730.310576363,False
2020-07-14,499730.310576363,False
2020-07-15,499730.310576363,False
2020-07-16,499730.310576363,False
2020-07-17,499730.310576363,False
2020-07-20,499730.310576363,False
2020-07-21,499730.310576363,False
2020-07-22,499730.310576363,False
2020-07-23,499730.310576363,False
2020-07-24,499730.310576363,False
2020-07-27,499730.310576363,False
2020-07-28,499730.310576363,False
2020-07-29,499730.310576363,False
2020-07-30,499730.310576363,False
2020-07-31,499730.310576363,False
2020-08-03,499730.310576363,False
2020-08-04,499730.310576363,False
2020-08-05,499730.310576363,False
2020-08-06,499730.310576363,False
2020-08-07,499730.310576363,False
2020-08-10,499730.310576363,False
2020-08-11,499730.310576363,False
2020-08-12,499730.310576363,False
2020-08-13,499730.310576363,False
2020-08-14,499730.310576363,False
2020-08-17,499730.310576363,False
2020-08-18,499730.310576363,False
2020-08-19,499730.310576363,False
2020-08-20,499730.310576363,False
2020-08-21,499730.310576363,False
2020-08-24,499730.310576363,False
2020-08-25,499730.310576363,False
2020-08-26,499730.310576363,False
2020-08-27,499730.310576363,False
2020-08-28,499730.310576363,False
2020-08-31,499730.310576363,False
2020-09-01,499730.310576363,False
2020-09-02,499730.310576363,False
2020-09-03,499730.310576363,False
2020-09-04,499730.310576363,False
2020-09-08,499730.310576363,False
2020-09-09,504220.75354026817,True
2020-09-10,520780.59061731066,False
2020-09-11,520780.59061731066,False
2020-09-14,520780.59061731066,False
2020-09-15,520780.59061731066,False
2020-09-16,520780.59061731066,False
2020-09-17,520780.59061731066,False
2020-09-18,520780.59061731066,False
2020-09-21,520780.59061731066,False
2020-09-22,520780.59061731066,False
2020-09-23,520780.59061731066,False
2020-09-24,520780.59061731066,False
2020-09-25,520780.59061731066,False
2020-09-28,520780.59061731066,False
2020-09-29,520780.59061731066,False
2020-09-30,520780.59061731066,False
2020-10-01,520780.59061731066,False
2020-10-02,520780.59061731066,False
2020-10-05,520780.59061731066,False
2020-10-06,520780.59061731066,False
2020-10-07,520780.59061731066,False
2020-10-08,520780.59061731066,False
2020-10-09,520780.59061731066,False
2020-10-12,520780.59061731066,False
2020-10-13,520780.59061731066,False
2020-10-14,520780.59061731066,False
2020-10-15,520780.59061731066,False
2020-10-16,520780.59061731066,False
2020-10-19,520780.59061731066,False
2020-10-20,520780.59061731066,False
2020-10-21,520780.59061731066,False
2020-10-22,518985.3416990315,True
2020-10-23,511381.93451573094,True
2020-10-26,478715.4531951242,True
2020-10-27,473769.7008295811,True
2020-10-28,426618.01600536343,True
2020-10-29,460586.9504161819,True
2020-10-30,446048.945473798,False
2020-11-02,446048.945473798,False
2020-11-03,446048.945473798,False
2020-11-04,446048.945473798,False
2020-11-05,446048.945473798,False
2020-11-06,446048.945473798,False
2020-11-09,446048.945473798,False
2020-11-10,446048.945473798,False
2020-11-11,446048.945473798,False
2020-11-12,446048.945473798,False
2020-11-13,446048.945473798,False
2020-11-16,446048.945473798,False
2020-11-17,446048.945473798,False
2020-11-18,446048.945473798,False
2020-11-19,446048.945473798,False
2020-11-20,446048.945473798,False
2020-11-23,446048.945473798,False
2020-11-24,446048.945473798,False
2020-11-25,446048.945473798,False
2020-11-27,446048.945473798,False
2020-11-30,446048.945473798,False
2020-12-01,446048.945473798,False
2020-12-02,446048.945473798,False
2020-12-03,446048.945473798,False
2020-12-04,446048.945473798,False
2020-12-07,446048.945473798,False
2020-12-08,446048.945473798,False
2020-12-09,446048.945473798,False
2020-12-10,446048.945473798,False
2020-12-11,446048.945473798,False
2020-12-14,446048.945473798,False
2020-12-15,446048.945473798,False
2020-12-16,446048.945473798,False
2020-12-17,446048.945473798,False
2020-12-18,446048.945473798,False
2020-12-21,446048.945473798,False
2020-12-22,446048.945473798,False
2020-12-23,446048.945473798,False
2020-12-24,446048.945473798,False
2020-12-28,446048.945473798,False
2020-12-29,446048.945473798,False
2020-12-30,446048.945473798,False
2020-12-31,446048.945473798,False
2021-01-04,446048.945473798,False
2021-01-05,446048.945473798,False
2021-01-06,446048.945473798,False
2021-01-07,446048.945473798,False
2021-01-08,446048.945473798,False
2021-01-11,446048.945473798,False
2021-01-12,446048.945473798,False
2021-01-13,446048.945473798,False
2021-01-14,446048.945473798,False
2021-01-15,446048.945473798,False
2021-01-19,446048.945473798,False
2021-01-20,446048.945473798,False
2021-01-21,446048.945473798,False
2021-01-22,446048.945473798,False
2021-01-25,446048.945473798,False
2021-01-26,446048.945473798,False
2021-01-27,446048.945473798,False
2021-01-28,447748.1429218597,True
2021-01-29,425658.52512100653,True
2021-02-01,475963.3870850349,True
2021-02-02,498707.20603488194,False
2021-02-03,498707.20603488194,False
2021-02-04,498707.20603488194,False
2021-02-05,498707.20603488194,False
2021-02-08,498707.20603488194,False
2021-02-09,498707.20603488194,False
2021-02-10,498707.20603488194,False
2021-02-11,498707.20603488194,False
2021-02-12,498707.20603488194,False
2021-02-16,498707.20603488194,False
2021-02-17,498707.20603488194,False
2021-02-18,498707.20603488194,False
2021-02-19,498707.20603488194,False
2021-02-22,498707.20603488194,False
2021-02-23,498707.20603488194,False
2021-02-24,498707.20603488194,False
2021-02-25,498707.20603488194,False
2021-02-26,498707.20603488194,False
2021-03-01,498707.20603488194,False
2021-03-02,498707.20603488194,False
2021-03-03,498707.20603488194,False
2021-03-04,498707.20603488194,False
2021-03-05,498707.20603488194,False
2021-03-08,498707.20603488194,False
2021-03-09,498707.20603488194,False
2021-03-10,498707.20603488194,False
2021-03-11,498707.20603488194,False
2021-03-12,498707.20603488194,False
2021-03-15,498707.20603488194,False
2021-03-16,498707.20603488194,False
2021-03-17,498707.20603488194,False
2021-03-18,498707.20603488194,False
2021-03-19,498707.20603488194,False
2021-03-22,498707.20603488194,False
2021-03-23,498707.20603488194,False
2021-03-24,498707.20603488194,False
2021-03-25,529019.8328485121,True
2021-03-26,607703.6726626155,True
2021-03-29,586644.4588959761,False
2021-03-30,586644.4588959761,False
2021-03-31,586644.4588959761,False
2021-04-01,586644.4588959761,False
2021-04-05,586644.4588959761,False
2021-04-06,586644.4588959761,False
2021-04-07,586644.4588959761,False
2021-04-08,586644.4588959761,False
2021-04-09,586644.4588959761,False
2021-04-12,586644.4588959761,False
2021-04-13,586644.4588959761,False
2021-04-14,586644.4588959761,False
2021-04-15,586644.4588959761,False
2021-04-16,586644.4588959761,False
2021-04-19,586644.4588959761,False
2021-04-20,586644.4588959761,False
2021-04-21,586644.4588959761,False
2021-04-22,586644.4588959761,False
2021-04-23,586644.4588959761,False
2021-04-26,586644.4588959761,False
2021-04-27,586644.4588959761,False
2021-04-28,586644.4588959761,False
2021-04-29,586644.4588959761,False
2021-04-30,586644.4588959761,False
2021-05-03,553828.4512535979,True
2021-05-04,528322.1704320336,True
2021-05-05,537342.6843811234,True
2021-05-06,531899.2707911555,False
2021-05-07,531899.2707911555,False
2021-05-10,531899.2707911555,False
2021-05-11,588534.9960407995,True
2021-05-12,515586.71562216413,True
2021-05-13,537581.1720297929,True
2021-05-14,585235.8275796552,True
2021-05-17,567823.5495902825,False
2021-05-18,567823.5495902825,False
2021-05-19,567823.5495902825,False
2021-05-20,567823.5495902825,False
2021-05-21,567823.5495902825,False
2021-05-24,567823.5495902825,False
2021-05-25,567823.5495902825,False
2021-05-26,567823.5495902825,False
2021-05-27,567823.5495902825,False
2021-05-28,567823.5495902825,False
2021-06-01,567823.5495902825,False
2021-06-02,567823.5495902825,False
2021-06-03,567823.5495902825,False
2021-06-04,567823.5495902825,False
2021-06-07,567823.5495902825,False
2021-06-08,567823.5495902825,False
2021-06-09,567823.5495902825,False
2021-06-10,567823.5495902825,False
2021-06-11,567823.5495902825,False
2021-06-14,567823.5495902825,False
2021-06-15,567823.5495902825,False
2021-06-16,567823.5495902825,False
2021-06-17,567823.5495902825,False
2021-06-18,567823.5495902825,False
2021-06-21,567823.5495902825,False
2021-06-22,567823.5495902825,False
2021-06-23,567823.5495902825,False
2021-06-24,567823.5495902825,False
2021-06-25,567823.5495902825,False
2021-06-28,567823.5495902825,False
2021-06-29,567823.5495902825,False
2021-06-30,567823.5495902825,False
2021-07-01,567823.5495902825,False
2021-07-02,567823.5495902825,False
2021-07-06,567823.5495902825,False
2021-07-07,567823.5495902825,False
2021-07-08,567823.5495902825,False
2021-07-09,567823.5495902825,False
2021-07-12,567823.5495902825,False
2021-07-13,567823.5495902825,False
2021-07-14,567823.5495902825,False
2021-07-15,567823.5495902825,False
2021-07-16,567823.5495902825,False
2021-07-19,594110.1836667426,True
2021-07-20,618300.3377248348,True
2021-07-21,623622.171617615,False
2021-07-22,623622.171617615,False
2021-07-23,623622.171617615,False
2021-07-26,623622.171617615,False
2021-07-27,623622.171617615,False
2021-07-28,623622.171617615,False
2021-07-29,623622.171617615,False
2021-07-30,623622.171617615,False
2021-08-02,623622.171617615,False
2021-08-03,623622.171617615,False
2021-08-04,623622.171617615,False
2021-08-05,623622.171617615,False
2021-08-06,623622.171617615,False
2021-08-09,623622.171617615,False
2021-08-10,623622.171617615,False
2021-08-11,623622.171617615,False
2021-08-12,623622.171617615,False
2021-08-13,623622.171617615,False
2021-08-16,623622.171617615,False
2021-08-17,623622.171617615,False
2021-08-18,623622.171617615,False
2021-08-19,623622.171617615,False
2021-08-20,623622.171617615,False
2021-08-23,623622.171617615,False
2021-08-24,623622.171617615,False
2021-08-25,623622.171617615,False
2021-08-26,623622.171617615,False
2021-08-27,623622.171617615,False
2021-08-30,623622.171617615,False
2021-08-31,623622.171617615,False
2021-09-01,623622.171617615,False
2021-09-02,623622.171617615,False
2021-09-03,623622.171617615,False
2021-09-07,623622.171617615,False
2021-09-08,623622.171617615,False
2021-09-09,623622.171617615,False
2021-09-10,623622.171617615,False
2021-09-13,623622.171617615,False
2021-09-14,623622.171617615,False
2021-09-15,623622.171617615,False
2021-09-16,623622.171617615,False
2021-09-17,623622.171617615,False
2021-09-20,623622.171617615,False
2021-09-21,623622.171617615,False
2021-09-22,623622.171617615,False
2021-09-23,623622.171617615,False
2021-09-24,623622.171617615,False
2021-09-27,623622.171617615,False
2021-09-28,623622.171617615,False
2021-09-29,623622.171617615,False
2021-09-30,623622.171617615,False
2021-10-01,623622.171617615,False
2021-10-04,623622.171617615,False
2021-10-05,623622.171617615,False
2021-10-06,623622.171617615,False
2021-10-07,623622.171617615,False
2021-10-08,623622.171617615,False
2021-10-11,623622.171617615,False
2021-10-12,623622.171617615,False
2021-10-13,623622.171617615,False
2021-10-14,623622.171617615,False
2021-10-15,623622.171617615,False
2021-10-18,623622.171617615,False
2021-10-19,623622.171617615,False
2021-10-20,623622.171617615,False
2021-10-21,623622.171617615,False
2021-10-22,623622.171617615,False
2021-10-25,623622.171617615,False
2021-10-26,623622.171617615,False
2021-10-27,623622.171617615,False
2021-10-28,623622.171617615,False
2021-10-29,623622.171617615,False
2021-11-01,623622.171617615,False
2021-11-02,623622.171617615,False
2021-11-03,623622.171617615,False
2021-11-04,623622.171617615,False
2021-11-05,623622.171617615,False
2021-11-08,623622.171617615,False
2021-11-09,623622.171617615,False
2021-11-10,623622.171617615,False
2021-11-11,623622.171617615,False
2021-11-12,623622.171617615,False
2021-11-15,623622.171617615,False
2021-11-16,623622.171617615,False
2021-11-17,623622.171617615,False
2021-11-18,623622.171617615,False
2021-11-19,623622.171617615,False
2021-11-22,623622.171617615,False
2021-11-23,623622.171617615,False
2021-11-24,623622.171617615,False
2021-11-26,623622.171617615,False
2021-11-29,623622.171617615,False
2021-11-30,623622.171617615,False
2021-12-01,623622.171617615,False
2021-12-02,623622.171617615,False
2021-12-03,623622.171617615,False
2021-12-06,623622.171617615,False
2021-12-07,623622.171617615,False
2021-12-08,623622.171617615,False
2021-12-09,623622.171617615,False
2021-12-10,623622.171617615,False
2021-12-13,623622.171617615,False
2021-12-14,639420.5999652613,True
2021-12-15,708019.038843199,True
2021-12-16,717269.4343888604,False
2021-12-17,717269.4343888604,False
2021-12-20,717269.4343888604,False
2021-12-21,717269.4343888604,False
2021-12-22,717269.4343888604,False
2021-12-23,717269.4343888604,False
2021-12-27,717269.4343888604,False
2021-12-28,717269.4343888604,False
2021-12-29,717269.4343888604,False
2021-12-30,717269.4343888604,False
2021-12-31,717269.4343888604,False
2022-01-03,748951.8641482524,True
2022-01-04,753937.9514546485,False
2022-01-05,753937.9514546485,False
2022-01-06,770996.5741612589,True
2022-01-07,702766.7888372537,True
2022-01-10,705825.3654207435,True
2022-01-11,744528.122957981,True
2022-01-12,764526.5083115686,False
2022-01-13,764526.5083115686,False
2022-01-14,764526.5083115686,False
2022-01-18,764526.5083115686,False
2022-01-19,764526.5083115686,False
2022-01-20,764526.5083115686,False
2022-01-21,738997.2065081528,True
2022-01-24,768415.0774604334,True
2022-01-25,706196.2803963599,False
2022-01-26,706196.2803963599,False
2022-01-27,706196.2803963599,False
2022-01-28,745806.9598576899,True
2022-01-31,865609.8482284775,True
2022-02-01,891046.1178825669,False
2022-02-02,891046.1178825669,False
2022-02-03,891046.1178825669,False
2022-02-04,891046.1178825669,False
2022-02-07,891046.1178825669,False
2022-02-08,891046.1178825669,False
2022-02-09,891046.1178825669,False
2022-02-10,891046.1178825669,False
2022-02-11,891046.1178825669,False
2022-02-14,887459.5171564989,True
2022-02-15,1031371.871289985,True
2022-02-16,987884.3374864082,False
2022-02-17,987884.3374864082,False
2022-02-18,987884.3374864082,False
2022-02-22,987884.3374864082,False
2022-02-23,987884.3374864082,False
2022-02-24,1240367.8226723403,True
2022-02-25,1242231.16942648,False
2022-02-28,1242231.16942648,False
2022-03-01,1242231.16942648,False
2022-03-02,1242231.16942648,False
2022-03-03,1242231.16942648,False
2022-03-04,1242231.16942648,False
2022-03-07,1242231.16942648,False
2022-03-08,1304614.8715648507,True
2022-03-09,1462458.1984518687,True
2022-03-10,1384583.2414200774,False
2022-03-11,1384583.2414200774,False
2022-03-14,1384583.2414200774,False
2022-03-15,1533505.0241527818,True
2022-03-16,1607965.9155191337,False
2022-03-17,1607965.9155191337,False
2022-03-18,1607965.9155191337,False
2022-03-21,1607965.9155191337,False
2022-03-22,1607965.9155191337,False
2022-03-23,1607965.9155191337,False
2022-03-24,1607965.9155191337,False
2022-03-25,1607965.9155191337,False
2022-03-28,1607965.9155191337,False
2022-03-29,1607965.9155191337,False
2022-03-30,1607965.9155191337,False
2022-03-31,1607965.9155191337,False
2022-04-01,1493552.1646836284,True
2022-04-04,1562282.7272358923,True
2022-04-05,1526476.9850679466,False
2022-04-06,1509653.5758321898,True
2022-04-07,1509653.5758321898,True
2022-04-08,1399806.6096457765,True
2022-04-11,1310741.5019270633,True
2022-04-12,1298371.348077242,True
2022-04-13,1386941.6496419625,True
2022-04-14,1412671.5696495909,False
2022-04-18,1412671.5696495909,False
2022-04-19,1412671.5696495909,False
2022-04-20,1412671.5696495909,False
2022-04-21,1412671.5696495909,False
2022-04-22,1412671.5696495909,False
2022-04-25,1517927.1323945164,True
2022-04-26,1326338.3552633035,True
2022-04-27,1297954.832725346,True
2022-04-28,1512605.2219186493,True
2022-04-29,1436915.828484096,False
2022-05-02,1436915.828484096,False
2022-05-03,1436915.828484096,False
2022-05-04,1436915.828484096,False
2022-05-05,1436915.828484096,False
2022-05-06,1436915.828484096,False
2022-05-09,1436915.828484096,False
2022-05-10,1412799.758635412,True
2022-05-11,1282840.9377841696,True
2022-05-12,1300258.0993415527,True
2022-05-13,1506584.474713628,True
2022-05-16,1464381.3524784308,False
2022-05-17,1464381.3524784308,False
2022-05-18,1464381.3524784308,False
2022-05-19,1464381.3524784308,False
2022-05-20,1464381.3524784308,False
2022-05-23,1464381.3524784308,False
2022-05-24,1464381.3524784308,False
2022-05-25,1464381.3524784308,False
2022-05-26,1464381.3524784308,False
2022-05-27,1464381.3524784308,False
2022-05-31,1464381.3524784308,False
2022-06-01,1464381.3524784308,False
2022-06-02,1464381.3524784308,False
2022-06-03,1464381.3524784308,False
2022-06-06,1464381.3524784308,False
2022-06-07,1464381.3524784308,False
2022-06-08,1464381.3524784308,False
2022-06-09,1464381.3524784308,False
2022-06-10,1464381.3524784308,False
2022-06-13,1464381.3524784308,False
2022-06-14,1464381.3524784308,False
2022-06-15,1464381.3524784308,False
2022-06-16,1464381.3524784308,False
2022-06-17,1464381.3524784308,False
2022-06-21,1464381.3524784308,False
2022-06-22,1464381.3524784308,False
2022-06-23,1464381.3524784308,False
2022-06-24,1464381.3524784308,False
2022-06-27,1464381.3524784308,False
2022-06-28,1464381.3524784308,False
2022-06-29,1464381.3524784308,False
2022-06-30,1464381.3524784308,False
2022-07-01,1464381.3524784308,False
2022-07-05,1464381.3524784308,False
2022-07-06,1464381.3524784308,False
2022-07-07,1464381.3524784308,False
2022-07-08,1464381.3524784308,False
2022-07-11,1464381.3524784308,False
2022-07-12,1464381.3524784308,False
2022-07-13,1464381.3524784308,False
2022-07-14,1464381.3524784308,False
2022-07-15,1464381.3524784308,False
2022-07-18,1464381.3524784308,False
2022-07-19,1464381.3524784308,False
2022-07-20,1464381.3524784308,False
2022-07-21,1464381.3524784308,False
2022-07-22,1464381.3524784308,False
2022-07-25,1464381.3524784308,False
2022-07-26,1464381.3524784308,False
2022-07-27,1464381.3524784308,False
2022-07-28,1464381.3524784308,False
2022-07-29,1464381.3524784308,False
2022-08-01,1464381.3524784308,False
2022-08-02,1464381.3524784308,False
2022-08-03,1464381.3524784308,False
2022-08-04,1464381.3524784308,False
2022-08-05,1464381.3524784308,False
2022-08-08,1464381.3524784308,False
2022-08-09,1464381.3524784308,False
2022-08-10,1464381.3524784308,False
2022-08-11,1464381.3524784308,False
2022-08-12,1464381.3524784308,False
2022-08-15,1464381.3524784308,False
2022-08-16,1464381.3524784308,False
2022-08-17,1464381.3524784308,False
2022-08-18,1464381.3524784308,False
2022-08-19,1464381.3524784308,False
2022-08-22,1464381.3524784308,False
2022-08-23,1485815.5057641224,True
2022-08-24,1492674.4348155437,True
2022-08-25,1656431.3659182254,True
2022-08-26,1650429.8029982317,False
2022-08-29,1650429.8029982317,False
2022-08-30,1540756.080605446,True
2022-08-31,1494969.963490011,True
2022-09-01,1407656.9029442982,True
2022-09-02,1369324.3397778876,True
2022-09-06,1322473.4292411637,True
2022-09-07,1383166.654254647,True
2022-09-08,1345898.8845095257,False
2022-09-09,1345898.8845095257,False
2022-09-12,1345898.8845095257,False
2022-09-13,1345898.8845095257,False
2022-09-14,1365627.044054454,True
2022-09-15,1305346.556556063,True
2022-09-16,1321786.6895101697,True
2022-09-19,1339333.7914165193,True
2022-09-20,1298770.5033744203,False
2022-09-21,1298770.5033744203,False
2022-09-22,1298770.5033744203,False
2022-09-23,1293611.5341455247,True
2022-09-26,1231703.90339878,True
2022-09-27,1265237.2033866001,True
2022-09-28,1311667.9264466588,True
2022-09-29,1250792.089545693,False
2022-09-30,1250792.089545693,False
2022-10-03,1250792.089545693,False
2022-10-04,1250792.089545693,False
2022-10-05,1250792.089545693,False
2022-10-06,1250792.089545693,False
2022-10-07,1250792.089545693,False
2022-10-10,1141847.6848333338,True
2022-10-11,1043935.6249019732,True
2022-10-12,1012217.6336566027,True
2022-10-13,1103234.4780998395,True
2022-10-14,1139089.5986380843,False
2022-10-17,1139089.5986380843,False
2022-10-18,1139089.5986380843,False
2022-10-19,1139089.5986380843,False
2022-10-20,1139089.5986380843,False
2022-10-21,1139089.5986380843,False
2022-10-24,1139089.5986380843,False
2022-10-25,1139089.5986380843,False
2022-10-26,1139089.5986380843,False
2022-10-27,1139089.5986380843,False
2022-10-28,1139089.5986380843,False
2022-10-31,1139089.5986380843,False
2022-11-01,1139089.5986380843,False
2022-11-02,1139089.5986380843,False
2022-11-03,1154898.089598366,True
2022-11-04,1315910.4975271623,True
2022-11-07,1356602.7242582582,False
2022-11-08,1356602.7242582582,False
2022-11-09,1356602.7242582582,False
2022-11-10,1356602.7242582582,False
2022-11-11,1356602.7242582582,False
2022-11-14,1356602.7242582582,False
2022-11-15,1356602.7242582582,False
2022-11-16,1356602.7242582582,False
2022-11-17,1356602.7242582582,False
2022-11-18,1356602.7242582582,False
2022-11-21,1356602.7242582582,False
2022-11-22,1356602.7242582582,False
2022-11-23,1356602.7242582582,False
2022-11-25,1356602.7242582582,False
2022-11-28,1356602.7242582582,False
2022-11-29,1356602.7242582582,False
2022-11-30,1356602.7242582582,False
2022-12-01,1356602.7242582582,False
2022-12-02,1356602.7242582582,False
2022-12-05,1356602.7242582582,False
2022-12-06,1356602.7242582582,False
2022-12-07,1356602.7242582582,False
2022-12-08,1356602.7242582582,False
2022-12-09,1356602.7242582582,False
2022-12-12,1356602.7242582582,False
2022-12-13,1356602.7242582582,False
2022-12-14,1356602.7242582582,False
2022-12-15,1356602.7242582582,False
2022-12-16,1345701.4523668971,True
2022-12-19,1290239.4147409496,True
2022-12-20,1260913.7821007562,True
2022-12-21,1349335.2096640177,True
2022-12-22,1276660.063721611,False
2022-12-23,1276660.063721611,False
2022-12-27,1276660.063721611,False
2022-12-28,1276660.063721611,False
2022-12-29,1276660.063721611,False
2022-12-30,1276660.063721611,False
2023-01-03,1276660.063721611,False
2023-01-04,1276660.063721611,False
2023-01-05,1276660.063721611,False
2023-01-06,1276660.063721611,False
2023-01-09,1276660.063721611,False
2023-01-10,1276660.063721611,False
2023-01-11,1276660.063721611,False
2023-01-12,1276660.063721611,False
2023-01-13,1276660.063721611,False
2023-01-17,1276660.063721611,False
2023-01-18,1276660.063721611,False
2023-01-19,1276660.063721611,False
2023-01-20,1276660.063721611,False
2023-01-23,1276660.063721611,False
2023-01-24,1276660.063721611,False
2023-01-25,1276660.063721611,False
2023-01-26,1276660.063721611,False
2023-01-27,1276660.063721611,False
2023-01-30,1276660.063721611,False
2023-01-31,1356042.730448997,True
2023-02-01,1375654.9186992927,False
2023-02-02,1375654.9186992927,False
2023-02-03,1375654.9186992927,False
2023-02-06,1375654.9186992927,False
2023-02-07,1375654.9186992927,False
2023-02-08,1375654.9186992927,False
2023-02-09,1375654.9186992927,False
2023-02-10,1375654.9186992927,False
2023-02-13,1375654.9186992927,False
2023-02-14,1375654.9186992927,False
2023-02-15,1375654.9186992927,False
2023-02-16,1375654.9186992927,False
2023-02-17,1375654.9186992927,False
2023-02-21,1375654.9186992927,False
2023-02-22,1348356.3093983855,True
2023-02-23,1470225.1009202932,True
2023-02-24,1393204.0246784475,False
2023-02-27,1393204.0246784475,False
2023-02-28,1393204.0246784475,False
2023-03-01,1393204.0246784475,False
2023-03-02,1393204.0246784475,False
2023-03-03,1393204.0246784475,False
2023-03-06,1393204.0246784475,False
2023-03-07,1393204.0246784475,False
2023-03-08,1393204.0246784475,False
2023-03-09,1393204.0246784475,False
2023-03-10,1393204.0246784475,False
2023-03-13,1435174.167964132,True
2023-03-14,1558013.6117271106,True
2023-03-15,1494546.5657829049,False
2023-03-16,1494546.5657829049,False
2023-03-17,1494546.5657829049,False
2023-03-20,1494546.5657829049,False
2023-03-21,1494546.5657829049,False
2023-03-22,1494546.5657829049,False
2023-03-23,1494546.5657829049,False
2023-03-24,1494546.5657829049,False
2023-03-27,1494546.5657829049,False
2023-03-28,1494546.5657829049,False
2023-03-29,1494546.5657829049,False
2023-03-30,1494546.5657829049,False
2023-03-31,1494546.5657829049,False
2023-04-03,1494546.5657829049,False
2023-04-04,1494546.5657829049,False
2023-04-05,1494546.5657829049,False
2023-04-06,1494546.5657829049,False
2023-04-10,1494546.5657829049,False
2023-04-11,1494546.5657829049,False
2023-04-12,1494546.5657829049,False
2023-04-13,1494546.5657829049,False
2023-04-14,1494546.5657829049,False
2023-04-17,1494546.5657829049,False
2023-04-18,1494546.5657829049,False
2023-04-19,1494546.5657829049,False
2023-04-20,1494546.5657829049,False
2023-04-21,1494546.5657829049,False
2023-04-24,1494546.5657829049,False
2023-04-25,1494546.5657829049,False
2023-04-26,1494546.5657829049,False
2023-04-27,1494546.5657829049,False
2023-04-28,1494546.5657829049,False
2023-05-01,1494546.5657829049,False
2023-05-02,1494546.5657829049,False
2023-05-03,1494546.5657829049,False
2023-05-04,1494546.5657829049,False
2023-05-05,1494546.5657829049,False
2023-05-08,1494546.5657829049,False
2023-05-09,1494546.5657829049,False
2023-05-10,1494546.5657829049,False
2023-05-11,1494546.5657829049,False
2023-05-12,1494546.5657829049,False
2023-05-15,1494546.5657829049,False
2023-05-16,1494546.5657829049,False
2023-05-17,1494546.5657829049,False
2023-05-18,1494546.5657829049,False
2023-05-19,1494546.5657829049,False
2023-05-22,1494546.5657829049,False
2023-05-23,1494546.5657829049,False
2023-05-24,1494546.5657829049,False
2023-05-25,1494546.5657829049,False
2023-05-26,1494546.5657829049,False
2023-05-30,1494546.5657829049,False
2023-05-31,1494546.5657829049,False
2023-06-01,1494546.5657829049,False
2023-06-02,1494546.5657829049,False
2023-06-05,1494546.5657829049,False
2023-06-06,1494546.5657829049,False
2023-06-07,1494546.5657829049,False
2023-06-08,1494546.5657829049,False
2023-06-09,1494546.5657829049,False
2023-06-12,1494546.5657829049,False
2023-06-13,1494546.5657829049,False
2023-06-14,1494546.5657829049,False
2023-06-15,1494546.5657829049,False
2023-06-16,1494546.5657829049,False
2023-06-20,1494546.5657829049,False
2023-06-21,1494546.5657829049,False
2023-06-22,1549552.3191016654,True
2023-06-23,1468385.2928630067,True
2023-06-26,1481801.3302578263,True
2023-06-27,1634744.1565587698,True
2023-06-28,1554918.734059593,False
2023-06-29,1554918.734059593,False
2023-06-30,1554918.734059593,False
2023-07-03,1554918.734059593,False
2023-07-05,1554918.734059593,False
2023-07-06,1554918.734059593,False
2023-07-07,1554918.734059593,False
2023-07-10,1554918.734059593,False
2023-07-11,1554918.734059593,False
2023-07-12,1554918.734059593,False
2023-07-13,1554918.734059593,False
2023-07-14,1554918.734059593,False
2023-07-17,1554918.734059593,False
2023-07-18,1554918.734059593,False
2023-07-19,1554918.734059593,False
2023-07-20,1554918.734059593,False
2023-07-21,1549323.2648046804,True
2023-07-24,1548079.8271924774,True
2023-07-25,1624551.240342949,True
2023-07-26,1566731.3913755193,False
2023-07-27,1566731.3913755193,False
2023-07-28,1566731.3913755193,False
2023-07-31,1566731.3913755193,False
2023-08-01,1566731.3913755193,False
2023-08-02,1566731.3913755193,False
2023-08-03,1566731.3913755193,False
2023-08-04,1566731.3913755193,False
2023-08-07,1566731.3913755193,False
2023-08-08,1566731.3913755193,False
2023-08-09,1566731.3913755193,False
2023-08-10,1510445.6059710735,True
2023-08-11,1399860.5922941032,True
2023-08-14,1518391.83449876,True
2023-08-15,1497864.0774689033,False
2023-08-16,1497864.0774689033,False
2023-08-17,1446288.7382350077,True
2023-08-18,1463722.6557225217,True
2023-08-21,1589392.144278351,True
2023-08-22,1649684.4422560034,False
2023-08-23,1649684.4422560034,False
2023-08-24,1649684.4422560034,False
2023-08-25,1649684.4422560034,False
2023-08-28,1649684.4422560034,False
2023-08-29,1649684.4422560034,False
2023-08-30,1649684.4422560034,False
2023-08-31,1649684.4422560034,False
2023-09-01,1649684.4422560034,False
2023-09-05,1649684.4422560034,False
2023-09-06,1649684.4422560034,False
2023-09-07,1649684.4422560034,False
2023-09-08,1649684.4422560034,False
2023-09-11,1649684.4422560034,False
2023-09-12,1649684.4422560034,False
2023-09-13,1649684.4422560034,False
2023-09-14,1649684.4422560034,False
2023-09-15,1649684.4422560034,False
2023-09-18,1649684.4422560034,False
2023-09-19,1649684.4422560034,False
2023-09-20,1649684.4422560034,False
2023-09-21,1649684.4422560034,False
2023-09-22,1649684.4422560034,False
2023-09-25,1649684.4422560034,False
2023-09-26,1649684.4422560034,False
2023-09-27,1649684.4422560034,False
2023-09-28,1649684.4422560034,False
2023-09-29,1649684.4422560034,False
2023-10-02,1649684.4422560034,False
2023-10-03,1649684.4422560034,False
2023-10-04,1649684.4422560034,False
2023-10-05,1649684.4422560034,False
2023-10-06,1649684.4422560034,False
2023-10-09,1649684.4422560034,False
2023-10-10,1649684.4422560034,False
2023-10-11,1649684.4422560034,False
2023-10-12,1649684.4422560034,False
2023-10-13,1649684.4422560034,False
2023-10-16,1649684.4422560034,False
2023-10-17,1649684.4422560034,False
2023-10-18,1649684.4422560034,False
2023-10-19,1649684.4422560034,False
2023-10-20,1649684.4422560034,False
2023-10-23,1653720.3674969967,True
2023-10-24,1719304.1526631373,True
2023-10-25,1652206.895531624,False
2023-10-26,1652206.895531624,False
2023-10-27,1652206.895531624,False
2023-10-30,1652206.895531624,False
2023-10-31,1652206.895531624,False
2023-11-01,1652206.895531624,False
2023-11-02,1652206.895531624,False
2023-11-03,1652206.895531624,False
2023-11-06,1652206.895531624,False
2023-11-07,1652206.895531624,False
2023-11-08,1652206.895531624,False
2023-11-09,1652206.895531624,False
2023-11-10,1652206.895531624,False
2023-11-13,1652206.895531624,False
2023-11-14,1652206.895531624,False
2023-11-15,1652206.895531624,False
2023-11-16,1652206.895531624,False
2023-11-17,1652206.895531624,False
2023-11-20,1652206.895531624,False
2023-11-21,1652206.895531624,False
2023-11-22,1652206.895531624,False
2023-11-24,1652206.895531624,False
2023-11-27,1652206.895531624,False
2023-11-28,1652206.895531624,False
2023-11-29,1652206.895531624,False
2023-11-30,1652206.895531624,False
2023-12-01,1652206.895531624,False
2023-12-04,1652206.895531624,False
2023-12-05,1652206.895531624,False
2023-12-06,1652206.895531624,False
2023-12-07,1652206.895531624,False
2023-12-08,1652206.895531624,False
2023-12-11,1652206.895531624,False
2023-12-12,1652206.895531624,False
2023-12-13,1652206.895531624,False
2023-12-14,1652206.895531624,False
2023-12-15,1652206.895531624,False
2023-12-18,1652206.895531624,False
2023-12-19,1652206.895531624,False
2023-12-20,1652206.895531624,False
2023-12-21,1680530.4423121663,True
2023-12-22,1700523.534157255,False
2023-12-26,1700523.534157255,False
2023-12-27,1700523.534157255,False
2023-12-28,1700523.534157255,False
2023-12-29,1700523.534157255,False
2024-01-02,1700523.534157255,False
2024-01-03,1700523.534157255,False
2024-01-04,1742764.1027140457,True
2024-01-05,1766609.584963847,True
2024-01-08,1936934.458176713,True
2024-01-09,1873573.605341527,False
2024-01-10,1873573.605341527,False
2024-01-11,1873573.605341527,False
2024-01-12,1873573.605341527,False
2024-01-16,1873573.605341527,False
2024-01-17,1873573.605341527,False
2024-01-18,1873573.605341527,False
2024-01-19,1873573.605341527,False
2024-01-22,1873573.605341527,False
2024-01-23,1873573.605341527,False
2024-01-24,1873573.605341527,False
2024-01-25,1873573.605341527,False
2024-01-26,1873573.605341527,False
2024-01-29,1917908.8265021064,True
2024-01-30,1891636.102851393,False
2024-01-31,1891636.102851393,False
2024-02-01,1891636.102851393,False
2024-02-02,1891636.102851393,False
2024-02-05,1891636.102851393,False
2024-02-06,1891636.102851393,False
2024-02-07,1891636.102851393,False
2024-02-08,1891636.102851393,False
2024-02-09,1891636.102851393,False
2024-02-12,1891636.102851393,False
2024-02-13,1891636.102851393,False
2024-02-14,1891636.102851393,False
2024-02-15,1891636.102851393,False
2024-02-16,1891636.102851393,False
2024-02-20,1891636.102851393,False
2024-02-21,1891636.102851393,False
2024-02-22,1891636.102851393,False
2024-02-23,1891636.102851393,False
2024-02-26,1891636.102851393,False
2024-02-27,1891636.102851393,False
2024-02-28,1891636.102851393,False
2024-02-29,1891636.102851393,False
2024-03-01,1891636.102851393,False
2024-03-04,1891636.102851393,False
2024-03-05,1891636.102851393,False
2024-03-06,1891636.102851393,False
2024-03-07,1891636.102851393,False
2024-03-08,1891636.102851393,False
2024-03-11,1891636.102851393,False
2024-03-12,1891636.102851393,False
2024-03-13,1891636.102851393,False
2024-03-14,1891636.102851393,False
2024-03-15,1891636.102851393,False
2024-03-18,1891636.102851393,False
2024-03-19,1891636.102851393,False
2024-03-20,1891636.102851393,False
2024-03-21,1891636.102851393,False
2024-03-22,1891636.102851393,False
2024-03-25,1891636.102851393,False
2024-03-26,1891636.102851393,False
2024-03-27,1891636.102851393,False
2024-03-28,1891636.102851393,False
2024-04-01,1891636.102851393,False
2024-04-02,1891636.102851393,False
2024-04-03,1891636.102851393,False
2024-04-04,1891636.102851393,False
2024-04-05,1932392.6652547482,True
2024-04-08,1949226.8975517864,True
2024-04-09,2010804.7472698998,True
2024-04-10,1909799.3534876707,False
2024-04-11,1909799.3534876707,False
2024-04-12,1909799.3534876707,False
2024-04-15,1909799.3534876707,False
2024-04-16,1909799.3534876707,False
2024-04-17,1909799.3534876707,False
2024-04-18,1909799.3534876707,False
2024-04-19,1909799.3534876707,False
2024-04-22,1909799.3534876707,False
2024-04-23,1909799.3534876707,False
2024-04-24,1909799.3534876707,False
2024-04-25,1909799.3534876707,False
2024-04-26,1909799.3534876707,False
2024-04-29,1909799.3534876707,False
2024-04-30,1909799.3534876707,False
2024-05-01,1909799.3534876707,False
2024-05-02,1934746.7046866484,True
2024-05-03,2068506.9706896758,True
2024-05-06,2121586.4413257977,False
2024-05-07,2121586.4413257977,False
2024-05-08,2121586.4413257977,False
2024-05-09,2121586.4413257977,False
2024-05-10,2121586.4413257977,False
2024-05-13,2121586.4413257977,False
2024-05-14,2121586.4413257977,False
2024-05-15,2121586.4413257977,False
2024-05-16,2121586.4413257977,False
2024-05-17,2121586.4413257977,False
2024-05-20,2121586.4413257977,False
2024-05-21,2121586.4413257977,False
2024-05-22,2121586.4413257977,False
2024-05-23,2121586.4413257977,False
2024-05-24,2121586.4413257977,False
2024-05-28,2121586.4413257977,False
2024-05-29,2121586.4413257977,False
2024-05-30,2121586.4413257977,False
2024-05-31,2121586.4413257977,False
2024-06-03,2121586.4413257977,False
2024-06-04,2121586.4413257977,False
2024-06-05,2121586.4413257977,False
2024-06-06,2121586.4413257977,False
2024-06-07,2121586.4413257977,False
2024-06-10,2121586.4413257977,False
2024-06-11,2121586.4413257977,False
2024-06-12,2121586.4413257977,False
2024-06-13,2121586.4413257977,False
2024-06-14,2121586.4413257977,False
2024-06-17,2121586.4413257977,False
2024-06-18,2121586.4413257977,False
2024-06-20,2121586.4413257977,False
2024-06-21,2121586.4413257977,False
2024-06-24,2121586.4413257977,False
2024-06-25,2163446.9888496515,True
2024-06-26,2143103.5451931995,True
2024-06-27,2104763.978302193,True
2024-06-28,2165794.3092715503,True
2024-07-01,2165794.3092715503,True
2024-07-02,2253427.605022422,True
2024-07-03,2272988.608538242,False
2024-07-05,2272988.608538242,False
2024-07-08,2272988.608538242,False
2024-07-09,2272988.608538242,False
2024-07-10,2272988.608538242,False
2024-07-11,2272988.608538242,False
2024-07-12,2272988.608538242,False
2024-07-15,2272988.608538242,False
2024-07-16,2272988.608538242,False
2024-07-17,2272988.608538242,False
2024-07-18,2168068.5287497337,True
2024-07-19,1972497.5000239548,True
2024-07-22,2221367.929282296,True
2024-07-23,2119385.6117278663,False
2024-07-24,2119385.6117278663,False
2024-07-25,2031056.6040600946,True
2024-07-26,2140319.0759728295,True
2024-07-29,2214096.773128859,False
2024-07-30,2214096.773128859,False
2024-07-31,2323493.0439524837,True
2024-08-01,2201011.094800674,False
2024-08-02,2201011.094800674,False
2024-08-05,2609957.45892818,True
2024-08-06,2674527.937474628,True
2024-08-07,2453678.1847650367,True
2024-08-08,2944039.5001032823,True
2024-08-09,2873854.197335404,False
2024-08-12,2873854.197335404,False
2024-08-13,2873854.197335404,False
2024-08-14,2873854.197335404,False
2024-08-15,2873854.197335404,False
2024-08-16,2873854.197335404,False
2024-08-19,2873854.197335404,False
2024-08-20,2873854.197335404,False
2024-08-21,2873854.197335404,False
2024-08-22,2873854.197335404,False
2024-08-23,2964854.6877515404,True
2024-08-26,2742490.5861701746,True
2024-08-27,2824684.577513782,True
2024-08-28,2685982.217121445,True
2024-08-29,2655893.3452903028,True
2024-08-30,2846700.8251951053,True
2024-09-03,2700659.71557566,False
2024-09-04,2814929.1153058996,True
2024-09-05,2763833.0422557923,True
2024-09-06,2411734.6479650545,True
2024-09-09,2548300.515935341,True
2024-09-10,2633770.31085552,True
2024-09-11,2683937.364395625,False
2024-09-12,2683937.364395625,False
2024-09-13,2683937.364395625,False
2024-09-16,2683937.364395625,False
2024-09-17,2683937.364395625,False
2024-09-18,2683937.364395625,False
2024-09-19,2683937.364395625,False
2024-09-20,2683937.364395625,False
2024-09-23,2683937.364395625,False
2024-09-24,2683937.364395625,False
2024-09-25,2683937.364395625,False
2024-09-26,2683937.364395625,False
2024-09-27,2683937.364395625,False
2024-09-30,2683937.364395625,False
2024-10-01,2683937.364395625,False
2024-10-02,2683937.364395625,False
2024-10-03,2683937.364395625,False
2024-10-04,2683937.364395625,False
2024-10-07,2683937.364395625,False
2024-10-08,2683937.364395625,False
2024-10-09,2683937.364395625,False
2024-10-10,2683937.364395625,False
2024-10-11,2683937.364395625,False
2024-10-14,2683937.364395625,False
2024-10-15,2683937.364395625,False
2024-10-16,2683937.364395625,False
2024-10-17,2683937.364395625,False
2024-10-18,2683937.364395625,False
2024-10-21,2683937.364395625,False
2024-10-22,2683937.364395625,False
2024-10-23,2683937.364395625,False
2024-10-24,2683937.364395625,False
2024-10-25,2683937.364395625,False
2024-10-28,2683937.364395625,False
2024-10-29,2683937.364395625,False
2024-10-30,2683937.364395625,False
2024-10-31,2683937.364395625,False
2024-11-01,2683937.364395625,False
2024-11-04,2683937.364395625,False
2024-11-05,2683937.364395625,False
2024-11-06,2683937.364395625,False
2024-11-07,2683937.364395625,False
2024-11-08,2683937.364395625,False
2024-11-11,2683937.364395625,False
2024-11-12,2683937.364395625,False
2024-11-13,2683937.364395625,False
2024-11-14,2683937.364395625,False
2024-11-15,2683937.364395625,False
2024-11-18,2781443.703102133,True
2024-11-19,2799537.6628621034,True
2024-11-20,2747768.8335488546,False
2024-11-21,2747768.8335488546,False
2024-11-22,2747768.8335488546,False
2024-11-25,2747768.8335488546,False
2024-11-26,2747768.8335488546,False
2024-11-27,2747768.8335488546,False
2024-11-29,2747768.8335488546,False
2024-12-02,2747768.8335488546,False
2024-12-03,2747768.8335488546,False
2024-12-04,2747768.8335488546,False
2024-12-05,2747768.8335488546,False
2024-12-06,2747768.8335488546,False
2024-12-09,2747768.8335488546,False
2024-12-10,2747768.8335488546,False
2024-12-11,2747768.8335488546,False
2024-12-12,2747768.8335488546,False
2024-12-13,2747768.8335488546,False
2024-12-16,2747768.8335488546,False
2024-12-17,2747768.8335488546,False
2024-12-18,2747768.8335488546,False
2024-12-19,2747768.8335488546,False
2024-12-20,2897094.4258869933,True
2024-12-23,3148972.880895066,True
2024-12-24,3220274.395940679,False
2024-12-26,3220274.395940679,False
2024-12-27,3220274.395940679,False
2024-12-30,3220274.395940679,False
2024-12-31,3220274.395940679,False
2025-01-02,3220274.395940679,False
2025-01-03,3220274.395940679,False
2025-01-06,3220274.395940679,False
2025-01-07,3220274.395940679,False
2025-01-08,3220274.395940679,False
2025-01-10,3220274.395940679,False
2025-01-13,3220274.395940679,False
2025-01-14,3220274.395940679,False
2025-01-15,3220274.395940679,False
2025-01-16,3220274.395940679,False
2025-01-17,3220274.395940679,False
2025-01-21,3220274.395940679,False
2025-01-22,3220274.395940679,False
2025-01-23,3220274.395940679,False
2025-01-24,3220274.395940679,False
2025-01-27,3220274.395940679,False
2025-01-28,3220274.395940679,False
2025-01-29,3220274.395940679,False
2025-01-30,3220274.395940679,False
2025-01-31,3220274.395940679,False
2025-02-03,3220274.395940679,False
2025-02-04,3220274.395940679,False
2025-02-05,3220274.395940679,False
2025-02-06,3220274.395940679,False
2025-02-07,3220274.395940679,False
2025-02-10,3220274.395940679,False
2025-02-11,3220274.395940679,False
2025-02-12,3220274.395940679,False
2025-02-13,3220274.395940679,False
2025-02-14,3220274.395940679,False
2025-02-18,3220274.395940679,False
2025-02-19,3220274.395940679,False
2025-02-20,3220274.395940679,False
2025-02-21,3220274.395940679,False
2025-02-24,3220274.395940679,False
2025-02-25,3220274.395940679,False
2025-02-26,3220274.395940679,False
2025-02-27,3220274.395940679,False
2025-02-28,3220274.395940679,False
2025-03-03,3220274.395940679,False
2025-03-04,3220274.395940679,False
2025-03-05,3220274.395940679,False
2025-03-06,3220274.395940679,False
2025-03-07,3448170.73780725,True
2025-03-10,3193851.631666294,False
2025-03-11,3193851.631666294,False
2025-03-12,3193851.631666294,False
2025-03-13,3193851.631666294,False
2025-03-14,3193851.631666294,False
2025-03-17,3193851.631666294,False
2025-03-18,3193851.631666294,False
2025-03-19,3193851.631666294,False
2025-03-20,3193851.631666294,False
2025-03-21,3193851.631666294,False
2025-03-24,3193851.631666294,False
2025-03-25,3193851.631666294,False
2025-03-26,3193851.631666294,False
2025-03-27,3193851.631666294,False
2025-03-28,3193851.631666294,False
2025-03-31,3193851.631666294,False
2025-04-01,3193851.631666294,False
2025-04-02,3193851.631666294,False
2025-04-03,3193851.631666294,False
2025-04-04,2774360.6710892282,True
2025-04-07,2907835.0676364764,True
2025-04-08,2621818.503606659,True
2025-04-09,4058257.247400853,True
2025-04-10,3468745.3293171735,False
2025-04-11,3468745.3293171735,False
2025-04-14,3468745.3293171735,False
2025-04-15,3468745.3293171735,False
2025-04-16,3468745.3293171735,False
2025-04-17,3468745.3293171735,False
2025-04-21,3468745.3293171735,False
2025-04-22,3468745.3293171735,False
2025-04-23,3468745.3293171735,False
2025-04-24,3468745.3293171735,False
2025-04-25,3468745.3293171735,False
2025-04-28,3468745.3293171735,False
2025-04-29,3468745.3293171735,False
2025-04-30,3468745.3293171735,False
2025-05-01,3468745.3293171735,False
2025-05-02,3468745.3293171735,False
2025-05-05,3468745.3293171735,False
2025-05-06,3468745.3293171735,False
2025-05-07,3468745.3293171735,False
2025-05-08,3468745.3293171735,False
2025-05-09,3468745.3293171735,False
2025-05-12,3468745.3293171735,False
2025-05-13,3468745.3293171735,False
2025-05-14,3468745.3293171735,False
2025-05-15,3468745.3293171735,False
2025-05-16,3468745.3293171735,False
2025-05-19,3468745.3293171735,False
2025-05-20,3468745.3293171735,False
2025-05-21,3468745.3293171735,False
2025-05-22,3468745.3293171735,False
2025-05-23,3587334.9132254524,True
2025-05-27,3943103.6649502907,True
2025-05-28,3975031.6298486735,False
2025-05-29,3975031.6298486735,False
2025-05-30,3975031.6298486735,False
2025-06-02,3975031.6298486735,False
2025-06-03,3975031.6298486735,False
2025-06-04,3975031.6298486735,False
2025-06-05,3975031.6298486735,False
2025-06-06,3975031.6298486735,False
2025-06-09,3975031.6298486735,False
2025-06-10,3975031.6298486735,False
2025-06-11,3975031.6298486735,False
2025-06-12,3975031.6298486735,False
2025-06-13,3975031.6298486735,False
2025-06-16,4179221.9248048943,True
2025-06-17,4123880.629910218,False
2025-06-18,4123880.629910218,False
2025-06-20,4123880.629910218,False
2025-06-23,4123880.629910218,False
2025-06-24,4123880.629910218,False
2025-06-25,4123880.629910218,False
2025-06-26,4123880.629910218,False
2025-06-27,4123880.629910218,False
2025-06-30,4123880.629910218,False
2025-07-01,4123880.629910218,False
2025-07-02,4123880.629910218,False
2025-07-03,4123880.629910218,False
2025-07-07,4123880.629910218,False
2025-07-08,4123880.629910218,False
2025-07-09,4123880.629910218,False
2025-07-10,4123880.629910218,False
2025-07-11,4123880.629910218,False
2025-07-14,4123880.629910218,False
2025-07-15,4123880.629910218,False
2025-07-16,4123880.629910218,False
2025-07-17,4123880.629910218,False
2025-07-18,4123880.629910218,False
2025-07-21,4123880.629910218,False
2025-07-22,4123880.629910218,False
2025-07-23,4123880.629910218,False
2025-07-24,4123880.629910218,False
2025-07-25,4123880.629910218,False
2025-07-28,4123880.629910218,False
2025-07-29,4123880.629910218,False
2025-07-30,4123880.629910218,False
2025-07-31,4123880.629910218,False
2025-08-01,4123880.629910218,False
2025-08-04,4123880.629910218,False
2025-08-05,4123880.629910218,False
2025-08-06,4123880.629910218,False
2025-08-07,4123880.629910218,False
2025-08-08,4123880.629910218,False
2025-08-11,4123880.629910218,False
2025-08-12,4123880.629910218,False
2025-08-13,4123880.629910218,False
2025-08-14,4123880.629910218,False
2025-08-15,4123880.629910218,False
2025-08-18,4123880.629910218,False
2025-08-19,4123880.629910218,False
2025-08-20,4123880.629910218,False
2025-08-21,4123880.629910218,False
2025-08-22,4123880.629910218,False
2025-08-25,4123880.629910218,False
2025-08-26,4123880.629910218,False
2025-08-27,4123880.629910218,False
2025-08-28,4123880.629910218,False
2025-08-29,4123880.629910218,False
2025-09-02,4123880.629910218,False
2025-09-03,4123880.629910218,False
2025-09-04,4123880.629910218,False
2025-09-05,4123880.629910218,False
2025-09-08,4123880.629910218,False
2025-09-09,4123880.629910218,False
2025-09-10,4123880.629910218,False
2025-09-11,4123880.629910218,False
2025-09-12,4123880.629910218,False
2025-09-15,4123880.629910218,False
2025-09-16,4123880.629910218,False
2025-09-17,4123880.629910218,False
2025-09-18,4123880.629910218,False
2025-09-19,4123880.629910218,False
2025-09-22,4123880.629910218,False
2025-09-23,4123880.629910218,False
2025-09-24,4123880.629910218,False
2025-09-25,4123880.629910218,False
2025-09-26,4123880.629910218,False
2025-09-29,4123880.629910218,False
2025-09-30,4123880.629910218,False
2025-10-01,4123880.629910218,False
2025-10-02,4123880.629910218,False
2025-10-03,4123880.629910218,False
2025-10-06,4123880.629910218,False
2025-10-07,4123880.629910218,False
2025-10-08,4123880.629910218,False
2025-10-09,4123880.629910218,False
2025-10-10,4123880.629910218,False
2025-10-13,4222042.580556787,True
2025-10-14,3951288.189212956,True
2025-10-15,4312653.611922849,True
2025-10-16,4471222.916813459,False
2025-10-17,4471222.916813459,False
2025-10-20,4471222.916813459,False
2025-10-21,4471222.916813459,False
2025-10-22,4471222.916813459,False
2025-10-23,4471222.916813459,False
2025-10-24,4471222.916813459,False
2025-10-27,4471222.916813459,False
2025-10-28,4471222.916813459,False
2025-10-29,4471222.916813459,False
2025-10-30,4471222.916813459,False
2025-10-31,4471222.916813459,False
2025-11-03,4471222.916813459,False
2025-11-04,4471222.916813459,False
2025-11-05,4471222.916813459,False
2025-11-06,4471222.916813459,False
2025-11-07,4471222.916813459,False
2025-11-10,4471222.916813459,False
2025-11-11,4471222.916813459,False
2025-11-12,4471222.916813459,False
2025-11-13,4471222.916813459,False
2025-11-14,4471222.916813459,False
2025-11-17,4471222.916813459,False
2025-11-18,4471222.916813459,False
2025-11-19,4471222.916813459,False
2025-11-20,4471222.916813459,False
2025-11-21,4471222.916813459,False
2025-11-24,4471222.916813459,False
2025-11-25,4471222.916813459,False
2025-11-26,4471222.916813459,False
2025-11-28,4471222.916813459,False
2025-12-01,4471222.916813459,False
2025-12-02,4471222.916813459,False
2025-12-03,4471222.916813459,False
2025-12-04,4471222.916813459,False
2025-12-05,4471222.916813459,False
2025-12-08,4471222.916813459,False
2025-12-09,4471222.916813459,False
2025-12-10,4471222.916813459,False
2025-12-11,4471222.916813459,False
2025-12-12,4471222.916813459,False
2025-12-15,4271545.289743145,True
2025-12-16,4199972.52991015,True
2025-12-17,3735268.2341828714,True
2025-12-18,4001850.8324014214,True
2025-12-19,4327558.753960272,True
2025-12-22,4610737.934169083,False
2025-12-23,4610737.934169083,False
2025-12-24,4610737.934169083,False
2025-12-26,4610737.934169083,False
2025-12-29,4610737.934169083,False
2025-12-30,4610737.934169083,False
2025-12-31,4610737.934169083,False
2026-01-02,4610737.934169083,False
2026-01-05,4610737.934169083,False
2026-01-06,4610737.934169083,False
2026-01-07,4610737.934169083,False
2026-01-08,4610737.934169083,False
2026-01-09,4610737.934169083,False
2026-01-12,4610737.934169083,False
2026-01-13,4610737.934169083,False
2026-01-14,4610737.934169083,False
2026-01-15,4610737.934169083,False
2026-01-16,4610737.934169083,False
2026-01-20,4610737.934169083,False
2026-01-21,4610737.934169083,False
2026-01-22,4610737.934169083,False
2026-01-23,4610737.934169083,False
2026-01-26,4610737.934169083,False
2026-01-27,4610737.934169083,False
2026-01-28,4610737.934169083,False
2026-01-29,4610737.934169083,False
2026-01-30,4610737.934169083,False
2026-02-02,4610737.934169083,False
2026-02-03,4610737.934169083,False
2026-02-04,4610737.934169083,False
2026-02-05,4610737.934169083,False
2026-02-06,4610737.934169083,False
2026-02-09,4610737.934169083,False
2026-02-10,4610737.934169083,False
2026-02-11,4610737.934169083,False
2026-02-12,4610737.934169083,False
2026-02-13,4610737.934169083,False
2026-02-17,4610737.934169083,False
2026-02-18,4610737.934169083,False
2026-02-19,4610737.934169083,False
2026-02-20,4610737.934169083,False
2026-02-23,4610737.934169083,False
2026-02-24,4610737.934169083,False
2026-02-25,4610737.934169083,False
2026-02-26,4610737.934169083,False
2026-02-27,4610737.934169083,False
2026-03-02,4610737.934169083,False
2026-03-03,4610737.934169083,False
2026-03-04,4610737.934169083,False
2026-03-05,4610737.934169083,False
2026-03-06,4610737.934169083,False
2026-03-09,4610737.934169083,False
2026-03-10,4610737.934169083,False
2026-03-11,4610737.934169083,False
2026-03-12,4610737.934169083,False
2026-03-13,4610737.934169083,False
2026-03-16,4610737.934169083,False
2026-03-17,4610737.934169083,False
2026-03-18,4610737.934169083,False
2026-03-19,4610737.934169083,False
2026-03-20,4610737.934169083,False
2026-03-23,4610737.934169083,False
2026-03-24,4610737.934169083,False
2026-03-25,4610737.934169083,False
2026-03-26,4610737.934169083,False
2026-03-27,4473956.388292307,True
2026-03-30,3898993.9603611566,True
2026-03-31,4598739.552951822,True
2026-04-01,4803191.968893951,False
2026-04-02,4803191.968893951,False
2026-04-06,4803191.968893951,False
2026-04-07,4803191.968893951,False
2026-04-08,4803191.968893951,False
2026-04-09,4803191.968893951,False
2026-04-10,4803191.968893951,False
2026-04-13,4803191.968893951,False
2026-04-14,4803191.968893951,False
2026-04-15,4803191.968893951,False
2026-04-16,4803191.968893951,False
2026-04-17,4803191.968893951,False
2026-04-20,4803191.968893951,False
2026-04-21,4803191.968893951,False
2026-04-22,4803191.968893951,False
2026-04-23,4803191.968893951,False
2026-04-24,4803191.968893951,False
2026-04-27,4803191.968893951,False
2026-04-28,4803191.968893951,False
2026-04-29,4803191.968893951,False
2026-04-30,4803191.968893951,False
2026-05-01,4803191.968893951,False
2026-05-04,4803191.968893951,False
2026-05-05,4803191.968893951,False
2026-05-06,4803191.968893951,False
2026-05-07,4803191.968893951,False
2026-05-08,4803191.968893951,False
2026-05-11,4803191.968893951,False
2026-05-12,4803191.968893951,False
2026-05-13,4803191.968893951,False
2026-05-14,4803191.968893951,False
2026-05-15,4803191.968893951,False
2026-05-18,4803191.968893951,False
2026-05-19,4803191.968893951,False
2026-05-20,4803191.968893951,False
2026-05-21,4803191.968893951,False
2026-05-22,4803191.968893951,False
2026-05-26,4803191.968893951,False
2026-05-27,4803191.968893951,False
2026-05-28,4803191.968893951,False
2026-05-29,4803191.968893951,False
2026-06-01,4803191.968893951,False
2026-06-02,4803191.968893951,False
2026-06-03,4803191.968893951,False
2026-06-04,4803191.968893951,False
2026-06-05,4803191.968893951,False
2026-06-08,4821892.080063323,True
2026-06-09,4599315.147120559,True
2026-06-10,4119725.7106670416,True
2026-06-11,5108095.001009192,True
2026-06-12,5067730.126899695,False
2026-06-15,5067730.126899695,False
2026-06-16,5067730.126899695,False
2026-06-17,5067730.126899695,False
2026-06-18,5067730.126899695,False
2026-06-22,5067730.126899695,False
2026-06-23,5067730.126899695,False
2026-06-24,5067730.126899695,False
2026-06-25,5067730.126899695,False
2026-06-26,5067730.126899695,False
2026-06-29,5067730.126899695,False
2026-06-30,5067730.126899695,False
2026-07-01,5067730.126899695,False
2026-07-02,5067730.126899695,False
2026-07-06,5067730.126899695,False
2026-07-07,5067730.126899695,False
2026-07-08,5067730.126899695,False
2026-07-09,5067730.126899695,False
2026-07-10,5067730.126899695,False
2026-07-13,5067730.126899695,False
2026-07-14,5067730.126899695,False
2026-07-15,5067730.126899695,False
2026-07-16,5067730.126899695,False
2026-07-17,5504092.041137671,True
2026-07-20,5558535.706415035,True
2026-07-21,6441416.935129301,True
2026-07-22,5976411.152219279,False
2026-07-23,5976411.152219279,False
2026-07-24,5976411.152219279,False
2026-07-27,5976411.152219279,False
2026-07-28,5976411.152219279,False
2026-07-29,5976411.152219279,False
2026-07-30,6384930.968360921,True
2026-07-31,7229798.925994453,False
2026-08-03,7229798.925994453,False
2026-08-04,7229798.925994453,False
2026-08-05,7229798.925994453,False
2026-08-06,7229798.925994453,False
2026-08-07,7229798.925994453,False
2026-08-10,7229798.925994453,False
2026-08-11,7229798.925994453,False
2026-08-12,7229798.925994453,False
2026-08-13,7229798.925994453,False
2026-08-14,7229798.925994453,False
2026-08-17,7229798.925994453,False
2026-08-18,7229798.925994453,False
2026-08-19,7229798.925994453,False
2026-08-20,7229798.925994453,False
2026-08-21,7229798.925994453,False
2026-08-24,7229798.925994453,False
2026-08-25,7229798.925994453,False
2026-08-26,7229798.925994453,False
2026-08-27,7229798.925994453,False
2026-08-28,7229798.925994453,False
2026-08-31,7229798.925994453,False
2026-09-01,7229798.925994453,False
2026-09-02,7229798.925994453,False
2026-09-03,7229798.925994453,False
2026-09-04,7229798.925994453,False
