cci_lookback,cci_entry,cci_exit,trades,win_rate,profit_factor,avg_trade,median_trade,avg_hold_days,total_return,cagr,sharpe,max_drawdown,calmar,exposure,ending_equity
5,-80,0,70,0.7428571428571429,3.351914671565804,0.05280502261578529,0.06405627195912034,3.9571428571428573,20.28559386279719,0.666491398286261,1.2856801982694073,-0.3257011937607833,2.046327772368488,0.12847682119205298,2128559.386279719
5,-80,50,70,0.7428571428571429,3.351914671565804,0.05280502261578529,0.06405627195912034,3.9571428571428573,20.28559386279719,0.666491398286261,1.2856801982694073,-0.3257011937607833,2.046327772368488,0.12847682119205298,2128559.386279719
5,-80,100,70,0.7428571428571429,3.351914671565804,0.05280502261578529,0.06405627195912034,3.9571428571428573,20.28559386279719,0.666491398286261,1.2856801982694073,-0.3257011937607833,2.046327772368488,0.12847682119205298,2128559.386279719
5,-80,150,70,0.7428571428571429,3.351914671565804,0.05280502261578529,0.06405627195912034,3.9571428571428573,20.28559386279719,0.666491398286261,1.2856801982694073,-0.3257011937607833,2.046327772368488,0.12847682119205298,2128559.386279719
7,-80,0,66,0.7727272727272727,3.337383865693875,0.05332573459746087,0.06405627195912034,3.909090909090909,16.995959267399012,0.6204150855915052,1.2412607117635293,-0.3257011937607833,1.9048597225811195,0.12119205298013246,1799595.926739901
7,-80,50,66,0.7727272727272727,3.337383865693875,0.05332573459746087,0.06405627195912034,3.909090909090909,16.995959267399012,0.6204150855915052,1.2412607117635293,-0.3257011937607833,1.9048597225811195,0.12119205298013246,1799595.926739901
7,-80,100,66,0.7727272727272727,3.337383865693875,0.05332573459746087,0.06405627195912034,3.909090909090909,16.995959267399012,0.6204150855915052,1.2412607117635293,-0.3257011937607833,1.9048597225811195,0.12119205298013246,1799595.926739901
7,-80,150,66,0.7727272727272727,3.337383865693875,0.05332573459746087,0.06405627195912034,3.909090909090909,16.995959267399012,0.6204150855915052,1.2412607117635293,-0.3257011937607833,1.9048597225811195,0.12119205298013246,1799595.926739901
20,-80,0,54,0.7407407407407407,3.858584858922122,0.05302919927377972,0.059956967511866854,3.8518518518518516,9.517430796266785,0.4813876724994275,1.135152285839838,-0.2764854094203688,1.7410961160974863,0.09801324503311258,1051743.0796266785
20,-80,50,54,0.7407407407407407,3.858584858922122,0.05302919927377972,0.059956967511866854,3.8518518518518516,9.517430796266785,0.4813876724994275,1.135152285839838,-0.2764854094203688,1.7410961160974863,0.09801324503311258,1051743.0796266785
20,-80,100,54,0.7407407407407407,3.858584858922122,0.05302919927377972,0.059956967511866854,3.8518518518518516,9.517430796266785,0.4813876724994275,1.135152285839838,-0.2764854094203688,1.7410961160974863,0.09801324503311258,1051743.0796266785
20,-80,150,54,0.7407407407407407,3.858584858922122,0.05302919927377972,0.059956967511866854,3.8518518518518516,9.517430796266785,0.4813876724994275,1.135152285839838,-0.2764854094203688,1.7410961160974863,0.09801324503311258,1051743.0796266785
5,-100,0,61,0.7213114754098361,2.923096981345,0.049547650194371975,0.06346153846153846,4.049180327868853,10.268692506413823,0.49855600913471143,1.088966601520948,-0.3257011937607833,1.5307159405159694,0.11456953642384106,1126869.2506413823
5,-100,50,61,0.7213114754098361,2.923096981345,0.049547650194371975,0.06346153846153846,4.049180327868853,10.268692506413823,0.49855600913471143,1.088966601520948,-0.3257011937607833,1.5307159405159694,0.11456953642384106,1126869.2506413823
5,-100,100,61,0.7213114754098361,2.923096981345,0.049547650194371975,0.06346153846153846,4.049180327868853,10.268692506413823,0.49855600913471143,1.088966601520948,-0.3257011937607833,1.5307159405159694,0.11456953642384106,1126869.2506413823
5,-100,150,61,0.7213114754098361,2.923096981345,0.049547650194371975,0.06346153846153846,4.049180327868853,10.268692506413823,0.49855600913471143,1.088966601520948,-0.3257011937607833,1.5307159405159694,0.11456953642384106,1126869.2506413823
30,-120,0,33,0.7878787878787878,6.53840604657986,0.07438131536808094,0.06816720257234721,3.4545454545454546,6.908631806059,0.41251006255702083,1.1586505103582405,-0.2708927300702729,1.5227801146601854,0.05496688741721854,790863.1806059
30,-120,50,33,0.7878787878787878,6.53840604657986,0.07438131536808094,0.06816720257234721,3.4545454545454546,6.908631806059,0.41251006255702083,1.1586505103582405,-0.2708927300702729,1.5227801146601854,0.05496688741721854,790863.1806059
30,-120,100,33,0.7878787878787878,6.53840604657986,0.07438131536808094,0.06816720257234721,3.4545454545454546,6.908631806059,0.41251006255702083,1.1586505103582405,-0.2708927300702729,1.5227801146601854,0.05496688741721854,790863.1806059
30,-120,150,33,0.7878787878787878,6.53840604657986,0.07438131536808094,0.06816720257234721,3.4545454545454546,6.908631806059,0.41251006255702083,1.1586505103582405,-0.2708927300702729,1.5227801146601854,0.05496688741721854,790863.1806059
30,-100,0,39,0.7692307692307693,5.279216468151954,0.06254872857513266,0.06289308176100628,3.923076923076923,6.752633952126104,0.40781818331264374,1.0757330037185489,-0.27089273007027304,1.5054600513157015,0.0728476821192053,775263.3952126104
30,-100,50,39,0.7692307692307693,5.279216468151954,0.06254872857513266,0.06289308176100628,3.923076923076923,6.752633952126104,0.40781818331264374,1.0757330037185489,-0.27089273007027304,1.5054600513157015,0.0728476821192053,775263.3952126104
30,-100,100,39,0.7692307692307693,5.279216468151954,0.06254872857513266,0.06289308176100628,3.923076923076923,6.752633952126104,0.40781818331264374,1.0757330037185489,-0.27089273007027304,1.5054600513157015,0.0728476821192053,775263.3952126104
30,-100,150,39,0.7692307692307693,5.279216468151954,0.06254872857513266,0.06289308176100628,3.923076923076923,6.752633952126104,0.40781818331264374,1.0757330037185489,-0.27089273007027304,1.5054600513157015,0.0728476821192053,775263.3952126104
7,-100,0,54,0.7407407407407407,3.008586473584722,0.05277703720233285,0.06811213972357477,4.018518518518518,8.65987612360476,0.460493767240886,1.0532284656681532,-0.3257011937607833,1.4138534830765874,0.1,965987.612360476
7,-100,50,54,0.7407407407407407,3.008586473584722,0.05277703720233285,0.06811213972357477,4.018518518518518,8.65987612360476,0.460493767240886,1.0532284656681532,-0.3257011937607833,1.4138534830765874,0.1,965987.612360476
7,-100,100,54,0.7407407407407407,3.008586473584722,0.05277703720233285,0.06811213972357477,4.018518518518518,8.65987612360476,0.460493767240886,1.0532284656681532,-0.3257011937607833,1.4138534830765874,0.1,965987.612360476
7,-100,150,54,0.7407407407407407,3.008586473584722,0.05277703720233285,0.06811213972357477,4.018518518518518,8.65987612360476,0.460493767240886,1.0532284656681532,-0.3257011937607833,1.4138534830765874,0.1,965987.612360476
14,-80,0,57,0.7368421052631579,3.213444947125757,0.0442452375198859,0.05111633672833937,3.9649122807017543,6.484353326766898,0.3995620534036335,0.9905772286696308,-0.2833469063293014,1.4101514591419915,0.10463576158940398,748435.3326766897
14,-80,50,57,0.7368421052631579,3.213444947125757,0.0442452375198859,0.05111633672833937,3.9649122807017543,6.484353326766898,0.3995620534036335,0.9905772286696308,-0.2833469063293014,1.4101514591419915,0.10463576158940398,748435.3326766897
14,-80,100,57,0.7368421052631579,3.213444947125757,0.0442452375198859,0.05111633672833937,3.9649122807017543,6.484353326766898,0.3995620534036335,0.9905772286696308,-0.2833469063293014,1.4101514591419915,0.10463576158940398,748435.3326766897
14,-80,150,57,0.7368421052631579,3.213444947125757,0.0442452375198859,0.05111633672833937,3.9649122807017543,6.484353326766898,0.3995620534036335,0.9905772286696308,-0.2833469063293014,1.4101514591419915,0.10463576158940398,748435.3326766897
20,-150,0,28,0.8928571428571429,12.27331378058315,0.08015525418549078,0.06987023828139727,3.2142857142857144,5.895659553842296,0.38054387259942035,1.163893265903752,-0.2708927300702729,1.4047769849737295,0.046357615894039736,689565.9553842295
20,-150,50,28,0.8928571428571429,12.27331378058315,0.08015525418549078,0.06987023828139727,3.2142857142857144,5.895659553842296,0.38054387259942035,1.163893265903752,-0.2708927300702729,1.4047769849737295,0.046357615894039736,689565.9553842295
20,-150,100,28,0.8928571428571429,12.27331378058315,0.08015525418549078,0.06987023828139727,3.2142857142857144,5.895659553842296,0.38054387259942035,1.163893265903752,-0.2708927300702729,1.4047769849737295,0.046357615894039736,689565.9553842295
20,-150,150,28,0.8928571428571429,12.27331378058315,0.08015525418549078,0.06987023828139727,3.2142857142857144,5.895659553842296,0.38054387259942035,1.163893265903752,-0.2708927300702729,1.4047769849737295,0.046357615894039736,689565.9553842295
5,-120,0,43,0.7209302325581395,3.295902551548101,0.0570783070232811,0.07157641843870399,4.069767441860465,6.136988509239459,0.3884978135375621,1.041149361887036,-0.2770751982438744,1.4021385385624316,0.08278145695364239,713698.8509239459
5,-120,50,43,0.7209302325581395,3.295902551548101,0.0570783070232811,0.07157641843870399,4.069767441860465,6.136988509239459,0.3884978135375621,1.041149361887036,-0.2770751982438744,1.4021385385624316,0.08278145695364239,713698.8509239459
5,-120,100,43,0.7209302325581395,3.295902551548101,0.0570783070232811,0.07157641843870399,4.069767441860465,6.136988509239459,0.3884978135375621,1.041149361887036,-0.2770751982438744,1.4021385385624316,0.08278145695364239,713698.8509239459
5,-120,150,43,0.7209302325581395,3.295902551548101,0.0570783070232811,0.07157641843870399,4.069767441860465,6.136988509239459,0.3884978135375621,1.041149361887036,-0.2770751982438744,1.4021385385624316,0.08278145695364239,713698.8509239459
20,-100,0,47,0.7446808510638298,4.214537483169261,0.05585095598547443,0.06289308176100628,3.6595744680851063,7.506696539833046,0.4298122210680171,1.07940848121187,-0.3235447019136114,1.3284477184323662,0.08211920529801324,850669.6539833046
20,-100,50,47,0.7446808510638298,4.214537483169261,0.05585095598547443,0.06289308176100628,3.6595744680851063,7.506696539833046,0.4298122210680171,1.07940848121187,-0.3235447019136114,1.3284477184323662,0.08211920529801324,850669.6539833046
20,-100,100,47,0.7446808510638298,4.214537483169261,0.05585095598547443,0.06289308176100628,3.6595744680851063,7.506696539833046,0.4298122210680171,1.07940848121187,-0.3235447019136114,1.3284477184323662,0.08211920529801324,850669.6539833046
20,-100,150,47,0.7446808510638298,4.214537483169261,0.05585095598547443,0.06289308176100628,3.6595744680851063,7.506696539833046,0.4298122210680171,1.07940848121187,-0.3235447019136114,1.3284477184323662,0.08211920529801324,850669.6539833046
10,-150,0,28,0.8214285714285714,4.422656215972997,0.060272658720029085,0.07157484621457566,3.607142857142857,3.5914505929242937,0.28988796900922886,0.9888860627759478,-0.22116798633484092,1.3107139682067195,0.0456953642384106,459145.05929242936
10,-150,50,28,0.8214285714285714,4.422656215972997,0.060272658720029085,0.07157484621457566,3.607142857142857,3.5914505929242937,0.28988796900922886,0.9888860627759478,-0.22116798633484092,1.3107139682067195,0.0456953642384106,459145.05929242936
10,-150,100,28,0.8214285714285714,4.422656215972997,0.060272658720029085,0.07157484621457566,3.607142857142857,3.5914505929242937,0.28988796900922886,0.9888860627759478,-0.22116798633484092,1.3107139682067195,0.0456953642384106,459145.05929242936
10,-150,150,28,0.8214285714285714,4.422656215972997,0.060272658720029085,0.07157484621457566,3.607142857142857,3.5914505929242937,0.28988796900922886,0.9888860627759478,-0.22116798633484092,1.3107139682067195,0.0456953642384106,459145.05929242936
10,-100,0,51,0.7647058823529411,2.9184204201520934,0.048047435439471646,0.06289308176100628,3.8627450980392157,6.150570807307066,0.38893877530001064,0.9884763666493462,-0.29676272209763677,1.3106052288199708,0.09337748344370861,715057.0807307066
10,-100,50,51,0.7647058823529411,2.9184204201520934,0.048047435439471646,0.06289308176100628,3.8627450980392157,6.150570807307066,0.38893877530001064,0.9884763666493462,-0.29676272209763677,1.3106052288199708,0.09337748344370861,715057.0807307066
10,-100,100,51,0.7647058823529411,2.9184204201520934,0.048047435439471646,0.06289308176100628,3.8627450980392157,6.150570807307066,0.38893877530001064,0.9884763666493462,-0.29676272209763677,1.3106052288199708,0.09337748344370861,715057.0807307066
10,-100,150,51,0.7647058823529411,2.9184204201520934,0.048047435439471646,0.06289308176100628,3.8627450980392157,6.150570807307066,0.38893877530001064,0.9884763666493462,-0.29676272209763677,1.3106052288199708,0.09337748344370861,715057.0807307066
14,-150,0,30,0.8333333333333334,5.147230268408285,0.07036760740751681,0.07559852155753821,3.6333333333333333,4.822536502481915,0.3420882912608749,1.021800282222952,-0.27089273007027304,1.2628182792950289,0.05364238410596026,582253.6502481916
14,-150,50,30,0.8333333333333334,5.147230268408285,0.07036760740751681,0.07559852155753821,3.6333333333333333,4.822536502481915,0.3420882912608749,1.021800282222952,-0.27089273007027304,1.2628182792950289,0.05364238410596026,582253.6502481916
14,-150,100,30,0.8333333333333334,5.147230268408285,0.07036760740751681,0.07559852155753821,3.6333333333333333,4.822536502481915,0.3420882912608749,1.021800282222952,-0.27089273007027304,1.2628182792950289,0.05364238410596026,582253.6502481916
14,-150,150,30,0.8333333333333334,5.147230268408285,0.07036760740751681,0.07559852155753821,3.6333333333333333,4.822536502481915,0.3420882912608749,1.021800282222952,-0.27089273007027304,1.2628182792950289,0.05364238410596026,582253.6502481916
14,-120,0,42,0.7380952380952381,3.1793987081058805,0.05182709172112741,0.06640910401452471,3.6904761904761907,4.822770410614732,0.34209729552788404,0.9452362165047934,-0.28537808697788536,1.1987510994647392,0.076158940397351,582277.0410614732
14,-120,50,42,0.7380952380952381,3.1793987081058805,0.05182709172112741,0.06640910401452471,3.6904761904761907,4.822770410614732,0.34209729552788404,0.9452362165047934,-0.28537808697788536,1.1987510994647392,0.076158940397351,582277.0410614732
14,-120,100,42,0.7380952380952381,3.1793987081058805,0.05182709172112741,0.06640910401452471,3.6904761904761907,4.822770410614732,0.34209729552788404,0.9452362165047934,-0.28537808697788536,1.1987510994647392,0.076158940397351,582277.0410614732
14,-120,150,42,0.7380952380952381,3.1793987081058805,0.05182709172112741,0.06640910401452471,3.6904761904761907,4.822770410614732,0.34209729552788404,0.9452362165047934,-0.28537808697788536,1.1987510994647392,0.076158940397351,582277.0410614732
10,-120,0,46,0.7391304347826086,2.8551619803298025,0.046069432544299106,0.06115862658522353,3.847826086956522,4.356896035725556,0.32353523201661516,0.8876437076045073,-0.27089273007027304,1.1943296962332137,0.08410596026490066,535689.6035725556
10,-120,50,46,0.7391304347826086,2.8551619803298025,0.046069432544299106,0.06115862658522353,3.847826086956522,4.356896035725556,0.32353523201661516,0.8876437076045073,-0.27089273007027304,1.1943296962332137,0.08410596026490066,535689.6035725556
10,-120,100,46,0.7391304347826086,2.8551619803298025,0.046069432544299106,0.06115862658522353,3.847826086956522,4.356896035725556,0.32353523201661516,0.8876437076045073,-0.27089273007027304,1.1943296962332137,0.08410596026490066,535689.6035725556
10,-120,150,46,0.7391304347826086,2.8551619803298025,0.046069432544299106,0.06115862658522353,3.847826086956522,4.356896035725556,0.32353523201661516,0.8876437076045073,-0.27089273007027304,1.1943296962332137,0.08410596026490066,535689.6035725556
10,-80,0,58,0.7241379310344828,2.828957079197385,0.04411160064070215,0.05304904250058051,4.051724137931035,6.279643459996328,0.3930947847037507,0.964158683851781,-0.3311536351212696,1.1870465639303582,0.11125827814569536,727964.3459996328
10,-80,50,58,0.7241379310344828,2.828957079197385,0.04411160064070215,0.05304904250058051,4.051724137931035,6.279643459996328,0.3930947847037507,0.964158683851781,-0.3311536351212696,1.1870465639303582,0.11125827814569536,727964.3459996328
10,-80,100,58,0.7241379310344828,2.828957079197385,0.04411160064070215,0.05304904250058051,4.051724137931035,6.279643459996328,0.3930947847037507,0.964158683851781,-0.3311536351212696,1.1870465639303582,0.11125827814569536,727964.3459996328
10,-80,150,58,0.7241379310344828,2.828957079197385,0.04411160064070215,0.05304904250058051,4.051724137931035,6.279643459996328,0.3930947847037507,0.964158683851781,-0.3311536351212696,1.1870465639303582,0.11125827814569536,727964.3459996328
20,-120,0,37,0.7297297297297297,4.615218315076088,0.06121640354233213,0.06465100545670222,3.6216216216216215,5.142293603816288,0.3541250594874654,0.9960493911713149,-0.330889238620215,1.0702223528457502,0.06688741721854305,614229.3603816289
20,-120,50,37,0.7297297297297297,4.615218315076088,0.06121640354233213,0.06465100545670222,3.6216216216216215,5.142293603816288,0.3541250594874654,0.9960493911713149,-0.330889238620215,1.0702223528457502,0.06688741721854305,614229.3603816289
20,-120,100,37,0.7297297297297297,4.615218315076088,0.06121640354233213,0.06465100545670222,3.6216216216216215,5.142293603816288,0.3541250594874654,0.9960493911713149,-0.330889238620215,1.0702223528457502,0.06688741721854305,614229.3603816289
20,-120,150,37,0.7297297297297297,4.615218315076088,0.06121640354233213,0.06465100545670222,3.6216216216216215,5.142293603816288,0.3541250594874654,0.9960493911713149,-0.330889238620215,1.0702223528457502,0.06688741721854305,614229.3603816289
14,-100,0,48,0.7083333333333334,2.909944495726737,0.044431500403899614,0.05600130076777454,3.875,4.175422170611804,0.31593912995716233,0.8644706465266173,-0.3235447019136113,0.976492979450859,0.09006622516556291,517542.2170611804
14,-100,50,48,0.7083333333333334,2.909944495726737,0.044431500403899614,0.05600130076777454,3.875,4.175422170611804,0.31593912995716233,0.8644706465266173,-0.3235447019136113,0.976492979450859,0.09006622516556291,517542.2170611804
14,-100,100,48,0.7083333333333334,2.909944495726737,0.044431500403899614,0.05600130076777454,3.875,4.175422170611804,0.31593912995716233,0.8644706465266173,-0.3235447019136113,0.976492979450859,0.09006622516556291,517542.2170611804
14,-100,150,48,0.7083333333333334,2.909944495726737,0.044431500403899614,0.05600130076777454,3.875,4.175422170611804,0.31593912995716233,0.8644706465266173,-0.3235447019136113,0.976492979450859,0.09006622516556291,517542.2170611804
7,-120,0,45,0.7333333333333333,2.677633813347671,0.04765978652302169,0.06465100545670222,4.022222222222222,4.10756989626038,0.3130419202387269,0.883102187678584,-0.3257011937607833,0.9611322470885562,0.0847682119205298,510756.98962603806
7,-120,50,45,0.7333333333333333,2.677633813347671,0.04765978652302169,0.06465100545670222,4.022222222222222,4.10756989626038,0.3130419202387269,0.883102187678584,-0.3257011937607833,0.9611322470885562,0.0847682119205298,510756.98962603806
7,-120,100,45,0.7333333333333333,2.677633813347671,0.04765978652302169,0.06465100545670222,4.022222222222222,4.10756989626038,0.3130419202387269,0.883102187678584,-0.3257011937607833,0.9611322470885562,0.0847682119205298,510756.98962603806
7,-120,150,45,0.7333333333333333,2.677633813347671,0.04765978652302169,0.06465100545670222,4.022222222222222,4.10756989626038,0.3130419202387269,0.883102187678584,-0.3257011937607833,0.9611322470885562,0.0847682119205298,510756.98962603806
30,-80,0,48,0.75,3.493910753554626,0.05181197261428189,0.06115862658522353,4.291666666666667,6.290709897589962,0.39344824857693195,0.999767821238675,-0.4099212753410435,0.9598141698051499,0.09536423841059603,729070.9897589962
30,-80,50,48,0.75,3.493910753554626,0.05181197261428189,0.06115862658522353,4.291666666666667,6.290709897589962,0.39344824857693195,0.999767821238675,-0.4099212753410435,0.9598141698051499,0.09536423841059603,729070.9897589962
30,-80,100,48,0.75,3.493910753554626,0.05181197261428189,0.06115862658522353,4.291666666666667,6.290709897589962,0.39344824857693195,0.999767821238675,-0.4099212753410435,0.9598141698051499,0.09536423841059603,729070.9897589962
30,-80,150,48,0.75,3.493910753554626,0.05181197261428189,0.06115862658522353,4.291666666666667,6.290709897589962,0.39344824857693195,0.999767821238675,-0.4099212753410435,0.9598141698051499,0.09536423841059603,729070.9897589962
7,-150,0,26,0.7692307692307693,3.5185888270297467,0.06392682679111565,0.0811551892046174,3.8461538461538463,2.533349743045493,0.23467436334091962,0.8333075054253084,-0.3257011937607833,0.7205204274236714,0.048344370860927154,353334.9743045493
7,-150,50,26,0.7692307692307693,3.5185888270297467,0.06392682679111565,0.0811551892046174,3.8461538461538463,2.533349743045493,0.23467436334091962,0.8333075054253084,-0.3257011937607833,0.7205204274236714,0.048344370860927154,353334.9743045493
7,-150,100,26,0.7692307692307693,3.5185888270297467,0.06392682679111565,0.0811551892046174,3.8461538461538463,2.533349743045493,0.23467436334091962,0.8333075054253084,-0.3257011937607833,0.7205204274236714,0.048344370860927154,353334.9743045493
7,-150,150,26,0.7692307692307693,3.5185888270297467,0.06392682679111565,0.0811551892046174,3.8461538461538463,2.533349743045493,0.23467436334091962,0.8333075054253084,-0.3257011937607833,0.7205204274236714,0.048344370860927154,353334.9743045493
