wr_lookback,wr_entry,wr_exit,cci_lookback,cci_entry,cci_exit,trades,win_rate,profit_factor,avg_trade,median_trade,avg_hold_5m_bars,total_return,annualized_return,sharpe,max_drawdown,calmar,exposure,ending_equity
7,-80,-50,3,-100,0,71,0.676056338028169,1.2008284372019458,0.001179948554735463,0.0026890756302520025,21.197183098591548,0.0681673925996098,1.2966078869621755,1.359846199836213,-0.11632798966837765,11.146138523140339,0.15705128205128205,106816.73925996097
5,-85,-50,7,-100,0,86,0.6744186046511628,1.2003241390473367,0.0009170655935014223,0.003080800776922521,19.046511627906977,0.07299127828302399,1.430856370971537,1.427653181153474,-0.13742574815781317,10.411850691388704,0.24423076923076922,107299.1278283024
5,-85,-50,7,-100,50,86,0.6744186046511628,1.2003241390473367,0.0009170655935014223,0.003080800776922521,19.046511627906977,0.07299127828302399,1.430856370971537,1.427653181153474,-0.13742574815781317,10.411850691388704,0.24423076923076922,107299.1278283024
5,-80,-50,7,-100,0,95,0.6631578947368421,1.192999694584572,0.0009020746108921095,0.003420074349442359,17.51578947368421,0.07936157197885163,1.6192180450300642,1.500255642386335,-0.16418343195598206,9.862249958718003,0.2608974358974359,107936.15719788517
5,-80,-50,7,-100,50,95,0.6631578947368421,1.192999694584572,0.0009020746108921095,0.003420074349442359,17.51578947368421,0.07936157197885163,1.6192180450300642,1.500255642386335,-0.16418343195598206,9.862249958718003,0.2608974358974359,107936.15719788517
7,-80,-50,7,-100,50,90,0.6555555555555556,1.131182881469702,0.0006601999725239695,0.002714641264298545,23.444444444444443,0.05011579433332125,0.8525086403724589,1.1052341607079643,-0.1999901470543456,4.262753205240641,0.2775641025641026,105011.57943333212
7,-80,-50,7,-100,0,90,0.6555555555555556,1.1142448030599528,0.0005836963750635385,0.002714641264298545,23.366666666666667,0.04240468430601774,0.6881220248023767,1.0085032770687439,-0.2085016914835761,3.3003186684295116,0.27307692307692305,104240.46843060177
7,-80,-40,3,-100,0,70,0.6714285714285714,1.1115412884694946,0.0006748878669858198,0.002625855848329639,21.542857142857144,0.030076956987771908,0.4529875118292672,0.8472256704705482,-0.14783939138754232,3.0640515195427014,0.15897435897435896,103007.6956987772
3,-85,-40,7,-100,0,89,0.6853932584269663,1.0968519779069759,0.00046533688576207204,0.0027986448666961206,18.15730337078652,0.028641622280375367,0.42766625964031,0.8287238944327647,-0.1991598819023398,2.1473514422448834,0.2282051282051282,102864.16222803754
3,-85,-40,7,-100,50,89,0.6853932584269663,1.0905743568047788,0.0004376802848689482,0.0027986448666961206,18.191011235955056,0.026087471587741273,0.38360984580231405,0.7934100339989181,-0.1991598819023398,1.9261401550259067,0.23012820512820512,102608.74715877412
7,-80,-50,5,-100,0,94,0.6702127659574468,1.0731336840373566,0.0003701098249986595,0.003072883192590581,22.26595744680851,0.021609802464083172,0.30938297608353804,0.7440370253706826,-0.18652755266731835,1.658644911485751,0.2673076923076923,102160.98024640832
7,-80,-50,3,-100,50,67,0.6716417910447762,1.0767549134692924,0.00050545767352321,0.0026890756302520025,25.83582089552239,0.015036345894679837,0.20703666724077174,0.6410389047971141,-0.150608673692727,1.374666293544086,0.16987179487179488,101503.63458946798
5,-85,-40,7,-100,0,82,0.6707317073170732,1.0475365251963977,0.0002356781112092674,0.0025900472571271926,22.71951219512195,0.010980807328907716,0.14762238403516448,0.5873806955156651,-0.18257445285713836,0.808559914736136,0.25384615384615383,101098.08073289077
7,-80,-40,7,-100,50,88,0.6590909090909091,1.0447149783204335,0.00023609239385625656,0.002714641264298545,24.045454545454547,0.010458488870750626,0.14016925500991517,0.6030066756602004,-0.22851818863619866,0.6133833628143485,0.2814102564102564,101045.84888707507
3,-85,-50,7,-100,0,93,0.6666666666666666,1.035642922152374,0.000160796592194924,0.002317064055609608,16.978494623655912,0.004340799132491968,0.056129394408876765,0.47966575624036817,-0.17409001963143844,0.32241592325457186,0.20448717948717948,100434.0799132492
3,-85,-50,7,-100,50,93,0.6666666666666666,1.035642922152374,0.000160796592194924,0.002317064055609608,16.978494623655912,0.004340799132491968,0.056129394408876765,0.47966575624036817,-0.17409001963143844,0.32241592325457186,0.20448717948717948,100434.0799132492
3,-80,-40,7,-100,0,94,0.6595744680851063,1.023062922072056,0.00011563191716385806,0.002625855848329639,17.404255319148938,0.00300187640223859,0.03851437904227084,0.4734096329758731,-0.2161042436898789,0.17822129905760214,0.24166666666666667,100300.18764022386
7,-80,-40,7,-100,0,88,0.6590909090909091,1.0294596329048247,0.00015785007827172476,0.002714641264298545,23.96590909090909,0.0030385865821165314,0.038993713410041764,0.5067514778361547,-0.2367262146868634,0.164720723734048,0.27692307692307694,100303.85865821165
7,-85,-50,3,-100,0,60,0.65,1.0435105040474102,0.00027719814744414466,0.002625855848329639,17.533333333333335,0.0013469036707958182,0.01711526190747681,0.417678303065481,-0.1430759243628712,0.11962363328206664,0.1358974358974359,100134.69036707959
3,-80,-40,7,-100,50,93,0.6666666666666666,1.0187967808658025,9.565475404343281e-05,0.0026890756302520025,17.612903225806452,0.0009887332551803407,0.012537818929546196,0.4451017121687287,-0.2161042436898789,0.05801745822048101,0.24294871794871795,100098.87332551804
5,-80,-40,7,-100,0,89,0.651685393258427,1.013112932015522,6.731341860949681e-05,0.0026174584478471097,21.224719101123597,-0.0031851365382977725,-0.039424364789888755,0.39893082331311513,-0.2079315908337026,-0.18960257376869286,0.2705128205128205,99681.48634617022
5,-85,-40,7,-100,50,81,0.6666666666666666,1.009937765367285,5.09290946304091e-05,0.0025626360664072756,23.08641975308642,-0.004357642295432118,-0.05357312389605173,0.3741130746392831,-0.18257445285713836,-0.29343165518327946,0.25833333333333336,99564.23577045678
7,-80,-50,7,-80,50,97,0.6701030927835051,1.0108807236309736,6.072789074897326e-05,0.0026174584478471097,22.175257731958762,-0.006369999672822035,-0.07741002025104482,0.39290802306805844,-0.20223952256427724,-0.38276405753698217,0.3038461538461538,99363.0000327178
7,-80,-50,3,-80,0,108,0.6759259259259259,1.0039434457400864,1.9313198025976503e-05,0.0024083267667898145,17.194444444444443,-0.006120837217007402,-0.07448891066234875,0.37725822414858357,-0.18682807102338994,-0.39870299069256626,0.24871794871794872,99387.91627829926
5,-80,-50,7,-80,0,101,0.6633663366336634,1.0036071443786303,1.9056869812389573e-05,0.0028436861281435633,16.861386138613863,-0.008961737496186006,-0.10729550210547678,0.32545429596029923,-0.16804912884494927,-0.6384769908832619,0.2858974358974359,99103.8262503814
5,-80,-50,7,-80,50,101,0.6633663366336634,1.0036071443786303,1.9056869812389573e-05,0.0028436861281435633,16.861386138613863,-0.008961737496186006,-0.10729550210547678,0.32545429596029923,-0.16804912884494927,-0.6384769908832619,0.2858974358974359,99103.8262503814
7,-80,-50,5,-100,50,91,0.6593406593406593,1.003196902163218,1.7519910151184606e-05,0.0030701128087962104,23.153846153846153,-0.012590732466546961,-0.14764554781749173,0.3014377994469926,-0.20039434568430414,-0.7367750188425404,0.2762820512820513,98740.92675334531
7,-80,-50,7,-80,0,97,0.6701030927835051,0.9981650679068967,-1.037165261698093e-05,0.0026174584478471097,22.103092783505154,-0.013666328611306122,-0.1592781643582305,0.2978730489337728,-0.21072713521376762,-0.755850280964785,0.29935897435897435,98633.36713886939
7,-80,-40,5,-100,0,93,0.6666666666666666,0.9963827142818609,-1.875132416490842e-05,0.0030701128087962104,22.537634408602152,-0.014820407511224043,-0.17159689154957447,0.27323403888314995,-0.21553566515212164,-0.7961415175927572,0.2692307692307692,98517.9592488776
5,-80,-40,7,-100,50,88,0.6477272727272727,0.9802132753327815,-0.0001046528886119497,0.0025900472571271926,21.545454545454547,-0.018308662580692858,-0.207827757335189,0.18948618774623774,-0.2079315908337026,-0.9995006362520611,0.275,98169.13374193071
3,-80,-50,7,-100,0,98,0.6428571428571429,0.9671530180450121,-0.00015526406263757843,0.0021287404121455022,16.306122448979593,-0.02032542897873868,-0.22810354112662823,0.12391080447316562,-0.1915648154053402,-1.190738187719776,0.2173076923076923,97967.45710212614
3,-80,-50,7,-100,50,98,0.6428571428571429,0.9671530180450121,-0.00015526406263757843,0.0021287404121455022,16.306122448979593,-0.02032542897873868,-0.22810354112662823,0.12391080447316562,-0.1915648154053402,-1.190738187719776,0.2173076923076923,97967.45710212614
7,-85,-50,5,-100,0,83,0.6626506024096386,0.971048240651494,-0.000143270324870542,0.0030701128087962104,22.265060240963855,-0.018576069235800796,-0.21054406780510637,0.17363179461715744,-0.16502019151504033,-1.2758685217373347,0.24423076923076922,98142.39307641992
7,-80,-40,3,-100,50,66,0.6666666666666666,0.9940381838021936,-4.0432311684172756e-05,0.002625855848329639,26.272727272727273,-0.021159457164688922,-0.2363480009899579,0.13968394314234492,-0.18089763949350846,-1.3065289389718062,0.1717948717948718,97884.0542835311
5,-80,-50,5,-100,50,104,0.6538461538461539,0.9697757888832964,-0.00015623480621867705,0.003119588872525725,16.432692307692307,-0.029604762078639935,-0.31538313859941647,0.044221236925419835,-0.200008526466102,-1.5768484682720187,0.2903846153846154,97039.52379213601
5,-80,-50,5,-100,0,106,0.6509433962264151,0.961223117899489,-0.000194351357437118,0.003072883192590581,16.037735849056602,-0.03369476182075948,-0.3508870131607503,-0.015600525359544063,-0.21249411855399314,-1.6512787061990735,0.2846153846153846,96630.52381792406
7,-80,-40,7,-80,50,95,0.6736842105263158,0.9454301554935121,-0.0003176919485058301,0.0028118240807499806,22.71578947368421,-0.04140404003866249,-0.413240587229034,-0.05898914228344298,-0.2306873522864339,-1.7913447925655333,0.30833333333333335,95859.59599613375
7,-80,-40,5,-100,50,90,0.6555555555555556,0.9371622090263858,-0.00035265336463940415,0.0029409684447730955,23.455555555555556,-0.044805967927116996,-0.4389607271423219,-0.12199339296780168,-0.22890797369952387,-1.9176296921771885,0.27884615384615385,95519.4032072883
7,-80,-40,3,-80,0,107,0.6728971962616822,0.9356490711349925,-0.00032194739542434594,0.002406678331875245,17.38317757009346,-0.04156218331894879,-0.414459881244287,-0.0950126042064277,-0.2158254671399804,-1.92034743043311,0.25064102564102564,95843.78166810512
7,-80,-40,7,-80,0,95,0.6736842105263158,0.9337859785357289,-0.0003902883243636991,0.0028118240807499806,22.642105263157895,-0.048443110357267116,-0.4653080334569252,-0.15354655800548828,-0.23887229995535697,-1.947936338972275,0.3038461538461538,95155.68896427329
7,-85,-50,7,-100,50,79,0.620253164556962,0.9264109646671187,-0.0003847535701186211,0.0021523178807947296,23.569620253164558,-0.0374146237689984,-0.3816977538027472,-0.09677175988200187,-0.19022627210040055,-2.0065459391502394,0.2532051282051282,96258.53762310016
5,-85,-50,7,-80,0,89,0.651685393258427,0.9538680672219103,-0.00024838566865770364,0.0025626360664072756,18.752808988764045,-0.03116614873625323,-0.3291427691127462,-0.0002598716328499052,-0.15094543905106572,-2.1805413345506603,0.2641025641025641,96883.38512637468
5,-85,-50,7,-80,50,89,0.651685393258427,0.9538680672219103,-0.00024838566865770364,0.0025626360664072756,18.752808988764045,-0.03116614873625323,-0.3291427691127462,-0.0002598716328499052,-0.15094543905106572,-2.1805413345506603,0.2641025641025641,96883.38512637468
7,-85,-50,7,-100,0,79,0.620253164556962,0.9112211828974294,-0.0004719095672254413,0.0021523178807947296,23.481012658227847,-0.04448298878821266,-0.43656422591340005,-0.20053696095374102,-0.1988416973195566,-2.1955366092646145,0.24871794871794872,95551.70112117873
7,-85,-50,5,-100,50,81,0.654320987654321,0.9092087523905301,-0.00048615844301127094,0.0026174584478471097,22.97530864197531,-0.04602951626024643,-0.4479545767986155,-0.2144738126599994,-0.1792536080438839,-2.4989989417058185,0.25256410256410255,95397.04837397535
7,-80,-50,3,-80,50,103,0.6699029126213593,0.906678835489733,-0.0005060570463738556,0.002409975201704384,20.24271844660194,-0.06501795806701471,-0.5715647211530126,-0.4232731674277277,-0.21837381382026344,-2.6173684067424374,0.2621794871794872,93498.20419329853
3,-80,-40,7,-80,0,100,0.66,0.8923720137453734,-0.0006010403874855696,0.00248630563405583,16.77,-0.06729061572052286,-0.5845110760355305,-0.5118745583220605,-0.2087571520250262,-2.7999571289680087,0.26794871794871794,93270.93842794771
5,-80,-40,5,-100,0,102,0.6568627450980392,0.8589002025233448,-0.0007300635168467634,0.003072883192590581,18.84313725490196,-0.08359639025320631,-0.6673502886682481,-0.7198641342927153,-0.23752829067148618,-2.80956128123377,0.2923076923076923,91640.36097467937
5,-80,-40,7,-80,0,95,0.6526315789473685,0.8886488684347894,-0.0006404876259540208,0.0025626360664072756,20.305263157894736,-0.0693105664561372,-0.5957145181625397,-0.5094407868628084,-0.2115949501187776,-2.8153531916907224,0.29615384615384616,93068.94335438628
7,-80,-40,5,-80,50,95,0.6210526315789474,0.7276833303588621,-0.0018527838807974126,0.002404796082073668,24.74736842105263,-0.17890910564140539,-0.9167014053759172,-1.8091136939113779,-0.3219781503500836,-2.8470919668902903,0.2980769230769231,82109.08943585947
3,-80,-40,7,-80,50,99,0.6666666666666666,0.8892295205845198,-0.0006270459276355593,0.0025626360664072756,16.95959595959596,-0.06916267353949157,-0.5949037804865633,-0.5394061806992547,-0.2087571520250262,-2.8497408338625214,0.2692307692307692,93083.73264605085
7,-80,-40,5,-80,0,98,0.6326530612244898,0.7386219750574007,-0.0016625853293636248,0.0024057372069744565,23.8265306122449,-0.16718558288625296,-0.9003985592136272,-1.6597021194503248,-0.3102198685028458,-2.9024529072204395,0.2878205128205128,83281.4417113747
5,-80,-40,5,-80,50,101,0.6138613861386139,0.5996650199415844,-0.0028510437068644673,0.002409975201704384,21.633663366336634,-0.26568478719323874,-0.9796278966408831,-3.2376712621229577,-0.33321754328551545,-2.9399049251182277,0.3262820512820513,73431.52128067613
7,-80,-50,5,-80,50,96,0.625,0.7770512345567389,-0.0014862641045255212,0.002407385641889026,24.447916666666668,-0.15121668336057437,-0.8734492727634886,-1.4336248669680223,-0.29690609390584355,-2.9418367985417015,0.2955128205128205,84878.33166394256
7,-80,-50,5,-80,0,99,0.6363636363636364,0.7951315190687961,-0.0012767592482871187,0.002406678331875245,23.555555555555557,-0.13638956932970703,-0.8425688778461731,-1.2428341876748084,-0.284713011459903,-2.959362038024857,0.2858974358974359,86361.0430670293
7,-80,-40,3,-80,50,102,0.6666666666666666,0.8430632513901986,-0.0008691967889580157,0.0024083267667898145,20.470588235294116,-0.09835905564517411,-0.7289432326146033,-0.8858648073978025,-0.2462463009636382,-2.9602200307660347,0.2641025641025641,90164.09443548259
5,-80,-40,5,-80,0,105,0.6190476190476191,0.628148267665234,-0.002462377121764808,0.002404796082073668,20.6,-0.2431112917310546,-0.9701581423387131,-2.892702959676288,-0.3216541754369854,-3.0161528014386834,0.3121794871794872,75688.87082689453
7,-85,-40,5,-100,0,82,0.6463414634146342,0.8168764834742046,-0.0009994976459865783,0.0025900472571271926,22.585365853658537,-0.08521214702024138,-0.6746698666878402,-0.7780801137954558,-0.22171310241982745,-3.0429860000349063,0.2467948717948718,91478.78529797586
7,-85,-40,7,-100,0,77,0.6103896103896104,0.7631162349240429,-0.0014215051427019546,0.002032959972159576,24.181818181818183,-0.11130425771047259,-0.7741215126500091,-1.1755428641919738,-0.25323821782572986,-3.0568905408374567,0.2532051282051282,88869.57422895274
3,-85,-40,7,-80,0,91,0.6593406593406593,0.8546278366486659,-0.0008233922221122404,0.002409975201704384,18.054945054945055,-0.08536335257701688,-0.6753472025720599,-0.7974143585628023,-0.22064626611029936,-3.060768779266172,0.2455128205128205,91463.66474229831
7,-85,-40,7,-100,50,77,0.6103896103896104,0.7746595724806608,-0.0013320853534624895,0.002032959972159576,24.272727272727273,-0.10473019798801997,-0.7521258277883596,-1.072857451729988,-0.24520775709241294,-3.0673003036559785,0.25769230769230766,89526.980201198
5,-85,-40,5,-80,50,92,0.5978260869565217,0.5414498700048997,-0.0033735707992172933,0.001995592257620249,23.380434782608695,-0.27846580639988605,-0.9836735570811457,-3.509300861617599,-0.31950947386091777,-3.078699185956965,0.3038461538461538,72153.4193600114
5,-80,-40,5,-100,50,98,0.6530612244897959,0.8117371364931167,-0.00105992138088139,0.003072883192590581,19.836734693877553,-0.11092726796369434,-0.7729104408127291,-1.1123764436224135,-0.2505257036868058,-3.0851542553852336,0.30641025641025643,88907.27320363057
5,-80,-50,5,-80,0,109,0.6146788990825688,0.6894505742014778,-0.0019908003859597984,0.002409975201704384,17.81651376146789,-0.21157741709401845,-0.9500736642108697,-2.4161141501071324,-0.30737064141987924,-3.0909707570705662,0.30512820512820515,78842.25829059815
7,-85,-50,3,-100,50,56,0.6428571428571429,0.9017542195092342,-0.0007128334059620794,0.002483716074240472,22.821428571428573,-0.05135451688609527,-0.48557195602982517,-0.39199542863972364,-0.15694514628830714,-3.093895972659345,0.14807692307692308,94864.54831139048
3,-85,-40,7,-80,50,91,0.6593406593406593,0.8505659304225605,-0.0008504409856230977,0.002409975201704384,18.087912087912088,-0.08763442519932185,-0.6853656770583549,-0.8318256242056977,-0.22064626611029936,-3.1061739187362725,0.24743589743589745,91236.55748006782
5,-85,-40,7,-80,0,85,0.6470588235294118,0.8684803339988804,-0.0007613321761256018,0.002404796082073668,22.294117647058822,-0.07175454448319041,-0.6088977386979648,-0.5703784343286481,-0.19538649854713852,-3.1163757128851124,0.2743589743589744,92824.54555168096
3,-80,-40,5,-100,0,104,0.6346153846153846,0.8499587275581343,-0.0007783236882045239,0.002407385641889026,16.096153846153847,-0.08460500664969872,-0.6719370173034623,-0.7685616554113155,-0.21368598157166552,-3.144506777474823,0.266025641025641,91539.49933503012
5,-80,-40,7,-80,50,94,0.648936170212766,0.8629797987226983,-0.0008090071587205189,0.00248630563405583,20.595744680851062,-0.08343084736437112,-0.6665918590013435,-0.7129535749878665,-0.2115949501187776,-3.1503202634427527,0.3006410256410256,91656.91526356289
5,-85,-50,5,-100,0,93,0.6344086021505376,0.8591363967686356,-0.0007426952402850474,0.0025626360664072756,17.913978494623656,-0.0748887937944337,-0.6252251474042541,-0.632008252559947,-0.19749963436602436,-3.165702809583585,0.2621794871794872,92511.12062055663
5,-85,-40,5,-80,0,95,0.6,0.561663964411982,-0.003008271255033414,0.0018856984737227744,22.410526315789475,-0.2598392900912757,-0.9774860432441772,-3.220239103583116,-0.3077083801279501,-3.176663706193906,0.28974358974358977,74016.07099087242
3,-85,-40,3,-80,50,118,0.5932203389830508,0.6215723230772352,-0.002324679631775521,0.001854330198697185,14.567796610169491,-0.251710053623045,-0.9741617503618023,-3.3532449767233,-0.30538110970345467,-3.1899869356941495,0.29423076923076924,74828.9946376955
5,-80,-50,5,-80,50,107,0.616822429906542,0.6984076820448087,-0.001987331009607719,0.0025626360664072756,18.233644859813083,-0.2082403264591336,-0.9473428940689929,-2.356231260905237,-0.29638927881284705,-3.196279223943137,0.3108974358974359,79175.96735408664
7,-85,-40,5,-100,50,80,0.6375,0.7742140643685471,-0.0013280640229331384,0.00248630563405583,23.325,-0.10800436533909785,-0.7633158303281613,-1.1099865016753911,-0.23498010777687883,-3.248427441581371,0.25576923076923075,89199.56346609021
5,-85,-50,5,-80,0,98,0.5918367346938775,0.6109156123616549,-0.00260221414222793,0.0019219615084018482,19.46938775510204,-0.23720615632492725,-0.9670860456990615,-2.8777911581281064,-0.29313119759930417,-3.2991576932763746,0.2826923076923077,76279.38436750727
3,-80,-40,5,-100,50,101,0.6336633663366337,0.79606371898022,-0.00114748261055524,0.002409975201704384,16.623762376237625,-0.11720162844260384,-0.7923090170582904,-1.2571316075939818,-0.23915275069567477,-3.312983081957166,0.2692307692307692,88279.83715573962
5,-85,-50,5,-100,50,92,0.6304347826086957,0.8636487465398853,-0.0007412361863105022,0.0025900472571271926,18.27173913043478,-0.0742023531523498,-0.6217038739674217,-0.6171000021160304,-0.1847763107036141,-3.3646297601679604,0.2717948717948718,92579.76468476502
5,-85,-50,5,-80,50,96,0.59375,0.620378965019032,-0.0026203094207813914,0.001995592257620249,19.979166666666668,-0.23465764947988788,-0.9656723789101892,-2.8268736301303985,-0.28192407428204624,-3.4252923641565225,0.28910256410256413,76534.23505201121
3,-80,-40,3,-100,50,79,0.569620253164557,0.5421652342078614,-0.0035603537413266928,0.0010810910642777838,14.531645569620252,-0.25604283530145,-0.9759859305257177,-3.7096678251229327,-0.2829994135169218,-3.4487206824807046,0.19743589743589743,74395.716469855
5,-85,-40,7,-80,50,84,0.6428571428571429,0.8403673037648676,-0.0009513521836282494,0.002278556981434199,22.642857142857142,-0.08583774572227632,-0.6774638621984777,-0.777327481881257,-0.19538649854713852,-3.4673013091282465,0.27884615384615385,91416.22542777237
5,-85,-40,5,-100,0,90,0.6444444444444445,0.7696217718809939,-0.0012461368861188353,0.00248630563405583,20.977777777777778,-0.1132273773662501,-0.780207484600922,-1.1927447044141875,-0.22301046895273657,-3.4985240301264704,0.26987179487179486,88677.26226337499
5,-80,-40,3,-80,50,112,0.625,0.6610126231718884,-0.002040843016600406,0.002407385641889026,17.196428571428573,-0.21641175431892512,-0.9537989647341298,-2.810456061851922,-0.27165637873938586,-3.5110493968895864,0.2948717948717949,78358.82456810749
3,-85,-40,3,-80,0,121,0.6033057851239669,0.6653706814460445,-0.0018975238649223294,0.0018737980120733244,14.115702479338843,-0.21639809847324698,-0.9537888121791033,-2.7973771091659514,-0.270382816026964,-3.5275496653011644,0.28717948717948716,78360.1901526753
3,-85,-40,5,-100,0,94,0.6382978723404256,0.7948673289303709,-0.0011062472811349722,0.002218878027116622,17.46808510638298,-0.10975639166736773,-0.7691108020702795,-1.1655989954352088,-0.21662239660676352,-3.5504676068488563,0.24487179487179486,89024.36083326323
3,-85,-40,5,-100,50,93,0.6236559139784946,0.7352187792409643,-0.0015365715026588133,0.002032959972159576,17.78494623655914,-0.14484958525488167,-0.8609450685793804,-1.710244679508081,-0.24199406249974953,-3.5577115392253535,0.25256410256410255,85515.04147451183
5,-85,-40,5,-100,50,88,0.6363636363636364,0.7290850665636804,-0.0015832433794078656,0.00248630563405583,21.761363636363637,-0.13778270404682813,-0.8457410212360199,-1.5580018934845712,-0.23625535885493987,-3.5797749745659844,0.28717948717948716,86221.72959531719
3,-85,-50,3,-80,0,124,0.5887096774193549,0.6207773370195332,-0.002070952875359024,0.0015968354476355584,13.564516129032258,-0.2365338877553762,-0.9667184355619014,-3.1991474171974925,-0.26829031333598197,-3.603255084171722,0.2705128205128205,76346.61122446238
3,-85,-40,5,-80,50,101,0.6138613861386139,0.6756025659583172,-0.0019334385872169283,0.001958224543080922,16.752475247524753,-0.18903143609725104,-0.9287614273519187,-2.4022460329831072,-0.25745493603175074,-3.607471822709116,0.27692307692307694,81096.8563902749
5,-80,-40,3,-100,50,71,0.6338028169014085,0.6066281177758021,-0.0029563338749526735,0.0025626360664072756,21.859154929577464,-0.20021889724333597,-0.9402067518153042,-2.706308309422535,-0.2586678980342507,-3.634802613545843,0.18974358974358974,79978.1102756664
3,-85,-50,3,-80,50,123,0.5853658536585366,0.6240806514539899,-0.002053481890428433,0.0016585978124439293,13.707317073170731,-0.2332332553676607,-0.9648581173380913,-3.1377730434653572,-0.2651269709800158,-3.6392303422454084,0.27307692307692305,76676.67446323393
3,-80,-40,5,-80,50,107,0.616822429906542,0.7200179752436661,-0.0016378586585779013,0.002032959972159576,16.093457943925234,-0.16861468450812978,-0.9025321386093672,-2.04329743097754,-0.24612734164798533,-3.6669316483342227,0.2967948717948718,83138.53154918703
7,-85,-40,7,-80,0,80,0.6125,0.6822110719965244,-0.0021452202355332754,0.0020246756410817746,23.6,-0.16605784989751438,-0.8986846456663322,-1.9800119437905137,-0.24486596774989167,-3.6701084022597086,0.26987179487179486,83394.21501024856
7,-85,-40,3,-100,0,60,0.6333333333333333,0.8798694726172477,-0.0008390665402491153,0.002483716074240472,17.633333333333333,-0.06375642496047962,-0.5642190147194173,-0.5703503796121329,-0.15222432881328685,-3.7064969779664394,0.13974358974358975,93624.35750395204
5,-80,-40,3,-80,0,117,0.6324786324786325,0.735551861148907,-0.0014804298489694736,0.0025626360664072756,14.504273504273504,-0.1662341087859801,-0.8989542995697968,-2.0001918357013246,-0.2422610732208632,-3.7106840468350573,0.28076923076923077,83376.589121402
7,-85,-40,5,-80,50,82,0.5853658536585366,0.6489984912243009,-0.002219128848999682,0.0019521366285372155,22.98780487804878,-0.1734284387031252,-0.9094131337690025,-2.130288439762072,-0.24486596774989167,-3.7139221188053595,0.26794871794871794,82657.15612968749
7,-85,-40,3,-80,50,86,0.627906976744186,0.6309190204657522,-0.0023832630824037375,0.001995592257620249,21.290697674418606,-0.1927457989155088,-0.9327676329050627,-2.5004813286896534,-0.24987722868424156,-3.732903705618404,0.23333333333333334,80725.42010844912
7,-85,-50,3,-80,0,92,0.6521739130434783,0.8498750305000357,-0.0007977695121329231,0.002407385641889026,17.391304347826086,-0.0759810367056043,-0.6307659278984667,-0.6825015166793649,-0.16870768390351676,-3.738809716925515,0.2185897435897436,92401.89632943957
7,-85,-40,7,-80,50,80,0.6125,0.6910214139112728,-0.0020591536883902903,0.0020246756410817746,23.6875,-0.15988882574339713,-0.8888187189385818,-1.8790832156242323,-0.23674547425500558,-3.7543219009171374,0.2743589743589744,84011.11742566028
7,-85,-40,5,-80,0,84,0.5952380952380952,0.681726555606631,-0.0018771696518359794,0.0019521366285372155,22.273809523809526,-0.1523079323360753,-0.8754853892082346,-1.8073113540253765,-0.23177040336915267,-3.7773821699477472,0.258974358974359,84769.20676639247
3,-85,-40,3,-100,50,68,0.6029411764705882,0.569511229695321,-0.003502146964481384,0.0019307612994701184,16.279411764705884,-0.22268334345539043,-0.958250596616141,-3.14302670128928,-0.2528186510871808,-3.7902686075391734,0.17115384615384616,77731.66565446096
5,-85,-40,3,-80,50,98,0.6326530612244898,0.5991532201228713,-0.002460659578983497,0.0019219615084018482,19.153061224489797,-0.2221137943367033,-0.9578632673714922,-2.98854240455092,-0.25266255255479875,-3.7910772992912984,0.26282051282051283,77788.62056632967
3,-80,-40,3,-80,50,142,0.6267605633802817,0.7664450663751651,-0.0012775661708862582,0.002407385641889026,12.556338028169014,-0.17576605453862026,-0.912590674456346,-2.032490563498022,-0.23640973395072773,-3.8602076962133345,0.33589743589743587,82423.39454613798
7,-85,-40,3,-80,0,91,0.6373626373626373,0.7271123460996735,-0.0015765073090425643,0.0022410895142870313,17.626373626373628,-0.13871946969290472,-0.8478408166923115,-1.627660337637069,-0.21960293589773583,-3.860789990016946,0.22115384615384615,86128.05303070953
5,-80,-40,3,-100,0,75,0.64,0.687633346045655,-0.0021285342077513054,0.0026890756302520025,17.653333333333332,-0.15807452581311188,-0.8857531995374985,-2.011501395655398,-0.22874838890165905,-3.8721724065050864,0.17564102564102563,84192.54741868882
3,-85,-40,5,-80,0,103,0.6116504854368932,0.7030694714029228,-0.001653250225357368,0.0018856984737227744,16.349514563106798,-0.16738859122693828,-0.9007042384567642,-2.058988740589527,-0.23260077019814596,-3.872318383509564,0.2717948717948718,83261.14087730617
5,-85,-40,3,-100,50,63,0.6349206349206349,0.5918482379851413,-0.003149622581951035,0.002404796082073668,20.92063492063492,-0.18727468873164532,-0.9267911046901123,-2.5371986715175385,-0.23932636156130904,-3.8724990370636334,0.1737179487179487,81272.53112683547
7,-85,-50,5,-80,0,85,0.611764705882353,0.8089525245862421,-0.0010307633029126805,0.002032959972159576,21.96470588235294,-0.09055932649909326,-0.6978490829185577,-0.8791939731157048,-0.18020388765909234,-3.8725528732140377,0.2564102564102564,90944.06735009067
5,-80,-50,3,-80,0,119,0.6386554621848739,0.7605053218812118,-0.0013218330533782338,0.0025626360664072756,14.193277310924369,-0.15315898593484878,-0.877052353468593,-1.808631951374918,-0.2263058047651203,-3.8755185903378555,0.27564102564102566,84684.10140651512
3,-80,-50,5,-100,0,108,0.6388888888888888,0.7544184224647342,-0.0012638394673282535,0.0019873079265424476,15.12962962962963,-0.13334336493137833,-0.8354224060355122,-1.5659974079183103,-0.2153348433278922,-3.8796434108130256,0.2403846153846154,86665.66350686217
3,-80,-50,5,-100,50,107,0.6355140186915887,0.7525992840414173,-0.0012879961404592677,0.002016391310003973,15.280373831775702,-0.13449186015696613,-0.838151159425442,-1.5844928454614244,-0.2153348433278922,-3.892315551316431,0.24102564102564103,86550.81398430339
5,-80,-50,3,-100,0,76,0.6447368421052632,0.7232306357780504,-0.0018673648977491587,0.002625855848329639,17.30263157894737,-0.14343220253406685,-0.8580110535029587,-1.7940399820333812,-0.2197737060262951,-3.9040660005082723,0.16987179487179488,85656.77974659331
3,-80,-40,3,-80,0,145,0.6344827586206897,0.8084806054641153,-0.000974784289101172,0.002032959972159576,12.206896551724139,-0.14085995881168623,-0.8525404182556866,-1.5284118096737371,-0.21786318924240244,-3.913191674189252,0.32756410256410257,85914.00411883138
5,-80,-50,3,-80,50,116,0.6293103448275862,0.7367363769709856,-0.0014895171749824822,0.00248630563405583,14.689655172413794,-0.17083054250108165,-0.9057572387832171,-2.085085980441382,-0.23142791855622813,-3.91377688756749,0.28717948717948716,82916.94574989183
3,-80,-40,5,-80,0,110,0.6090909090909091,0.7467839421995336,-0.001378471129646616,0.0019160112775771232,15.6,-0.14759148624382423,-0.8664630353424259,-1.719097588763855,-0.2208940231905584,-3.9225282007515214,0.29294871794871796,85240.85137561758
7,-85,-50,7,-80,0,82,0.6219512195121951,0.8003559287500434,-0.0012122499200717463,0.0020926389264771528,22.9390243902439,-0.10335351811570237,-0.7472769728292105,-1.0413350659249752,-0.18985958572722894,-3.935945451302219,0.2653846153846154,89664.64818842977
3,-80,-40,3,-100,0,82,0.5853658536585366,0.598917600195824,-0.0027728588390175477,0.0013578168393829637,13.890243902439025,-0.2136633662909293,-0.951713746491377,-2.9912729847449313,-0.24093113958728252,-3.9501483623979543,0.19166666666666668,78633.66337090707
5,-80,-50,3,-100,50,73,0.6301369863013698,0.6765290700669657,-0.0022843376470610076,0.0025626360664072756,18.19178082191781,-0.16435111786724632,-0.8960390764231183,-2.1381599344910147,-0.22493906449112666,-3.9834747176983347,0.18076923076923077,83564.88821327536
7,-85,-50,7,-80,50,82,0.6219512195121951,0.8115788388194106,-0.0011282825570054196,0.0020926389264771528,23.024390243902438,-0.0967206433967952,-0.7226672097298329,-0.9393812307053666,-0.18114756947172628,-3.9893839693092192,0.26987179487179486,90327.93566032048
5,-85,-40,3,-100,0,66,0.6363636363636364,0.6543005266231497,-0.002428450853347429,0.002625855848329639,16.484848484848484,-0.15766399927615404,-0.8850488469309543,-2.0600376184255773,-0.22085065767794232,-4.0074539792477575,0.15897435897435896,84233.6000723846
3,-80,-50,3,-100,50,83,0.5662650602409639,0.5787306231517675,-0.0027101451658017336,0.0010810910642777838,13.542168674698795,-0.21054079944775805,-0.9492396850699487,-2.9713107875034757,-0.23682494969783496,-4.008191224282256,0.18205128205128204,78945.9200552242
5,-85,-50,3,-100,0,67,0.6417910447761194,0.701539498303081,-0.0020729171991684106,0.0025626360664072756,16.119402985074625,-0.13987692785332517,-0.8503989506885693,-1.785683610091967,-0.2117840727149226,-4.015405595836617,0.15384615384615385,86012.30721466748
3,-80,-50,7,-80,0,104,0.6346153846153846,0.8221753592911997,-0.0009570126348224261,0.0021287404121455022,15.75,-0.10154652795015218,-0.7407799455672188,-1.0723461746425755,-0.1839877270508019,-4.026246518946765,0.24294871794871795,89845.34720498478
3,-80,-50,7,-80,50,104,0.6346153846153846,0.8221753592911997,-0.0009570126348224261,0.0021287404121455022,15.75,-0.10154652795015218,-0.7407799455672188,-1.0723461746425755,-0.1839877270508019,-4.026246518946765,0.24294871794871795,89845.34720498478
5,-85,-40,3,-80,0,101,0.6336633663366337,0.6353238604721388,-0.002102447816425319,0.002032959972159576,16.287128712871286,-0.19669896295125466,-0.9368027551882749,-2.5872020382982117,-0.23253402299470294,-4.028669624872981,0.24743589743589745,80330.10370487453
3,-85,-50,5,-100,0,97,0.6288659793814433,0.6970291453497891,-0.0016255617625541834,0.0018737980120733244,16.556701030927837,-0.1555870802138356,-0.8814237354376908,-1.94864654405698,-0.2182651008453339,-4.038317312405713,0.22179487179487178,84441.29197861644
3,-85,-50,5,-80,50,105,0.6,0.6254422699922553,-0.002115549948171548,0.0016585978124439293,15.714285714285714,-0.20886737504245756,-0.9478662757834712,-2.821111554128735,-0.2342099685745238,-4.0470791296907045,0.25,79113.26249575424
3,-80,-50,3,-100,0,84,0.5714285714285714,0.5853621103791183,-0.0026188121537131593,0.0011308258301082619,13.357142857142858,-0.20660183079483396,-0.9459523616809651,-2.900752809999685,-0.2330171245464766,-4.059583017866523,0.18076923076923077,79339.8169205166
3,-85,-50,7,-80,0,95,0.631578947368421,0.7763872914117481,-0.0012084180332882365,0.001946048713993509,16.894736842105264,-0.11928627255357516,-0.7984085095728728,-1.3763850365619485,-0.1962490233556039,-4.068343861901182,0.22115384615384615,88071.37274464249
3,-85,-50,7,-80,50,95,0.631578947368421,0.7763872914117481,-0.0012084180332882365,0.001946048713993509,16.894736842105264,-0.11928627255357516,-0.7984085095728728,-1.3763850365619485,-0.1962490233556039,-4.068343861901182,0.22115384615384615,88071.37274464249
3,-85,-50,5,-100,50,97,0.6185567010309279,0.6906230909140588,-0.0016750135191865461,0.0018737980120733244,16.628865979381445,-0.1596372997824963,-0.888398300671914,-2.015970908968717,-0.2182651008453339,-4.070271872283637,0.22628205128205128,84036.27002175037
3,-85,-50,5,-80,0,106,0.5943396226415094,0.6097632985021052,-0.0021816726923410833,0.0011745855811501338,15.537735849056604,-0.2160120630932757,-0.9535009597087347,-2.951683323701297,-0.2342099685745238,-4.071137388011468,0.24807692307692308,78398.79369067244
7,-85,-50,5,-80,50,83,0.6024096385542169,0.7609998943011719,-0.0013867744297257326,0.002032959972159576,22.650602409638555,-0.1159991803371695,-0.7887139432505559,-1.2575526246949282,-0.18985958572722894,-4.154196061418254,0.26474358974358975,88400.08196628305
3,-80,-50,5,-80,50,113,0.6106194690265486,0.6704013818309389,-0.0018093009333289853,0.00183222091349311,14.84070796460177,-0.1908426185793326,-0.9307415900706643,-2.485462999529476,-0.22252777003863866,-4.182586244894535,0.26794871794871794,80915.73814206674
3,-80,-50,3,-80,50,148,0.6216216216216216,0.7752212288268994,-0.0011054963109361905,0.002407385641889026,11.824324324324325,-0.15872612442934375,-0.8868630122559604,-1.8392095961245996,-0.21194328995306144,-4.184435432951767,0.31474358974358974,84127.38755706562
3,-85,-40,3,-100,0,71,0.6197183098591549,0.6356899527043777,-0.0025951052509769618,0.0020266602136191914,15.464788732394366,-0.17840355327319257,-0.9160524509273305,-2.407751010884118,-0.2188265936628988,-4.186202579831336,0.16538461538461538,82159.64467268075
7,-85,-40,3,-100,50,56,0.625,0.7587802611189822,-0.0019088312856334294,0.002181510312577295,22.928571428571427,-0.11303142267702349,-0.7795943407270662,-1.3519454433531664,-0.18511247007802578,-4.211463119683204,0.1519230769230769,88696.85773229765
3,-80,-50,5,-80,0,114,0.6052631578947368,0.6545089504438896,-0.001881237796443738,0.001574609452282827,14.692982456140351,-0.19886200379613617,-0.9389150660288164,-2.62703865617553,-0.22252777003863866,-4.219316384044057,0.26666666666666666,80113.79962038639
5,-85,-50,3,-100,50,65,0.6307692307692307,0.6761065694836288,-0.0023324799254229845,0.002404796082073668,16.846153846153847,-0.1477173929322575,-0.8667115083784841,-1.903918861704109,-0.2047175344735449,-4.233694542127689,0.16538461538461538,85228.26070677425
3,-80,-50,3,-80,0,149,0.6241610738255033,0.7647524483995464,-0.0011575467958933475,0.0020266602136191914,11.704697986577182,-0.1662193891855126,-0.8989318057471898,-1.9605276151703717,-0.21194328995306144,-4.241378936536627,0.3108974358974359,83378.06108144874
5,-85,-50,3,-80,0,103,0.6407766990291263,0.6700935976981902,-0.0018705188484754475,0.002077427108940544,15.902912621359222,-0.1811144102439569,-0.9194785951895522,-2.3442268854491104,-0.21637393769221247,-4.249488662989957,0.24294871794871795,81888.5589756043
7,-85,-50,3,-80,50,87,0.6436781609195402,0.7398391900401557,-0.0015504971848284712,0.002077427108940544,21.0,-0.1339428168251111,-0.8368519064058714,-1.577342817121835,-0.19523588296188799,-4.286363212080401,0.23076923076923078,86605.71831748889
5,-85,-50,3,-80,50,101,0.6336633663366337,0.664040973208041,-0.0019409715558477445,0.002032959972159576,16.386138613861387,-0.18562285589002703,-0.9248928043399685,-2.403227232760883,-0.21558468652870344,-4.2901600258923125,0.2551282051282051,81437.7144109973
3,-85,-50,3,-100,0,72,0.6111111111111112,0.6338246089357108,-0.002376728436133582,0.0019307612994701184,14.944444444444445,-0.16627192519578504,-0.8990120677536089,-2.228823756879964,-0.20498163612790066,-4.385817601693158,0.15128205128205127,83372.8074804215
3,-85,-50,3,-100,50,71,0.6056338028169014,0.625949966764245,-0.002480088383820513,0.0020266602136191914,15.183098591549296,-0.1704111189564751,-0.9051544266429847,-2.300453829734623,-0.20498163612790066,-4.415783012280198,0.15256410256410258,82958.88810435249
