trades,win_rate,profit_factor,avg_trade,total_return,annualized_return,sharpe,max_drawdown,calmar,exposure,ending_equity,family,param
38,0.7894736842105263,2.199243823849057,0.007448820060811364,0.3014752650757,22.75476363683616,3.8001702274316638,-0.12035673720079099,189.06098791025232,0.2619047619047619,130147.52650757,RVOL5_min,0.5
33,0.7878787878787878,2.2748265753504717,0.008596938003142408,0.30232129863307167,22.941073655732183,3.836623035271851,-0.12035673720079099,190.60896954575645,0.22344322344322345,130232.12986330717,RVOL5_min,0.75
22,0.7272727272727273,2.7802125855290427,0.013108875728973164,0.30991815683978285,24.675059950538714,4.152298513806726,-0.10747286616741958,229.59339255082566,0.14652014652014653,130991.81568397829,RVOL5_min,1
18,0.7222222222222222,2.6293124526275986,0.014006939526398433,0.26405560162179076,15.727646946554124,3.694979709125434,-0.10725539266462525,146.63735366418908,0.11538461538461539,126405.56016217908,RVOL5_min,1.25
16,0.75,4.3365030724033575,0.019176085054666378,0.33799362596854543,32.1308702294015,4.6662337027302545,-0.09994207072975714,321.49494196776465,0.08791208791208792,133799.36259685454,RVOL5_min,1.5
13,0.7692307692307693,4.151710015441275,0.015299487587588487,0.21143521973382096,9.03313094591012,5.3137586903054865,-0.06312292107650452,143.1038169948129,0.0641025641025641,121143.52197338208,RVOL5_min,2
32,0.71875,1.9246466422937571,0.006776924946547046,0.2185267750637534,9.762443010452417,2.9736475098489885,-0.12035673720079099,81.11255952515351,0.21978021978021978,121852.67750637533,RVOL10_min,0.5
25,0.8,3.084072377090939,0.012899835454753053,0.3553934894812396,37.698363924069284,4.606946921911445,-0.10725539266462525,351.48222376051103,0.15567765567765568,135539.34894812395,RVOL10_min,0.75
20,0.75,2.8439845368117234,0.014267197103768281,0.3062502602634041,23.823978665854202,4.128408253781324,-0.10725539266462525,222.12383055040343,0.13186813186813187,130625.0260263404,RVOL10_min,1
19,0.7368421052631579,2.8068610154841562,0.014869852718389686,0.30248805969016423,22.977954767245276,4.0913979238714555,-0.10786038680939392,213.03423292789498,0.12454212454212454,130248.80596901642,RVOL10_min,1.25
17,0.7058823529411765,2.8059826693063505,0.015464302311515809,0.277845251708138,18.058277131160605,3.8338463380751366,-0.10725539266462525,168.3670786384296,0.10989010989010989,127784.5251708138,RVOL10_min,1.5
16,0.6875,1.9562318748587513,0.008241562077069081,0.13035442145733,3.3626196130345436,2.933901491887728,-0.09928706956333133,33.86764890759174,0.10256410256410256,113035.442145733,RVOL10_min,2
27,0.7037037037037037,2.588762752365523,0.010796006112549128,0.3138052045950299,25.606122855475824,4.141713451812803,-0.10725539266462525,238.73972412317858,0.18315018315018314,131380.520459503,RVOL20_min,0.5
20,0.65,2.584637373746871,0.012484029247374412,0.2610691300436643,15.258663390908314,3.613590516119194,-0.10725539266462525,142.26476647771293,0.13553113553113552,126106.91300436642,RVOL20_min,0.75
18,0.7222222222222222,2.9747187987372947,0.01512861099669316,0.28995144499776027,20.345926173142345,3.9516954169553244,-0.10725539266462525,189.69606718761094,0.11904761904761904,128995.14449977603,RVOL20_min,1
18,0.7777777777777778,3.239191139481045,0.015862463629900965,0.30716973179627116,24.034863857915003,4.141383976784045,-0.10725539266462525,224.090027184639,0.11721611721611722,130716.97317962712,RVOL20_min,1.25
17,0.7647058823529411,3.2890023435060938,0.017169169708168744,0.3153620789479139,25.987644987547473,4.244777720829398,-0.10725539266462525,242.29686118261412,0.10622710622710622,131536.20789479138,RVOL20_min,1.5
14,0.7142857142857143,1.5676389338066137,0.005170066359675992,0.06694996684650434,1.1794571593691292,1.8666767083276556,-0.09928706956333133,11.879262471502392,0.08974358974358974,106694.99668465042,RVOL20_min,2
26,0.7307692307692307,2.6446960035484914,0.01123064153343707,0.3145855972769722,25.796740609821647,4.168348120997311,-0.10997061985853918,234.57847780621145,0.1794871794871795,131458.55972769723,RVOL30_min,0.5
25,0.84,3.939502625007488,0.015707324074345826,0.4534593291424822,88.62113690320813,5.603826997467039,-0.10338887802971064,857.1631551871687,0.1446886446886447,145345.93291424823,RVOL30_min,0.75
18,0.8333333333333334,3.0450798899049847,0.013997424879408502,0.26590921642182064,16.02493554048397,3.8597535969300814,-0.10338887802971064,154.99670608553194,0.11172161172161173,126590.92164218207,RVOL30_min,1
16,0.8125,3.0251675378770324,0.015593777997146306,0.2626948579030337,15.512444327199145,3.84434695672184,-0.10338887802971064,150.03977819298288,0.09523809523809523,126269.48579030337,RVOL30_min,1.25
14,0.7857142857142857,2.7735929294512607,0.015607605723983826,0.2244885715733167,10.412832709642922,3.3999438994484907,-0.10338887802971064,100.71521142390779,0.09157509157509157,122448.85715733167,RVOL30_min,1.5
9,0.7777777777777778,3.464158703411427,0.01609756002431874,0.14871083751861347,4.294858541172008,4.510530625014676,-0.0876302414641078,49.01114580325704,0.04395604395604396,114871.08375186134,RVOL30_min,2
27,0.7407407407407407,2.7576895306915326,0.01155768032276988,0.34106611285303434,33.0571659255297,4.443207488130608,-0.10338887802971064,319.73618976724106,0.1794871794871795,134106.61128530343,RVOL50_min,0.5
19,0.6842105263157895,2.813220705613402,0.01389343077786804,0.27921829479494664,18.3059282233027,3.831008748954444,-0.10338887802971064,177.05896970892908,0.12454212454212454,127921.82947949466,RVOL50_min,0.75
18,0.8333333333333334,3.0689259789871377,0.014160637985284101,0.269602850740293,16.63182483137756,3.9030398345408344,-0.10338887802971064,160.86667297616006,0.10989010989010989,126960.28507402929,RVOL50_min,1
16,0.8125,2.9177971026535103,0.01476702628450146,0.24626063715545787,13.106253605310101,3.6367449020557836,-0.10338887802971064,126.76657156047081,0.10256410256410256,124626.06371554578,RVOL50_min,1.25
15,0.8,2.94550575875422,0.015979074956460924,0.25042280385984705,13.683164206041138,3.701349476407652,-0.10338887802971064,132.3465779569543,0.09340659340659341,125042.2803859847,RVOL50_min,1.5
11,0.7272727272727273,1.7004991947894421,0.007845584921775995,0.08099199145109348,1.5504360175637673,2.244234612724195,-0.09538604378420623,16.254327740768343,0.07509157509157509,108099.19914510935,RVOL50_min,2
41,0.7804878048780488,2.4165227663388076,0.008374397722341866,0.37948008156982316,46.82571942478142,4.424043401459464,-0.12035673720079088,389.05773381561664,0.2765567765567766,137948.0081569823,ATRpct5_min,0.005
36,0.75,2.6627554203815413,0.010085600502475906,0.4074704370090825,59.88912967145833,4.686476613261275,-0.12035673720079088,497.5968197903656,0.23809523809523808,140747.04370090825,ATRpct5_min,0.01
21,0.7142857142857143,2.317580854758333,0.011584744512886005,0.2506984242767003,13.722120637553282,3.284052589002571,-0.12035673720079088,114.01206909307203,0.15934065934065933,125069.84242767002,ATRpct5_min,0.015
16,0.75,2.8043694601603733,0.014170412459931003,0.23375178484971482,11.495171259155374,3.414839125130896,-0.10375539027469072,110.79107532362505,0.12087912087912088,123375.17848497147,ATRpct5_min,0.02
12,0.6666666666666666,2.413238336894305,0.014798277610838665,0.17504038939463729,5.953060112576373,2.7396380816332195,-0.10725539266462514,55.50359720551193,0.09340659340659341,117504.03893946373,ATRpct5_min,0.025
10,0.6,2.173531717084245,0.014745918800391822,0.14043202858510395,3.8538845640988315,2.310469738758377,-0.10725539266462536,35.93184891084649,0.08424908424908426,114043.2028585104,ATRpct5_min,0.03
7,0.5714285714285714,2.6184936368861824,0.027582065639236392,0.19252054518761796,7.303746678750041,3.029367582493195,-0.10725539266462536,68.09677814138422,0.056776556776556776,119252.0545187618,ATRpct5_min,0.04
4,0.5,2.9265758268191715,0.03309768214927694,0.12726468429336113,3.221398393895851,2.27762667074774,-0.10725539266462536,30.034838471654044,0.0347985347985348,112726.46842933612,ATRpct5_min,0.05
40,0.775,2.140776356977141,0.006912806508588073,0.29305482344737577,20.971559558525044,3.704420032808658,-0.12035673720079099,174.24499904428464,0.27472527472527475,129305.48234473757,ATRpct7_min,0.005
32,0.75,2.168979691649829,0.007597382915644227,0.25225318752177905,13.9436528358162,3.342654013698968,-0.12035673720079099,115.85269890254688,0.2271062271062271,125225.3187521779,ATRpct7_min,0.01
20,0.65,1.4569115752962785,0.0045634832648155325,0.0782853504049188,1.4747150595544007,1.4456490680802525,-0.12035673720079099,12.252866718164148,0.1684981684981685,107828.53504049187,ATRpct7_min,0.015
16,0.6875,2.1749340994001582,0.00964092189184381,0.1499412444609418,4.3634444703255335,2.462534054418068,-0.10375539027469083,42.055111149149745,0.12637362637362637,114994.12444609418,ATRpct7_min,0.02
12,0.6666666666666666,1.975942255205828,0.010219270202096084,0.11455577278853513,2.6834838613821046,2.0148590093973566,-0.10375539027469083,25.86356096081005,0.0989010989010989,111455.57727885351,ATRpct7_min,0.025
8,0.625,2.054815191495516,0.015728967688086515,0.1180014836516401,2.822743687411049,2.0860089918208438,-0.10725539266462525,26.317965160385267,0.07142857142857142,111800.148365164,ATRpct7_min,0.03
4,0.5,2.1322165938358615,0.019450957717447592,0.0695859370382026,1.2450782946428016,1.464310569307656,-0.10725539266462525,11.60853793651208,0.03663003663003663,106958.59370382027,ATRpct7_min,0.04
3,0.3333333333333333,4.512862770679245,0.03483930530521843,0.10064740656527915,2.167346670920527,1.9657720370104517,-0.07332070707070704,29.55981683087753,0.029304029304029304,110064.74065652791,ATRpct7_min,0.05
40,0.775,2.140776356977141,0.006912806508588073,0.29305482344737577,20.971559558525044,3.704420032808658,-0.12035673720079099,174.24499904428464,0.27472527472527475,129305.48234473757,ATRpct10_min,0.005
35,0.7714285714285715,2.2765610663110207,0.007585436520115125,0.2804774137757,18.535620997487975,3.6266017254137792,-0.12035673720079099,154.00567868971908,0.23992673992673993,128047.74137757,ATRpct10_min,0.01
22,0.6818181818181818,1.3092857189677611,0.0028082223003843302,0.04864992952642977,0.7701930618392983,1.0682349993863924,-0.12035673720079099,6.399251755673521,0.184981684981685,104864.99295264298,ATRpct10_min,0.015
17,0.6470588235294118,1.198517999544298,0.0022668379298227664,0.024832836467683972,0.3429843364595493,0.7506960736558815,-0.12897089295002107,2.6593933608916154,0.15018315018315018,102483.2836467684,ATRpct10_min,0.02
12,0.75,2.4904189307343008,0.01481634027283659,0.17719749614301628,6.1080740191979555,2.8560587750707938,-0.10375539027469083,58.86994403882942,0.09523809523809523,117719.74961430163,ATRpct10_min,0.025
6,0.6666666666666666,3.0140171016491455,0.02306658855421147,0.1351473968708654,3.5902807699138863,2.4416464321355016,-0.10725539266462525,33.47412825330157,0.045787545787545784,113514.73968708653,ATRpct10_min,0.03
3,0.3333333333333333,4.512862770679245,0.03483930530521843,0.10064740656527915,2.167346670920527,1.9657720370104517,-0.07332070707070704,29.55981683087753,0.029304029304029304,110064.74065652791,ATRpct10_min,0.04
1,1.0,inf,0.014440096888391984,0.014440096888391984,0.18810268532986818,3.3801321598915064,-0.00036720829890768414,512.2506378243838,0.0018315018315018315,101444.0096888392,ATRpct10_min,0.05
40,0.775,2.140776356977141,0.006912806508588073,0.29305482344737577,20.971559558525044,3.704420032808658,-0.12035673720079099,174.24499904428464,0.27472527472527475,129305.48234473757,ATRpct14_min,0.005
37,0.7567567567567568,1.9580678178305166,0.0062763681339403216,0.23784990495520786,12.003379812187173,3.1829918446283085,-0.12035673720079099,99.7316817600493,0.2600732600732601,123784.99049552077,ATRpct14_min,0.01
27,0.7407407407407407,2.061160461696024,0.007850758050932001,0.21427987272443771,9.320057519902823,2.962228329474308,-0.12035673720079099,77.43694068703594,0.2032967032967033,121427.98727244377,ATRpct14_min,0.015
15,0.7333333333333333,1.4320000708681282,0.00497220074220838,0.062352260148361704,1.0691927321041805,1.2551581452850205,-0.12035673720079099,8.883530386175622,0.13003663003663005,106235.22601483617,ATRpct14_min,0.02
9,0.6666666666666666,1.8971785300180963,0.012168860249683826,0.10100553054919903,2.179758537027723,1.7965393543313204,-0.12035673720079099,18.110814464762655,0.08058608058608059,110100.5530549199,ATRpct14_min,0.025
7,0.7142857142857143,2.7146202353492743,0.01683221889361957,0.11292406548647627,2.6191742799564257,2.1176404367276502,-0.10375539027469083,25.24374177594245,0.056776556776556776,111292.40654864763,ATRpct14_min,0.03
2,0.5,42.980093750001124,0.06557340479537649,0.1307273443194834,3.379954414844809,2.489361521857949,-0.04466052275330623,75.68103117634443,0.01282051282051282,113072.73443194834,ATRpct14_min,0.04
0,,inf,,0.0,0.0,,0.0,,0.0,100000.0,ATRpct14_min,0.05
39,0.7692307692307693,2.0766302336514326,0.006691382328119744,0.2732577666285887,17.251816425868174,3.5166444728211452,-0.12035673720079088,143.33901721751567,0.2692307692307692,127325.77666285887,ATRpct20_min,0.005
37,0.7567567567567568,2.0421556164486634,0.006827233083036743,0.262693488849463,15.512229094531602,3.4238852677224902,-0.12035673720079088,128.88542390986044,0.2564102564102564,126269.34888494629,ATRpct20_min,0.01
30,0.8333333333333334,2.4930307193261156,0.008908781919948695,0.28324757402049694,19.049809014813267,3.682152448461802,-0.12035673720079088,158.2778783960595,0.1978021978021978,128324.75740204968,ATRpct20_min,0.015
14,0.7857142857142857,2.1667685283774465,0.010173495831220078,0.13762306164525295,3.712090694259804,2.268353517721033,-0.12035673720079088,30.842400521932824,0.1043956043956044,113762.30616452529,ATRpct20_min,0.02
8,0.625,1.5681850807865714,0.008669885858053353,0.05847844108226896,0.9802848224972804,1.2250714253458799,-0.12035673720079099,8.144827163782885,0.07142857142857142,105847.8441082269,ATRpct20_min,0.025
5,0.4,1.1516215202518256,0.0037017269721705713,0.0065765335440808315,0.08199262062585766,0.475094663059869,-0.12035673720079099,0.6812466217746455,0.06227106227106227,100657.65335440809,ATRpct20_min,0.03
2,1.0,inf,0.01037459517071937,0.020840294262178816,0.2814181897990169,3.5777466133779203,-0.009402957823626101,29.92868787435361,0.01098901098901099,102084.02942621788,ATRpct20_min,0.04
0,,inf,,0.0,0.0,,0.0,,0.0,100000.0,ATRpct20_min,0.05
38,0.7894736842105263,2.114244876517929,0.006980954632506747,0.2787722998424975,18.225163989942388,3.5850477346289438,-0.12035673720079099,151.42620524464178,0.2619047619047619,127877.22998424976,ATRpct30_min,0.005
38,0.7894736842105263,2.114244876517929,0.006980954632506747,0.2787722998424975,18.225163989942388,3.5850477346289438,-0.12035673720079099,151.42620524464178,0.2619047619047619,127877.22998424976,ATRpct30_min,0.01
27,0.8148148148148148,2.4291837522829987,0.009682167037823689,0.27518188498145624,17.586180010112958,3.586619166616651,-0.12035673720079099,146.1171216429202,0.1794871794871795,127518.18849814562,ATRpct30_min,0.015
16,0.8125,2.87306033405762,0.014530316570658335,0.24161307239565355,12.486670271465046,3.3371839990928693,-0.12035673720079099,103.7471649853182,0.11538461538461539,124161.30723956536,ATRpct30_min,0.02
6,0.6666666666666666,1.4172159480086217,0.008188483705694971,0.037637346564964425,0.5591949909774274,0.92765087605799,-0.12035673720079099,4.646146148383228,0.0641025641025641,103763.73465649644,ATRpct30_min,0.025
5,0.8,3.302093198608073,0.029653624274486257,0.1460658796409391,4.15013595155794,2.5686893417952397,-0.10375539027469094,39.99923223815662,0.045787545787545784,114606.58796409391,ATRpct30_min,0.03
2,0.5,2.0847635306019265,0.03493252378160028,0.061217229036356624,1.0427709558466627,1.3382375793360397,-0.10338887802971064,10.085910358239925,0.02564102564102564,106121.72290363567,ATRpct30_min,0.04
0,,inf,,0.0,0.0,,0.0,,0.0,100000.0,ATRpct30_min,0.05
40,0.775,2.140776356977141,0.006912806508588073,0.29305482344737577,20.971559558525044,3.704420032808658,-0.12035673720079099,174.24499904428464,0.27472527472527475,129305.48234473757,ADX5_min,10
40,0.775,2.140776356977141,0.006912806508588073,0.29305482344737577,20.971559558525044,3.704420032808658,-0.12035673720079099,174.24499904428464,0.27472527472527475,129305.48234473757,ADX5_min,15
40,0.775,2.140776356977141,0.006912806508588073,0.29305482344737577,20.971559558525044,3.704420032808658,-0.12035673720079099,174.24499904428464,0.27472527472527475,129305.48234473757,ADX5_min,20
39,0.7692307692307693,2.1193192934688723,0.00695669980810326,0.28637316091603915,19.644849623758063,3.640245829230488,-0.12035673720079099,163.22185264115782,0.2692307692307692,128637.3160916039,ADX5_min,25
38,0.7631578947368421,2.068834912445499,0.006817747538119376,0.27082225378444735,16.83649478527722,3.4893831273761586,-0.12035673720079099,139.88826198560798,0.26373626373626374,127082.22537844474,ADX5_min,30
36,0.75,1.932857751926523,0.006280971238639962,0.23031126339936914,11.082644038741226,3.0985851519346337,-0.12035673720079099,92.08162581087642,0.25274725274725274,123031.1263399369,ADX5_min,35
35,0.7428571428571429,2.0566824658392497,0.0073179651561107424,0.2671264858066813,16.222791772159127,3.484243380174307,-0.12035673720079099,134.78922866689769,0.23443223443223443,126712.64858066813,ADX5_min,40
28,0.6785714285714286,1.5643268870601161,0.004667554888632388,0.12099637414769071,2.9476868706259345,1.9391426107860956,-0.12035673720079099,24.491249423854956,0.1978021978021978,112099.63741476907,ADX5_min,50
0,,inf,,0.0,0.0,,0.0,,0.0,100000.0,ADX5_max,15
0,,inf,,0.0,0.0,,0.0,,0.0,100000.0,ADX5_max,20
2,1.0,inf,0.00413601585025225,0.008281202382875996,0.10422839269233841,1.4401193875154357,-0.017475888220262137,5.964125621465837,0.014652014652014652,100828.12023828759,ADX5_max,25
3,1.0,inf,0.006836305922665116,0.02061942458042787,0.2780890747791147,2.9027190626702906,-0.017475888220262137,15.912729085591701,0.020146520146520148,102061.94245804279,ADX5_max,30
6,1.0,inf,0.011276984668764959,0.069189006135838,1.2350824363677915,5.140769647479305,-0.017475888220262137,70.67351431876264,0.03663003663003663,106918.9006135838,ADX5_max,35
14,1.0,inf,0.010991639598308305,0.16467369989251956,5.250416118724862,7.935788822250416,-0.021134397108853675,248.4298980322152,0.08241758241758242,116467.36998925197,ADX5_max,40
40,0.775,2.140776356977141,0.006912806508588073,0.29305482344737577,20.971559558525044,3.704420032808658,-0.12035673720079099,174.24499904428464,0.27472527472527475,129305.48234473757,ADX7_min,10
40,0.775,2.140776356977141,0.006912806508588073,0.29305482344737577,20.971559558525044,3.704420032808658,-0.12035673720079099,174.24499904428464,0.27472527472527475,129305.48234473757,ADX7_min,15
38,0.7631578947368421,2.045563083013757,0.006525237792844626,0.25712047328606036,14.657084912848624,3.3604650530514433,-0.12035673720079099,121.78034444715985,0.2619047619047619,125712.04732860603,ADX7_min,20
36,0.75,2.0635328888855726,0.00700612889049602,0.2623206468938941,15.453709226427605,3.4176701574196,-0.12035673720079099,128.3992037823874,0.2490842490842491,126232.0646893894,ADX7_min,25
33,0.7272727272727273,2.0254454580488392,0.00714604786112157,0.24219944865199006,12.563442274046176,3.216551687052984,-0.12035673720079099,104.38503540592498,0.23076923076923078,124219.944865199,ADX7_min,30
29,0.6896551724137931,1.710722473648012,0.005611505253655827,0.15659622405352303,4.7487364608690505,2.395361606971998,-0.12035673720079099,39.455510105319156,0.20146520146520147,115659.6224053523,ADX7_min,35
26,0.6538461538461539,1.5189191872662076,0.004354404681744502,0.10179970364491275,2.207442249189701,1.7437526241215604,-0.12035673720079099,18.34082827874461,0.18864468864468864,110179.97036449128,ADX7_min,40
18,0.6111111111111112,1.5636248786859885,0.004911287012432054,0.07901011978203654,1.4947864784259122,1.493408808957843,-0.12035673720079088,12.419632778281146,0.1336996336996337,107901.01197820366,ADX7_min,50
0,,inf,,0.0,0.0,,0.0,,0.0,100000.0,ADX7_max,15
4,0.75,2.5863600690890354,0.005993391718630586,0.02382027849351953,0.3271189069135678,2.3373561337307645,-0.031385789422168964,10.422516461622324,0.0347985347985348,102382.02784935196,ADX7_max,20
6,0.8333333333333334,3.2196728522915206,0.005590731112570413,0.033631882037469696,0.48835685366601944,3.1021764770049534,-0.035218406857478235,13.866523140649173,0.04395604395604396,103363.18820374698,ADX7_max,25
11,0.8181818181818182,1.9722269862456705,0.00437756870999273,0.04776460926160775,0.7523097368000953,3.400063916134525,-0.06194547531109673,12.144708439509362,0.07692307692307693,104776.46092616078,ADX7_max,30
16,0.875,4.039794725908859,0.009409840443458148,0.15829865532938614,4.851293047506508,4.892429228507941,-0.06055734314227479,80.11073134613537,0.10989010989010989,115829.86553293862,ADX7_max,35
21,0.9047619047619048,5.303801545607417,0.010150581613272388,0.23255339119637952,11.350037708413318,6.6958036651980555,-0.05626703844419456,201.71734682055896,0.1282051282051282,123255.33911963795,ADX7_max,40
39,0.7692307692307693,2.0766302336514326,0.006691382328119744,0.2732577666285887,17.251816425868174,3.5166444728211452,-0.12035673720079088,143.33901721751567,0.2692307692307692,127325.77666285887,ADX10_min,10
39,0.7692307692307693,2.147211003930242,0.0068956788360292134,0.2835581923670132,19.10823199386332,3.6206710350728257,-0.12035673720079088,158.7632935079081,0.2619047619047619,128355.81923670133,ADX10_min,15
37,0.7567567567567568,2.109947946792495,0.006840823732277619,0.26361795005533195,15.65815314732825,3.4272935987892152,-0.12035673720079088,130.09785336076192,0.2454212454212454,126361.7950055332,ADX10_min,20
32,0.75,2.126313246051791,0.006814956885988831,0.2230466941396705,10.252313105651266,3.1134841595927467,-0.12035673720079099,85.18271053283328,0.19230769230769232,122304.66941396706,ADX10_min,25
25,0.72,1.6045713793197525,0.004483551214155224,0.10230455103970781,2.225155189389926,1.7746459218989974,-0.12035673720079099,18.487998604329913,0.1684981684981685,110230.45510397077,ADX10_min,30
21,0.7619047619047619,4.7751974779922275,0.01258511334258899,0.2858136985775499,19.537165336812514,4.314580382394395,-0.06312292107650452,309.50984212428335,0.12637362637362637,128581.369857755,ADX10_min,35
17,0.7058823529411765,3.869461041039113,0.011816481054800421,0.2091381246907702,8.806791956121995,3.4546568749369113,-0.06312292107650441,139.51813075076552,0.0989010989010989,120913.81246907702,ADX10_min,40
9,0.7777777777777778,1.42797100966636,0.0026728378597598392,0.022146689091659733,0.30127228521057536,1.2294426929478774,-0.06312292107650441,4.772787445077772,0.054945054945054944,102214.66890916596,ADX10_min,50
2,0.0,0.0,-0.02117158636965355,-0.04193165148674005,-0.40248571296483016,-6.06686724470948,-0.047287632604922414,-8.511437151601735,0.029304029304029304,95806.834851326,ADX10_max,15
7,0.7142857142857143,1.2197296045006332,0.0015456682231755575,0.009538897888322628,0.12090154650668872,0.7499367276022258,-0.06438338698775992,1.8778376249400115,0.0641025641025641,100953.88978883227,ADX10_max,20
12,0.8333333333333334,2.925470233772633,0.007947189119493972,0.09661403094106014,2.0305921777825735,3.7083353785015603,-0.08729174271615692,23.262133560391494,0.09523809523809523,109661.40309410602,ADX10_max,25
17,0.7647058823529411,3.08219167938563,0.010189137962723374,0.18169601510056332,6.441589501219352,4.17546692286721,-0.09214600738627121,69.90633326321506,0.1336996336996337,118169.60151005634,ADX10_max,30
23,0.782608695652174,1.5034259204045957,0.0038415190345563806,0.08286240017543833,1.6039973382930968,1.853248659738357,-0.1520908682556824,10.546309299757505,0.17399267399267399,108286.24001754382,ADX10_max,35
26,0.8076923076923077,1.5568444953207778,0.003758857273372406,0.09306881209116202,1.9148820795082684,2.0160202491865182,-0.1520908682556823,12.590381667682577,0.19597069597069597,109306.8812091162,ADX10_max,40
39,0.7692307692307693,2.147211003930242,0.0068956788360292134,0.2835581923670132,19.10823199386332,3.6206710350728257,-0.12035673720079088,158.7632935079081,0.2619047619047619,128355.81923670133,ADX14_min,10
36,0.7777777777777778,2.187666059593587,0.007498040416173518,0.2848247228579186,19.348067993748476,3.643953113924354,-0.12035673720079088,160.75600289388152,0.2326007326007326,128482.47228579187,ADX14_min,15
34,0.7941176470588235,3.030105331244732,0.009420637519220405,0.35441809001024027,37.36488726399314,4.3892226699613985,-0.12035673720079099,310.45114825319126,0.21428571428571427,135441.80900102403,ADX14_min,20
28,0.75,2.287963380088817,0.007257484597219754,0.20719819228079017,8.619301705298588,3.043537098786408,-0.12035673720079088,71.61461755912364,0.19230769230769232,120719.81922807901,ADX14_min,25
20,0.8,3.0185163317726773,0.009581616073375609,0.197022922678872,7.688589772448392,3.2923030522071457,-0.08285867269471714,92.79161157669132,0.12454212454212454,119702.2922678872,ADX14_min,30
15,0.8666666666666667,4.238776112185775,0.012136415621260761,0.18706250006180936,6.858195200831832,3.2346876940637106,-0.06312292107650441,108.64825460975992,0.08424908424908426,118706.25000618094,ADX14_min,35
12,0.8333333333333334,3.9882219046076557,0.013996916484294528,0.1705096909771271,5.637517348454088,3.0166067714048896,-0.06312292107650452,89.3101468105612,0.06776556776556776,117050.9690977127,ADX14_min,40
10,0.9,18.013681716680818,0.009585172798130214,0.09950309276789882,2.127984135251328,6.87975294178455,-0.016636619718309986,127.90964578635551,0.045787545787545784,109950.30927678989,ADX14_min,50
4,0.75,1.6725362732666436,0.002540894346256234,0.009954156509981216,0.1264570724762184,1.2149425615484262,-0.035218406857478124,3.5906528363978807,0.040293040293040296,100995.41565099813,ADX14_max,15
8,0.625,0.4134824443223594,-0.006432460987764094,-0.052525392324678344,-0.47724883035030086,-2.238157951991504,-0.09538604378420623,-5.003340231092826,0.06776556776556776,94747.46076753216,ADX14_max,20
14,0.7857142857142857,2.4284519319893456,0.00895207530956824,0.12683210690304314,3.2019647874776567,3.1883353872927027,-0.09538604378420623,33.56848298186605,0.09706959706959707,112683.21069030432,ADX14_max,25
23,0.7391304347826086,1.5689211007510893,0.004360993125758612,0.09588014989885241,2.006299484864664,2.069990852058666,-0.1520908682556824,13.191452635353764,0.17032967032967034,109588.01498988524,ADX14_max,30
25,0.72,1.4455572614010952,0.0033181754554669585,0.0769420639647671,1.4379057150465013,1.7187458193082572,-0.1520908682556823,9.45425410175985,0.19230769230769232,107694.20639647671,ADX14_max,35
27,0.7407407407407407,1.4995182762766506,0.0034444782587087293,0.08778062791234831,1.7497956642055348,1.9067260619796476,-0.1520908682556823,11.50493572871138,0.20146520146520147,108778.06279123483,ADX14_max,40
36,0.7777777777777778,2.0547061200017933,0.006975040469161676,0.26088074564606467,15.229488398196274,3.4099066083042007,-0.12035673720079099,126.53623513230455,0.25274725274725274,126088.07456460646,ADX20_min,10
30,0.7666666666666667,2.055615095982261,0.007845502653269146,0.2414885976821719,12.470424622867359,3.2313851766104094,-0.12035673720079099,103.61218584766856,0.19963369963369965,124148.85976821718,ADX20_min,15
28,0.8214285714285714,2.1488497837915714,0.008550059212126556,0.2467834858386635,13.177565269838711,3.3052121665008354,-0.12035673720079099,109.48755820668848,0.19230769230769232,124678.34858386635,ADX20_min,20
23,0.782608695652174,1.7170725202012946,0.006496794810171161,0.14143942230075512,3.905682439830259,2.2238154286716507,-0.12035673720079099,32.450883354493186,0.163003663003663,114143.94223007551,ADX20_min,25
18,0.8333333333333334,4.64926153410402,0.01202885104675898,0.22823769794273563,10.840087901176435,3.622204997960734,-0.08106608887308919,133.71914263862956,0.10256410256410256,122823.76979427357,ADX20_min,30
16,0.875,5.085970902042411,0.014354103033218567,0.2440077581504394,12.802727482824729,3.8669699559758315,-0.08106608887308908,157.92950740312276,0.09157509157509157,124400.77581504395,ADX20_min,35
13,0.8461538461538461,1.7103851560690089,0.0030715055055671866,0.03839298565926397,0.5729003472996561,1.5626531390563279,-0.08106608887308908,7.067077680243652,0.07875457875457875,103839.2985659264,ADX20_min,40
10,0.9,1.3734526400576,0.001888719505583114,0.01698603474631888,0.2244496594247214,0.8043180593594796,-0.08106608887308919,2.7687244141764684,0.06227106227106227,101698.60347463189,ADX20_min,50
8,0.875,2.979260236700557,0.0037388995546477483,0.0300314495275531,0.42721291482568824,2.6685679843677903,-0.035218406857478346,12.13038728737876,0.06227106227106227,103003.1449527553,ADX20_max,15
11,0.7272727272727273,2.2295577662704438,0.003319068292800517,0.036565071776414326,0.539934536961018,2.4521348850036953,-0.046553447675592885,11.598164344852503,0.07509157509157509,103656.50717764143,ADX20_max,20
16,0.8125,5.379543652635424,0.008127721486776027,0.13621677245230712,3.6425385080372434,4.690404112648437,-0.04034962503655515,90.27440787212394,0.1043956043956044,113621.6772452307,ADX20_max,25
21,0.7142857142857143,1.250911229875235,0.002172996831000685,0.037891433353373305,0.5637912073355771,1.0532812801545772,-0.16997970963211573,3.316814745452743,0.1684981684981685,103789.14333533733,ADX20_max,30
24,0.75,1.4616715846120676,0.0034984864147807973,0.07815329148251093,1.4710738679713296,1.8202354177189244,-0.15799413621987224,9.310939653634438,0.17765567765567766,107815.3291482511,ADX20_max,35
25,0.76,2.2390616707954853,0.009013868178515318,0.23149165826714357,11.222747628575426,3.2451047603362526,-0.12035673720079099,93.24569516912486,0.18315018315018314,123149.16582671436,ADX20_max,40
35,0.8285714285714286,3.3373236985161108,0.010557654610905343,0.42703816600258726,70.88321252026135,7.3369642641109305,-0.0957558273880551,740.2495958079263,0.21428571428571427,142703.81660025872,Gap_down,0
4,0.5,1.2130539443527826,0.002923467852717798,0.008295225438186282,0.10441303471972674,0.4934966345795704,-0.06312292107650441,1.654122352689906,0.03296703296703297,100829.52254381863,Gap_down,-0.0025
4,0.5,1.2130539443527826,0.002923467852717798,0.008295225438186282,0.10441303471972674,0.4934966345795704,-0.06312292107650441,1.654122352689906,0.03296703296703297,100829.52254381863,Gap_down,-0.005
4,0.5,1.2130539443527826,0.002923467852717798,0.008295225438186282,0.10441303471972674,0.4934966345795704,-0.06312292107650441,1.654122352689906,0.03296703296703297,100829.52254381863,Gap_down,-0.01
4,0.5,1.2130539443527826,0.002923467852717798,0.008295225438186282,0.10441303471972674,0.4934966345795704,-0.06312292107650441,1.654122352689906,0.03296703296703297,100829.52254381863,Gap_down,-0.015
4,0.5,1.2130539443527826,0.002923467852717798,0.008295225438186282,0.10441303471972674,0.4934966345795704,-0.06312292107650441,1.654122352689906,0.03296703296703297,100829.52254381863,Gap_down,-0.02
4,0.5,1.2130539443527826,0.002923467852717798,0.008295225438186282,0.10441303471972674,0.4934966345795704,-0.06312292107650441,1.654122352689906,0.03296703296703297,100829.52254381863,Gap_down,-0.03
22,0.6363636363636364,1.2842709408546062,0.0028165916908519106,0.04847150390403443,0.7665754870586117,1.0717313050100143,-0.13351464270301017,5.741508732969322,0.17399267399267399,104847.15039040343,CLV_low,-0.8
31,0.7096774193548387,1.7115315787336294,0.005443298920620526,0.16256718862481367,5.115854391292608,2.4592110133549197,-0.12035673720079099,42.505758383577934,0.2271062271062271,116256.71886248136,CLV_low,-0.6
34,0.7352941176470589,2.2119406241973176,0.008453413732487891,0.3049214498960986,23.522086316034457,3.7577707183404256,-0.12035673720079088,195.43639070900213,0.24358974358974358,130492.14498960986,CLV_low,-0.4
38,0.7631578947368421,2.3068055779186865,0.008335684405434404,0.3433374190461731,33.757119115898476,4.105541077692073,-0.12035673720079088,280.47552551696003,0.26373626373626374,134333.74190461732,CLV_low,-0.2
41,0.7804878048780488,2.4573261790987844,0.008615625053805169,0.39291469574680904,52.73573885675891,4.546412450636221,-0.12035673720079088,438.1619183376498,0.27472527472527475,139291.4695746809,CLV_low,0
41,0.7804878048780488,2.4165227663388076,0.008374397722341866,0.37948008156982316,46.82571942478142,4.424043401459464,-0.12035673720079088,389.05773381561664,0.2765567765567766,137948.0081569823,CLV_low,0.2
38,0.8157894736842105,3.074505672874182,0.009424814572362777,0.4060651568017992,59.162266738094004,4.860167979362755,-0.12035673720079099,491.55758218498124,0.2490842490842491,140606.51568017993,SOXL_distEMA5_min,-0.05
41,0.7804878048780488,2.4165227663388076,0.008374397722341866,0.37948008156982316,46.82571942478142,4.424043401459464,-0.12035673720079088,389.05773381561664,0.2765567765567766,137948.0081569823,QQQ_distEMA5_min,-0.05
37,0.8108108108108109,3.14853236037004,0.007329449715837809,0.30131574479689527,22.719784044312394,5.312771413409819,-0.12035673720079099,188.7703553014154,0.2326007326007326,130131.57447968953,SOXL_distEMA5_min,-0.03
41,0.7804878048780488,2.4165227663388076,0.008374397722341866,0.37948008156982316,46.82571942478142,4.424043401459464,-0.12035673720079088,389.05773381561664,0.2765567765567766,137948.0081569823,QQQ_distEMA5_min,-0.03
32,0.8125,2.7607638849901344,0.006492888197926521,0.2236477784055022,10.318976607984528,4.488941483526928,-0.12035673720079099,85.73659313121286,0.20512820512820512,122364.77784055022,SOXL_distEMA5_min,-0.02
41,0.7804878048780488,2.4165227663388076,0.008374397722341866,0.37948008156982316,46.82571942478142,4.424043401459464,-0.12035673720079088,389.05773381561664,0.2765567765567766,137948.0081569823,QQQ_distEMA5_min,-0.02
27,0.8888888888888888,5.517719385204312,0.009351734282689634,0.28165395826097117,18.752511908872048,7.783584724529493,-0.0369339825764351,507.7305668313351,0.152014652014652,128165.39582609713,SOXL_distEMA5_min,-0.01
41,0.8048780487804879,2.489162840564072,0.008647211877444785,0.39497691900320375,53.70000803996555,4.564776780362956,-0.12035673720079088,446.1736774267813,0.27472527472527475,139497.69190032038,QQQ_distEMA5_min,-0.01
0,,inf,,0.0,0.0,,0.0,,0.0,100000.0,SOXL_distEMA5_min,0
7,0.7142857142857143,3.5615519370195727,0.012292657519476027,0.08669257523369378,1.716910969440486,4.250933694390252,-0.036111258185038575,47.54503320385074,0.040293040293040296,108669.25752336938,QQQ_distEMA5_min,0
0,,inf,,0.0,0.0,,0.0,,0.0,100000.0,SOXL_distEMA5_min,0.01
0,,inf,,0.0,0.0,,0.0,,0.0,100000.0,QQQ_distEMA5_min,0.01
0,,inf,,0.0,0.0,,0.0,,0.0,100000.0,SOXL_distEMA5_min,0.02
0,,inf,,0.0,0.0,,0.0,,0.0,100000.0,QQQ_distEMA5_min,0.02
0,,inf,,0.0,0.0,,0.0,,0.0,100000.0,SOXL_distEMA5_min,0.03
0,,inf,,0.0,0.0,,0.0,,0.0,100000.0,QQQ_distEMA5_min,0.03
0,,inf,,0.0,0.0,,0.0,,0.0,100000.0,SOXL_distEMA5_min,0.05
0,,inf,,0.0,0.0,,0.0,,0.0,100000.0,QQQ_distEMA5_min,0.05
37,0.8108108108108109,4.108131381288748,0.010603001886110693,0.4568872960507864,91.19552576255705,5.408110961244274,-0.12035673720079099,757.710186264153,0.23443223443223443,145688.72960507864,SOXL_distEMA10_min,-0.05
40,0.775,2.140776356977141,0.006912806508588073,0.29305482344737577,20.971559558525044,3.704420032808658,-0.12035673720079099,174.24499904428464,0.27472527472527475,129305.48234473757,QQQ_distEMA10_min,-0.05
33,0.8181818181818182,3.0775553621649934,0.007749712976508165,0.2814969016057709,18.723432069164822,5.4733862403587334,-0.12035673720079088,155.5661320224107,0.20695970695970695,128149.6901605771,SOXL_distEMA10_min,-0.03
40,0.775,2.140776356977141,0.006912806508588073,0.29305482344737577,20.971559558525044,3.704420032808658,-0.12035673720079099,174.24499904428464,0.27472527472527475,129305.48234473757,QQQ_distEMA10_min,-0.03
30,0.8333333333333334,2.7089947083672405,0.00654415507656454,0.20985273815900896,8.876697987075023,4.436345472592921,-0.12035673720079088,73.7532288887663,0.19230769230769232,120985.27381590089,SOXL_distEMA10_min,-0.02
40,0.775,2.140776356977141,0.006912806508588073,0.29305482344737577,20.971559558525044,3.704420032808658,-0.12035673720079099,174.24499904428464,0.27472527472527475,129305.48234473757,QQQ_distEMA10_min,-0.02
21,0.8571428571428571,2.303813340957617,0.006387565415987078,0.13746944433413733,3.7044468886320256,3.2280854317709577,-0.12035673720079099,30.778890943611255,0.1391941391941392,113746.94443341372,SOXL_distEMA10_min,-0.01
39,0.8205128205128205,2.862540058665882,0.008954645561507471,0.39231447414361775,52.45802558693129,4.721938680394262,-0.12035673720079088,435.85450060361546,0.2564102564102564,139231.44741436178,QQQ_distEMA10_min,-0.01
3,1.0,inf,0.006953241548067239,0.021002242700988383,0.2838642489924714,7.091497838298258,-0.0015431106538932315,183.9558610241519,0.01282051282051282,102100.22427009883,SOXL_distEMA10_min,0
9,0.6666666666666666,1.1782782878283111,0.0018646157709847591,0.013497732899400816,0.1749018473871522,0.5941247941228205,-0.12035673720079099,1.4531953213002415,0.0641025641025641,101349.77328994007,QQQ_distEMA10_min,0
0,,inf,,0.0,0.0,,0.0,,0.0,100000.0,SOXL_distEMA10_min,0.01
0,,inf,,0.0,0.0,,0.0,,0.0,100000.0,QQQ_distEMA10_min,0.01
0,,inf,,0.0,0.0,,0.0,,0.0,100000.0,SOXL_distEMA10_min,0.02
0,,inf,,0.0,0.0,,0.0,,0.0,100000.0,QQQ_distEMA10_min,0.02
0,,inf,,0.0,0.0,,0.0,,0.0,100000.0,SOXL_distEMA10_min,0.03
0,,inf,,0.0,0.0,,0.0,,0.0,100000.0,QQQ_distEMA10_min,0.03
0,,inf,,0.0,0.0,,0.0,,0.0,100000.0,SOXL_distEMA10_min,0.05
0,,inf,,0.0,0.0,,0.0,,0.0,100000.0,QQQ_distEMA10_min,0.05
35,0.8285714285714286,4.086080049389669,0.010853906970909231,0.43907762765926095,78.52275405494208,5.33898993671615,-0.12035673720079099,652.4167726808901,0.21978021978021978,143907.7627659261,SOXL_distEMA20_min,-0.05
39,0.7692307692307693,2.0766302336514326,0.006691382328119744,0.2732577666285887,17.251816425868174,3.5166444728211452,-0.12035673720079088,143.33901721751567,0.2692307692307692,127325.77666285887,QQQ_distEMA20_min,-0.05
30,0.8666666666666667,3.32730493959654,0.008474762287712633,0.2797480696092536,18.402268116752385,5.463727148388612,-0.12035673720079099,152.89769849818964,0.19230769230769232,127974.80696092536,SOXL_distEMA20_min,-0.03
39,0.7692307692307693,2.0766302336514326,0.006691382328119744,0.2732577666285887,17.251816425868174,3.5166444728211452,-0.12035673720079088,143.33901721751567,0.2692307692307692,127325.77666285887,QQQ_distEMA20_min,-0.03
25,0.84,2.5108911850312143,0.0066021998670924955,0.17285507551416757,5.799185113876838,3.820528431668427,-0.12035673720079099,48.183302810893466,0.163003663003663,117285.50755141675,SOXL_distEMA20_min,-0.02
39,0.7692307692307693,2.0766302336514326,0.006691382328119744,0.2732577666285887,17.251816425868174,3.5166444728211452,-0.12035673720079088,143.33901721751567,0.2692307692307692,127325.77666285887,QQQ_distEMA20_min,-0.02
17,0.8235294117647058,2.0316501837851018,0.006243423195412457,0.10625956893636279,2.367054476783153,2.616995359928979,-0.12035673720079099,19.666987755194786,0.11355311355311355,110625.95689363628,SOXL_distEMA20_min,-0.01
37,0.8108108108108109,2.714278155856972,0.008687342670453034,0.35440470904807553,37.36033085957405,4.379225265115839,-0.12035673720079099,310.41329075950154,0.24725274725274726,135440.47090480756,QQQ_distEMA20_min,-0.01
9,0.8888888888888888,2.9205548851623933,0.007344310568175034,0.06652335907427798,1.169003852920024,4.003097448571328,-0.03693398257643499,31.65117248054057,0.05128205128205128,106652.3359074278,SOXL_distEMA20_min,0
14,0.7857142857142857,1.5425875547615902,0.003648171116810991,0.04864060246049817,0.77000378771402,1.4903613159695457,-0.12035673720079099,6.397679146364891,0.09523809523809523,104864.06024604982,QQQ_distEMA20_min,0
4,1.0,inf,0.013569726694030337,0.05504691275075624,0.9044679045423696,4.958220659311939,-0.005331193916311205,169.65578794181152,0.016483516483516484,105504.69127507562,SOXL_distEMA20_min,0.01
0,,inf,,0.0,0.0,,0.0,,0.0,100000.0,QQQ_distEMA20_min,0.01
2,1.0,inf,0.00745058771070195,0.014954585842342105,0.19536700959861997,6.022444363737764,-0.0015431106538931205,126.60596251197391,0.009157509157509158,101495.45858423422,SOXL_distEMA20_min,0.02
0,,inf,,0.0,0.0,,0.0,,0.0,100000.0,QQQ_distEMA20_min,0.02
0,,inf,,0.0,0.0,,0.0,,0.0,100000.0,SOXL_distEMA20_min,0.03
0,,inf,,0.0,0.0,,0.0,,0.0,100000.0,QQQ_distEMA20_min,0.03
0,,inf,,0.0,0.0,,0.0,,0.0,100000.0,SOXL_distEMA20_min,0.05
0,,inf,,0.0,0.0,,0.0,,0.0,100000.0,QQQ_distEMA20_min,0.05
32,0.8125,2.9001720923825514,0.007309537682389903,0.2539981955618005,14.19592965611749,5.00608289102053,-0.12035673720079099,117.94877450386878,0.20695970695970695,125399.81955618004,SOXL_distEMA30_min,-0.05
38,0.7894736842105263,2.114244876517929,0.006980954632506747,0.2787722998424975,18.225163989942388,3.5850477346289438,-0.12035673720079099,151.42620524464178,0.2619047619047619,127877.22998424976,QQQ_distEMA30_min,-0.05
28,0.8571428571428571,3.1981227733249393,0.008576091444807433,0.2619181979684282,15.390755799368346,5.20427250094635,-0.12035673720079099,127.87614683914178,0.17765567765567766,126191.81979684281,SOXL_distEMA30_min,-0.03
38,0.7894736842105263,2.114244876517929,0.006980954632506747,0.2787722998424975,18.225163989942388,3.5850477346289438,-0.12035673720079099,151.42620524464178,0.2619047619047619,127877.22998424976,QQQ_distEMA30_min,-0.03
22,0.8181818181818182,2.199517077345527,0.005956336750640531,0.13389893913885675,3.529954342147592,3.0773766351089336,-0.12035673720079099,29.329096353439475,0.1446886446886447,113389.89391388567,SOXL_distEMA30_min,-0.02
38,0.7894736842105263,2.114244876517929,0.006980954632506747,0.2787722998424975,18.225163989942388,3.5850477346289438,-0.12035673720079099,151.42620524464178,0.2619047619047619,127877.22998424976,QQQ_distEMA30_min,-0.02
18,0.8333333333333334,2.296056605940229,0.006777739501998287,0.12394592954583783,3.074387738904295,2.900475509423411,-0.12035673720079099,25.543960482871,0.11355311355311355,112394.59295458379,SOXL_distEMA30_min,-0.01
36,0.8055555555555556,2.6825414260934046,0.00876335995032473,0.346392702265649,34.71948072521891,4.305510878957999,-0.12035673720079099,288.47143527409224,0.24175824175824176,134639.2702265649,QQQ_distEMA30_min,-0.01
11,0.8181818181818182,1.213917223476089,0.0017068581713733629,0.01570878619064997,0.20608955886271674,0.6572834178874809,-0.12035673720079099,1.7123225808198654,0.07509157509157509,101570.878619065,SOXL_distEMA30_min,0
15,0.8,1.60664483104795,0.003806945421579577,0.05496368055742695,0.9026624697513368,1.6472532084780633,-0.12035673720079099,7.4998914954418066,0.0989010989010989,105496.3680557427,QQQ_distEMA30_min,0
8,0.875,2.7474243341642763,0.007517530736347186,0.060206069025679376,1.0194936119668396,3.6584246954603588,-0.0369339825764351,27.60313242301968,0.047619047619047616,106020.60690256795,SOXL_distEMA30_min,0.01
0,,inf,,0.0,0.0,,0.0,,0.0,100000.0,QQQ_distEMA30_min,0.01
6,1.0,inf,0.015512826032120267,0.09637282074349351,2.0225879328802954,6.99740989470431,-0.005331193916311205,379.38742514918266,0.023809523809523808,109637.28207434935,SOXL_distEMA30_min,0.02
0,,inf,,0.0,0.0,,0.0,,0.0,100000.0,QQQ_distEMA30_min,0.02
3,1.0,inf,0.016943842694941463,0.05142226204901301,0.8272817463712991,4.772982303148264,-0.0015431106538932315,536.1130417213353,0.01098901098901099,105142.22620490131,SOXL_distEMA30_min,0.03
0,,inf,,0.0,0.0,,0.0,,0.0,100000.0,QQQ_distEMA30_min,0.03
0,,inf,,0.0,0.0,,0.0,,0.0,100000.0,SOXL_distEMA30_min,0.05
0,,inf,,0.0,0.0,,0.0,,0.0,100000.0,QQQ_distEMA30_min,0.05
30,0.8,2.8382043962871366,0.007542572580780346,0.24449479808752184,12.867833486410094,4.887841620948701,-0.12035673720079099,106.91411038289202,0.18681318681318682,124449.47980875219,SOXL_distEMA50_min,-0.05
37,0.7837837837837838,2.0877446739344316,0.0069991130427624225,0.2707549878681108,16.825148061882835,3.507958302666802,-0.12035673720079099,139.7939862212571,0.25274725274725274,127075.49878681109,QQQ_distEMA50_min,-0.05
26,0.8076923076923077,2.7292761277203224,0.00764055870970168,0.21092958483096935,8.982902239855818,4.37900434118398,-0.12035673720079099,74.63564108479989,0.16483516483516483,121092.95848309694,SOXL_distEMA50_min,-0.03
37,0.7837837837837838,2.0877446739344316,0.0069991130427624225,0.2707549878681108,16.825148061882835,3.507958302666802,-0.12035673720079099,139.7939862212571,0.25274725274725274,127075.49878681109,QQQ_distEMA50_min,-0.03
20,0.8,2.5441955069786326,0.008434663819559356,0.17537761624349768,5.977087675413656,3.7674154091688163,-0.12035673720079099,49.66142996583638,0.13553113553113552,117537.76162434976,SOXL_distEMA50_min,-0.02
37,0.7837837837837838,2.0877446739344316,0.0069991130427624225,0.2707549878681108,16.825148061882835,3.507958302666802,-0.12035673720079099,139.7939862212571,0.25274725274725274,127075.49878681109,QQQ_distEMA50_min,-0.02
18,0.8333333333333334,2.296056605940229,0.006777739501998287,0.12394592954583783,3.074387738904295,2.900475509423411,-0.12035673720079099,25.543960482871,0.11355311355311355,112394.59295458379,SOXL_distEMA50_min,-0.01
33,0.8181818181818182,2.94405307879112,0.007251721733195242,0.2607705613675173,15.212446471420176,4.924876434113576,-0.12035673720079099,126.39464001122988,0.20695970695970695,126077.05613675172,QQQ_distEMA50_min,-0.01
16,0.875,1.8238251166054786,0.004519177646533784,0.07110216101139466,1.283639641978521,2.0566392818907357,-0.12035673720079099,10.665291132286402,0.0989010989010989,107110.21610113946,SOXL_distEMA50_min,0
18,0.7777777777777778,1.5668316263158324,0.0031416631007612434,0.054402999360228854,0.8905412591281372,1.6281649078521632,-0.12035673720079099,7.399180800676312,0.11538461538461539,105440.29993602289,QQQ_distEMA50_min,0
12,0.8333333333333334,1.2285148260541612,0.0016713888631456064,0.017006808232255644,0.22475037893243344,0.6879567316737047,-0.12035673720079099,1.8673684926958654,0.08424908424908426,101700.68082322556,SOXL_distEMA50_min,0.01
3,1.0,inf,0.014185008595087792,0.04279716437116576,0.6550031661597298,3.320660499478969,-0.021537265931463323,30.41254949649156,0.014652014652014652,104279.71643711659,QQQ_distEMA50_min,0.01
10,0.8,1.0849180651001291,0.0007453228873014472,0.004309294310546274,0.053054628132803705,0.34119593261639775,-0.12035673720079099,0.44081145240995306,0.07692307692307693,100430.92943105462,SOXL_distEMA50_min,0.02
0,,inf,,0.0,0.0,,0.0,,0.0,100000.0,QQQ_distEMA50_min,0.02
7,0.8571428571428571,2.1212046946320147,0.005512564546796431,0.03783827336800538,0.5628285615932507,2.5644677271609955,-0.0369339825764351,15.238772597254401,0.04395604395604396,103783.82733680053,SOXL_distEMA50_min,0.03
0,,inf,,0.0,0.0,,0.0,,0.0,100000.0,QQQ_distEMA50_min,0.03
3,1.0,inf,0.016943842694941463,0.05142226204901301,0.8272817463712991,4.772982303148264,-0.0015431106538932315,536.1130417213353,0.01098901098901099,105142.22620490131,SOXL_distEMA50_min,0.05
0,,inf,,0.0,0.0,,0.0,,0.0,100000.0,QQQ_distEMA50_min,0.05
5,0.4,1.128658345833768,0.003069600029636055,0.0035727887390273327,0.04380802097957992,0.39354137470986256,-0.10725539266462525,0.4084458589095128,0.05311355311355311,100357.27887390273,QQQ_ret1_down,-0.005
3,0.3333333333333333,0.006738523271274694,-0.018172349138340094,-0.05431917115563012,-0.4890234668786183,-3.2005819362531605,-0.06716307722448245,-7.281135515040968,0.027472527472527472,94568.08288443698,QQQ_ret1_down,-0.01
0,,inf,,0.0,0.0,,0.0,,0.0,100000.0,QQQ_ret1_down,-0.02
0,,inf,,0.0,0.0,,0.0,,0.0,100000.0,QQQ_ret1_down,-0.03
0,,inf,,0.0,0.0,,0.0,,0.0,100000.0,QQQ_ret1_down,-0.05
8,0.625,2.584671064031394,0.0236299592225786,0.18803334254289195,6.93580807572062,2.992750048686062,-0.10725539266462536,64.66628766544217,0.06227106227106227,118803.33425428919,QQQ_ret2_down,-0.005
5,0.6,3.6707979727840865,0.029318366438161325,0.1443525589904222,4.058334352070926,2.5722793215112483,-0.06346695011494141,63.94405820227859,0.03296703296703297,114435.25589904221,QQQ_ret2_down,-0.01
0,,inf,,0.0,0.0,,0.0,,0.0,100000.0,QQQ_ret2_down,-0.02
0,,inf,,0.0,0.0,,0.0,,0.0,100000.0,QQQ_ret2_down,-0.03
0,,inf,,0.0,0.0,,0.0,,0.0,100000.0,QQQ_ret2_down,-0.05
9,0.6666666666666666,2.768944295203663,0.023446902577490086,0.2141492254007915,9.306716662878399,3.318684908201668,-0.10725539266462536,86.77154995813942,0.0695970695970696,121414.92254007916,QQQ_ret3_down,-0.005
6,0.5,2.508217558856661,0.02019188000195249,0.11523959800214922,2.7107452791055415,2.0780751799658863,-0.07332070707070704,36.97107389446513,0.05128205128205128,111523.95980021491,QQQ_ret3_down,-0.01
1,1.0,inf,0.13427083333333334,0.13427083333333334,3.547848093370612,2.608198773750706,-0.04166666666666652,85.14835424089499,0.003663003663003663,113427.08333333334,QQQ_ret3_down,-0.02
0,,inf,,0.0,0.0,,0.0,,0.0,100000.0,QQQ_ret3_down,-0.03
0,,inf,,0.0,0.0,,0.0,,0.0,100000.0,QQQ_ret3_down,-0.05
10,0.7,2.6163503018137146,0.01928187752685766,0.19386251795231502,7.4167846707692,3.0842052433545932,-0.10725539266462536,69.15069244080425,0.07509157509157509,119386.25179523151,QQQ_ret4_down,-0.005
6,0.5,1.9293149961533924,0.016174757311123333,0.08765757021597609,1.7460582216279041,1.675036670470429,-0.0930735879412673,18.759975415686437,0.05311355311355311,108765.75702159762,QQQ_ret4_down,-0.01
2,1.0,inf,0.010656556004512652,0.021412359013282645,0.2900777796709746,2.567610459604713,-0.017206237853723105,16.858873051566427,0.007326007326007326,102141.23590132825,QQQ_ret4_down,-0.02
0,,inf,,0.0,0.0,,0.0,,0.0,100000.0,QQQ_ret4_down,-0.03
0,,inf,,0.0,0.0,,0.0,,0.0,100000.0,QQQ_ret4_down,-0.05
11,0.6363636363636364,2.2813730235171787,0.01398485963821156,0.14918739463229858,4.321327030807975,2.55655880981403,-0.10725539266462525,40.290067692169536,0.08058608058608059,114918.73946322985,QQQ_ret8_down,-0.005
5,0.4,0.14181677947521656,-0.017924047770138986,-0.08819213573925855,-0.6704228140805848,-3.289469539024041,-0.10057599105724879,-6.665833535748844,0.04945054945054945,91180.78642607415,QQQ_ret8_down,-0.01
0,,inf,,0.0,0.0,,0.0,,0.0,100000.0,QQQ_ret8_down,-0.02
0,,inf,,0.0,0.0,,0.0,,0.0,100000.0,QQQ_ret8_down,-0.03
0,,inf,,0.0,0.0,,0.0,,0.0,100000.0,QQQ_ret8_down,-0.05
15,0.8,1.7118537164199232,0.005661262974841345,0.08111006155440603,1.553786988949084,2.5387458430074545,-0.09928706956333133,15.649439506903608,0.09706959706959707,108111.0061554406,QQQ_ret13_down,-0.005
5,0.4,0.15242915730181034,-0.0177023972384468,-0.08719600645309156,-0.6660680632803426,-3.2010294455117814,-0.113378885848885,-5.874709901172423,0.05311355311355311,91280.39935469085,QQQ_ret13_down,-0.01
1,1.0,inf,0.033912949562587835,0.033912949562587835,0.4932296712504265,3.193093790457997,-0.01364829396325462,36.138558605079254,0.005494505494505495,103391.29495625877,QQQ_ret13_down,-0.02
0,,inf,,0.0,0.0,,0.0,,0.0,100000.0,QQQ_ret13_down,-0.03
0,,inf,,0.0,0.0,,0.0,,0.0,100000.0,QQQ_ret13_down,-0.05
16,0.75,5.071710632687202,0.016932193181128756,0.2934832329590489,21.05923411190328,4.188525272552448,-0.08738236795805898,241.00095481517627,0.10989010989010989,129348.32329590489,QQQ_ret26_down,-0.005
9,0.6666666666666666,3.311400613694245,0.014898499356226879,0.1318777393175825,3.4338275866971477,2.4137203838838923,-0.06325825479817515,54.28267974911324,0.054945054945054944,113187.77393175826,QQQ_ret26_down,-0.01
4,0.75,14.053585826608401,0.014072957439392408,0.057113876205582725,0.949810501770862,3.921000093408087,-0.028124121121214984,33.77209540796592,0.018315018315018316,105711.38762055828,QQQ_ret26_down,-0.02
0,,inf,,0.0,0.0,,0.0,,0.0,100000.0,QQQ_ret26_down,-0.03
0,,inf,,0.0,0.0,,0.0,,0.0,100000.0,QQQ_ret26_down,-0.05
