entry_signal_date,entry_date,entry_price,exit_date,exit_price,return,holding_days
2016-09-09,2016-09-12,2.349167,2016-09-13,2.47375,0.05303284100278938,1
2016-11-04,2016-11-07,2.453958,2016-11-08,2.5,0.018762342305777002,1
2017-03-21,2017-03-22,3.475417,2017-03-28,3.550833,0.021699842062117947,6
2017-04-13,2017-04-17,3.539167,2017-04-18,3.559583,0.005768589049344186,1
2017-05-17,2017-05-18,3.96,2017-05-22,4.144167,0.04650681818181823,4
2017-06-27,2017-06-28,4.1725,2017-06-29,4.249583,0.01847405632115029,1
2017-07-03,2017-07-05,3.98875,2017-07-10,4.097917,0.027368724537762512,5
2017-08-10,2017-08-11,4.378333,2017-08-15,4.655833,0.06338028651543892,4
2018-02-02,2018-02-05,6.572917,2018-02-13,5.884583,-0.10472275855605662,8
2018-03-22,2018-03-23,6.341667,2018-03-27,6.662083,0.050525516398133075,4
2018-10-24,2018-10-25,6.38625,2018-11-01,6.58375,0.030925817185359028,7
2018-11-12,2018-11-13,6.18375,2018-11-16,6.095,-0.014352132605619627,3
2018-11-19,2018-11-20,5.215,2018-11-27,5.5775,0.06951102588686475,7
2018-12-07,2018-12-10,5.395,2018-12-27,4.325,-0.19833178869323442,17
2019-01-03,2019-01-04,4.44375,2019-01-07,4.80875,0.08213783403656816,3
2019-05-13,2019-05-14,6.9525,2019-05-16,7.375,0.06076950737144915,2
2019-05-31,2019-06-03,6.2275,2019-06-05,6.53625,0.049578482537133706,2
2019-06-25,2019-06-26,7.6525,2019-07-02,8.02,0.04802352172492652,6
2019-07-19,2019-07-22,8.28,2019-07-24,8.48,0.024154589371980784,2
2019-08-14,2019-08-15,7.1125,2019-08-19,7.68375,0.08031634446397184,4
2019-08-23,2019-08-26,7.18625,2019-08-30,7.739875,0.0770394851278482,4
2020-02-25,2020-02-26,11.16,2020-03-03,11.04625,-0.010192652329749086,6
2020-03-09,2020-03-10,8.4975,2020-03-11,8.2225,-0.032362459546925626,1
2020-03-12,2020-03-13,6.53,2020-03-16,5.0575,-0.22549770290964777,3
2020-03-16,2020-03-17,4.9225,2020-03-25,5.525,0.12239715591670897,8
2020-04-21,2020-04-22,7.62875,2020-04-23,7.90375,0.036047845321972805,1
2020-06-11,2020-06-12,11.0362,2020-06-16,11.67375,0.05776897845272844,4
2020-08-11,2020-08-12,15.1375,2020-08-13,16.01,0.05763831544178388,1
2020-09-08,2020-09-09,16.12875,2020-09-10,17.064938,0.05804467178175621,1
2021-03-03,2021-03-04,20.9925,2021-03-08,20.82,-0.00821722043586992,4
2021-03-18,2021-03-19,21.3125,2021-03-23,23.0125,0.07976539589442821,4
2021-07-16,2021-07-19,30.4525,2021-07-21,31.5775,0.03694277973893767,2
2021-09-28,2021-09-29,31.99,2021-10-06,30.065,-0.060175054704595055,7
2021-12-01,2021-12-02,38.355,2021-12-08,41.9725,0.0943162560292008,6
2021-12-13,2021-12-14,38.53,2021-12-16,41.7525,0.0836361276927069,2
2022-01-19,2022-01-20,33.01,2022-01-31,28.5225,-0.1359436534383519,11
2022-02-11,2022-02-14,26.45,2022-02-16,28.135,0.06370510396975426,2
2022-02-17,2022-02-18,26.295,2022-02-25,24.9975,-0.04934398174557908,7
2022-03-07,2022-03-08,21.195,2022-03-10,22.45,0.05921207832035846,2
2022-03-14,2022-03-15,20.435,2022-03-16,22.58,0.10496696843650599,1
2022-04-11,2022-04-12,25.08,2022-04-14,25.21,0.005183413078150068,2
2022-04-21,2022-04-22,22.525,2022-04-29,20.195,-0.10344062153163147,7
2022-04-29,2022-05-02,18.125,2022-05-04,19.245,0.06179310344827593,2
2022-05-09,2022-05-10,16.3575,2022-05-16,15.565,-0.048448723826990836,6
2022-06-09,2022-06-10,14.1275,2022-06-16,11.495,-0.18633870111484696,6
2022-08-19,2022-08-22,16.945,2022-08-26,17.1725,0.013425789318382897,4
2022-08-26,2022-08-29,14.675,2022-09-08,13.515,-0.07904599659284495,10
2022-09-13,2022-09-14,13.0625,2022-09-20,12.265,-0.06105263157894736,6
2022-09-21,2022-09-22,11.425,2022-09-29,10.6525,-0.06761487964989066,7
2022-09-30,2022-10-03,9.8525,2022-10-04,10.9475,0.11113930474498868,1
2022-10-07,2022-10-10,9.7575,2022-10-14,9.925,0.017166282346912753,4
2022-11-02,2022-11-03,8.8225,2022-11-07,9.08,0.029186738452819494,4
2023-02-21,2023-02-22,11.225,2023-02-24,10.875,-0.031180400890868598,2
2023-03-09,2023-03-10,10.91,2023-03-15,11.085,0.016040329972502265,5
2023-04-12,2023-04-13,13.265,2023-04-14,13.6025,0.02544289483603457,1
2023-04-25,2023-04-26,13.01,2023-04-28,13.82,0.06225980015372801,2
2023-06-26,2023-06-27,18.9225,2023-06-28,19.335,0.021799445105033843,1
2023-07-20,2023-07-21,21.94,2023-07-26,21.66,-0.012762078395624488,5
2023-08-16,2023-08-17,19.125,2023-08-22,19.485,0.018823529411764683,5
2023-10-25,2023-10-26,16.19,2023-10-31,16.16,-0.0018529956763434496,5
2024-01-03,2024-01-04,22.935,2024-01-09,23.83,0.039023326793111046,5
2024-01-31,2024-02-01,26.645,2024-02-02,27.59,0.035466316382060326,1
2024-06-24,2024-06-25,36.395,2024-06-26,36.8,0.011127902184365768,1
2024-07-17,2024-07-18,37.905,2024-07-23,36.865,-0.027437013586598002,5
2024-07-24,2024-07-25,32.78,2024-08-01,34.29,0.046064673581452054,7
2024-09-06,2024-09-09,29.285,2024-09-11,30.59,0.044562062489329035,2
2024-12-18,2024-12-19,42.135,2024-12-24,42.975,0.019935920256318962,5
2025-03-28,2025-03-31,27.36,2025-04-02,28.095,0.026864035087719174,2
2025-04-03,2025-04-04,22.995,2025-04-10,24.34,0.05849097629919542,6
2025-08-01,2025-08-04,42.61,2025-08-05,44.025,0.033208167096925534,1
2025-10-10,2025-10-13,51.03,2025-10-16,52.34,0.025671173819322046,3
2025-11-20,2025-11-21,46.85,2025-11-25,50.64,0.08089647812166478,4
2026-02-12,2026-02-13,48.15,2026-02-19,48.67,0.010799584631360437,6
2026-03-12,2026-03-13,47.35,2026-04-01,42.63,-0.09968321013727555,19
2026-06-05,2026-06-08,76.86,2026-06-12,76.34,-0.006765547749154277,4
2026-06-23,2026-06-24,74.79,2026-06-30,77.24,0.03275839015911197,6
2026-07-29,2026-07-30,61.13,2026-07-31,65.74,0.07541305414690003,1
