symbol,date,issue
QQQ,2016-03-15,INVALID_OHLCV
QQQ,2016-04-05,INVALID_OHLCV
SMH,2016-03-03,INVALID_OHLCV
SMH,2016-03-11,INVALID_OHLCV
SMH,2016-03-15,INVALID_OHLCV
SMH,2016-03-24,INVALID_OHLCV
SMH,2016-04-05,INVALID_OHLCV
SMH,2018-12-19,INVALID_OHLCV
SOXL,2016-03-11,INVALID_OHLCV
SOXL,2016-03-15,INVALID_OHLCV
SOXL,2016-03-24,INVALID_OHLCV
SOXL,2016-04-05,INVALID_OHLCV
SOXL,2016-12-19,INVALID_OHLCV
SOXL,2023-06-05,INVALID_OHLCV
SOXL,2023-12-20,INVALID_OHLCV
SPMO,2016-09-07,MISSING_SESSION
SPMO,2016-09-14,MISSING_SESSION
SPMO,2016-09-15,MISSING_SESSION
SPMO,2016-09-20,MISSING_SESSION
SPMO,2016-09-21,MISSING_SESSION
SPMO,2016-09-23,MISSING_SESSION
SPMO,2016-09-29,MISSING_SESSION
SPMO,2016-09-30,MISSING_SESSION
SPMO,2016-10-05,MISSING_SESSION
SPMO,2016-10-07,MISSING_SESSION
SPMO,2016-10-10,MISSING_SESSION
SPMO,2016-10-11,MISSING_SESSION
SPMO,2016-10-14,MISSING_SESSION
SPMO,2016-10-17,MISSING_SESSION
SPMO,2016-10-18,MISSING_SESSION
SPMO,2016-10-21,MISSING_SESSION
SPMO,2016-10-25,MISSING_SESSION
SPMO,2016-10-26,MISSING_SESSION
SPMO,2016-10-27,MISSING_SESSION
SPMO,2016-10-28,MISSING_SESSION
SPMO,2016-10-31,MISSING_SESSION
SPMO,2016-11-01,MISSING_SESSION
SPMO,2016-11-02,MISSING_SESSION
SPMO,2016-11-03,MISSING_SESSION
SPMO,2016-11-07,MISSING_SESSION
SPMO,2016-11-11,MISSING_SESSION
SPMO,2016-11-14,MISSING_SESSION
SPMO,2016-11-21,MISSING_SESSION
SPMO,2016-11-22,MISSING_SESSION
SPMO,2016-11-25,MISSING_SESSION
SPMO,2016-12-01,MISSING_SESSION
SPMO,2016-12-02,MISSING_SESSION
SPMO,2016-12-05,MISSING_SESSION
SPMO,2016-12-06,MISSING_SESSION
SPMO,2016-12-09,MISSING_SESSION
SPMO,2016-12-13,MISSING_SESSION
SPMO,2016-12-14,MISSING_SESSION
SPMO,2016-12-15,MISSING_SESSION
SPMO,2016-12-16,MISSING_SESSION
SPMO,2016-12-19,MISSING_SESSION
SPMO,2016-12-22,MISSING_SESSION
SPMO,2016-12-27,MISSING_SESSION
SPMO,2017-01-06,MISSING_SESSION
SPMO,2017-01-11,MISSING_SESSION
SPMO,2017-01-12,MISSING_SESSION
SPMO,2017-01-13,MISSING_SESSION
SPMO,2017-01-17,MISSING_SESSION
SPMO,2017-01-19,MISSING_SESSION
SPMO,2017-01-26,MISSING_SESSION
SPMO,2017-01-27,MISSING_SESSION
SPMO,2017-01-30,MISSING_SESSION
SPMO,2017-02-02,MISSING_SESSION
SPMO,2017-02-03,MISSING_SESSION
SPMO,2017-02-06,MISSING_SESSION
SPMO,2017-02-09,MISSING_SESSION
SPMO,2017-02-10,MISSING_SESSION
SPMO,2017-02-16,MISSING_SESSION
SPMO,2017-02-17,MISSING_SESSION
SPMO,2017-02-22,MISSING_SESSION
SPMO,2017-02-27,MISSING_SESSION
SPMO,2017-03-01,MISSING_SESSION
SPMO,2017-03-06,MISSING_SESSION
SPMO,2017-03-08,MISSING_SESSION
SPMO,2017-03-09,MISSING_SESSION
SPMO,2017-03-10,MISSING_SESSION
SPMO,2017-03-13,MISSING_SESSION
SPMO,2017-03-14,MISSING_SESSION
SPMO,2017-03-15,MISSING_SESSION
SPMO,2017-03-17,MISSING_SESSION
SPMO,2017-03-21,MISSING_SESSION
SPMO,2017-03-23,MISSING_SESSION
SPMO,2017-03-24,MISSING_SESSION
SPMO,2017-03-27,MISSING_SESSION
SPMO,2017-03-28,MISSING_SESSION
SPMO,2017-03-29,MISSING_SESSION
SPMO,2017-03-30,MISSING_SESSION
SPMO,2017-03-31,MISSING_SESSION
SPMO,2017-04-05,MISSING_SESSION
SPMO,2017-04-06,MISSING_SESSION
SPMO,2017-04-12,MISSING_SESSION
SPMO,2017-04-17,MISSING_SESSION
SPMO,2017-04-19,MISSING_SESSION
SPMO,2017-04-20,MISSING_SESSION
SPMO,2017-04-21,MISSING_SESSION
SPMO,2017-04-26,MISSING_SESSION
SPMO,2017-04-27,MISSING_SESSION
SPMO,2017-04-28,MISSING_SESSION
SPMO,2017-05-04,MISSING_SESSION
SPMO,2017-05-05,MISSING_SESSION
SPMO,2017-05-10,MISSING_SESSION
SPMO,2017-05-11,MISSING_SESSION
SPMO,2017-05-19,MISSING_SESSION
SPMO,2017-05-26,MISSING_SESSION
SPMO,2017-05-30,MISSING_SESSION
SPMO,2017-06-01,MISSING_SESSION
SPMO,2017-06-02,MISSING_SESSION
SPMO,2017-06-07,MISSING_SESSION
SPMO,2017-06-08,MISSING_SESSION
SPMO,2017-06-12,MISSING_SESSION
SPMO,2017-06-15,MISSING_SESSION
SPMO,2017-06-19,MISSING_SESSION
SPMO,2017-06-20,MISSING_SESSION
SPMO,2017-06-22,MISSING_SESSION
SPMO,2017-06-23,MISSING_SESSION
SPMO,2017-06-27,MISSING_SESSION
SPMO,2017-07-03,MISSING_SESSION
SPMO,2017-07-05,MISSING_SESSION
SPMO,2017-07-10,MISSING_SESSION
SPMO,2017-07-11,MISSING_SESSION
SPMO,2017-07-17,MISSING_SESSION
SPMO,2017-07-18,MISSING_SESSION
SPMO,2017-07-19,MISSING_SESSION
SPMO,2017-07-20,MISSING_SESSION
SPMO,2017-07-21,MISSING_SESSION
SPMO,2017-07-27,MISSING_SESSION
SPMO,2017-07-31,MISSING_SESSION
SPMO,2017-08-01,MISSING_SESSION
SPMO,2017-08-09,MISSING_SESSION
SPMO,2017-08-15,MISSING_SESSION
SPMO,2017-08-16,MISSING_SESSION
SPMO,2017-08-18,MISSING_SESSION
SPMO,2017-08-28,MISSING_SESSION
SPMO,2017-09-12,MISSING_SESSION
SPMO,2017-09-13,MISSING_SESSION
SPMO,2017-09-21,MISSING_SESSION
SPMO,2017-09-22,MISSING_SESSION
SPMO,2017-09-28,MISSING_SESSION
SPMO,2017-09-29,MISSING_SESSION
SPMO,2016-02-26,INVALID_OHLCV
SPMO,2016-03-04,INVALID_OHLCV
SPMO,2016-06-06,INVALID_OHLCV
SPMO,2016-06-07,INVALID_OHLCV
SPMO,2016-06-16,INVALID_OHLCV
SPMO,2016-06-17,INVALID_OHLCV
SPMO,2016-08-08,INVALID_OHLCV
SPMO,2016-08-09,INVALID_OHLCV
SPMO,2016-08-10,INVALID_OHLCV
SPMO,2016-08-11,INVALID_OHLCV
SPMO,2016-08-12,INVALID_OHLCV
SPMO,2016-08-15,INVALID_OHLCV
SPMO,2016-08-16,INVALID_OHLCV
SPMO,2016-08-17,INVALID_OHLCV
SPMO,2016-08-18,INVALID_OHLCV
SPMO,2016-08-19,INVALID_OHLCV
SPMO,2016-08-22,INVALID_OHLCV
SPMO,2016-08-23,INVALID_OHLCV
SPMO,2016-08-24,INVALID_OHLCV
SPMO,2016-08-25,INVALID_OHLCV
SPMO,2016-08-26,INVALID_OHLCV
SPMO,2016-08-29,INVALID_OHLCV
SPMO,2016-08-30,INVALID_OHLCV
SPMO,2016-08-31,INVALID_OHLCV
SPMO,2016-09-01,INVALID_OHLCV
SPMO,2016-09-02,INVALID_OHLCV
SPMO,2016-09-06,INVALID_OHLCV
SPMO,2016-09-19,INVALID_OHLCV
SPMO,2016-09-22,INVALID_OHLCV
SPMO,2016-09-26,INVALID_OHLCV
SPMO,2016-09-27,INVALID_OHLCV
SPMO,2016-10-03,INVALID_OHLCV
SPMO,2016-10-04,INVALID_OHLCV
SPMO,2016-10-12,INVALID_OHLCV
SPMO,2016-10-19,INVALID_OHLCV
SPMO,2016-11-04,INVALID_OHLCV
SPMO,2016-11-10,INVALID_OHLCV
SPMO,2016-11-15,INVALID_OHLCV
SPMO,2016-11-16,INVALID_OHLCV
SPMO,2016-11-29,INVALID_OHLCV
SPMO,2016-12-08,INVALID_OHLCV
SPMO,2016-12-23,INVALID_OHLCV
SPMO,2016-12-28,INVALID_OHLCV
SPMO,2016-12-29,INVALID_OHLCV
SPMO,2017-01-05,INVALID_OHLCV
SPMO,2017-01-23,INVALID_OHLCV
SPMO,2017-01-24,INVALID_OHLCV
SPMO,2017-02-01,INVALID_OHLCV
SPMO,2017-02-08,INVALID_OHLCV
SPMO,2017-02-14,INVALID_OHLCV
SPMO,2017-02-15,INVALID_OHLCV
SPMO,2017-02-24,INVALID_OHLCV
SPMO,2017-03-02,INVALID_OHLCV
SPMO,2017-03-16,INVALID_OHLCV
SPMO,2017-04-04,INVALID_OHLCV
SPMO,2017-04-07,INVALID_OHLCV
SPMO,2017-04-11,INVALID_OHLCV
SPMO,2017-04-13,INVALID_OHLCV
SPMO,2017-04-25,INVALID_OHLCV
SPMO,2017-05-03,INVALID_OHLCV
SPMO,2017-05-16,INVALID_OHLCV
SPMO,2017-05-22,INVALID_OHLCV
SPMO,2017-05-31,INVALID_OHLCV
SPMO,2017-06-06,INVALID_OHLCV
SPMO,2017-06-09,INVALID_OHLCV
SPMO,2017-06-13,INVALID_OHLCV
SPMO,2017-06-16,INVALID_OHLCV
SPMO,2017-06-29,INVALID_OHLCV
SPMO,2017-07-07,INVALID_OHLCV
SPMO,2017-07-25,INVALID_OHLCV
SPMO,2017-07-26,INVALID_OHLCV
SPMO,2017-07-28,INVALID_OHLCV
SPMO,2017-08-03,INVALID_OHLCV
SPMO,2017-08-07,INVALID_OHLCV
SPMO,2017-08-08,INVALID_OHLCV
SPMO,2017-08-11,INVALID_OHLCV
SPMO,2017-08-14,INVALID_OHLCV
SPMO,2017-08-21,INVALID_OHLCV
SPMO,2017-08-22,INVALID_OHLCV
SPMO,2017-08-23,INVALID_OHLCV
SPMO,2017-08-25,INVALID_OHLCV
SPMO,2017-08-29,INVALID_OHLCV
SPMO,2017-08-30,INVALID_OHLCV
SPMO,2017-09-01,INVALID_OHLCV
SPMO,2017-09-06,INVALID_OHLCV
SPMO,2017-09-07,INVALID_OHLCV
SPMO,2017-09-11,INVALID_OHLCV
SPMO,2017-09-14,INVALID_OHLCV
SPMO,2017-09-27,INVALID_OHLCV
SPMO,2017-10-02,INVALID_OHLCV
SPMO,2017-10-03,INVALID_OHLCV
SPMO,2017-10-04,INVALID_OHLCV
SPMO,2017-10-26,INVALID_OHLCV
SPMO,2017-10-27,INVALID_OHLCV
SPMO,2017-11-24,INVALID_OHLCV
SPMO,2018-09-21,INVALID_OHLCV
SPMO,2019-03-15,INVALID_OHLCV
SPMO,2019-06-21,INVALID_OHLCV
SPMO,2020-03-20,INVALID_OHLCV
SPMO,2020-06-19,INVALID_OHLCV
SPMO,2021-05-05,INVALID_OHLCV
SPMO,2021-06-18,INVALID_OHLCV
SPMO,2021-09-17,INVALID_OHLCV
SPMO,2023-03-17,INVALID_OHLCV
SPMO,2023-06-05,INVALID_OHLCV
SPMO,2023-06-16,INVALID_OHLCV
SPMO,2023-09-15,INVALID_OHLCV
SPY,2015-07-08,INVALID_OHLCV
SPY,2016-03-15,INVALID_OHLCV
SPY,2016-04-05,INVALID_OHLCV
SPY,2016-12-15,INVALID_OHLCV
SPY,2017-03-16,INVALID_OHLCV
SPY,2017-09-14,INVALID_OHLCV
SPY,2017-12-04,INVALID_OHLCV
SPY,2017-12-14,INVALID_OHLCV
SPY,2018-03-15,INVALID_OHLCV
SPY,2018-06-14,INVALID_OHLCV
SPY,2019-03-14,INVALID_OHLCV
SPY,2019-09-19,INVALID_OHLCV
SPY,2019-12-19,INVALID_OHLCV
SPY,2020-12-17,INVALID_OHLCV
SPY,2021-03-18,INVALID_OHLCV
SPY,2022-09-15,INVALID_OHLCV
SPY,2022-12-15,INVALID_OHLCV
SPY,2024-12-19,INVALID_OHLCV
SPY,2025-06-18,INVALID_OHLCV
SPY,2025-12-18,INVALID_OHLCV
SPY,2026-06-17,INVALID_OHLCV
TQQQ,2016-04-05,INVALID_OHLCV
VGT,2016-03-03,INVALID_OHLCV
VGT,2016-03-10,INVALID_OHLCV
VGT,2016-03-11,INVALID_OHLCV
VGT,2016-03-15,INVALID_OHLCV
VGT,2016-03-24,INVALID_OHLCV
VGT,2016-04-05,INVALID_OHLCV
VGT,2016-06-20,INVALID_OHLCV
VGT,2016-09-19,INVALID_OHLCV
VGT,2017-03-23,INVALID_OHLCV
VGT,2017-06-27,INVALID_OHLCV
VGT,2017-12-07,INVALID_OHLCV
VGT,2017-12-13,INVALID_OHLCV
VGT,2018-06-27,INVALID_OHLCV
VGT,2018-09-21,INVALID_OHLCV
VGT,2018-12-12,INVALID_OHLCV
VGT,2021-09-28,INVALID_OHLCV
VGT,2024-03-21,INVALID_OHLCV
