date,equity,position
2016-09-06,100000.0,0
2016-09-07,100000.0,0
2016-09-08,100000.0,0
2016-09-09,100000.0,0
2016-09-12,106731.10936770352,1
2016-09-13,104212.47191025584,1
2016-09-14,105551.58488093864,1
2016-09-15,105711.21593313715,0
2016-09-16,105711.21593313715,0
2016-09-19,105711.21593313715,0
2016-09-20,105711.21593313715,0
2016-09-21,105711.21593313715,0
2016-09-22,105711.21593313715,0
2016-09-23,105711.21593313715,0
2016-09-26,105711.21593313715,0
2016-09-27,108830.89746376139,1
2016-09-28,109221.90320681283,0
2016-09-29,109221.90320681283,0
2016-09-30,109221.90320681283,0
2016-10-03,109221.90320681283,0
2016-10-04,109221.90320681283,0
2016-10-05,109221.90320681283,0
2016-10-06,109221.90320681283,0
2016-10-07,109221.90320681283,0
2016-10-10,109221.90320681283,0
2016-10-11,109221.90320681283,0
2016-10-12,108880.85798897954,1
2016-10-13,107604.15259259577,1
2016-10-14,107848.99157790306,1
2016-10-17,107105.70188960864,1
2016-10-18,109851.52514742818,1
2016-10-19,109650.42389959564,0
2016-10-20,109650.42389959564,0
2016-10-21,109650.42389959564,0
2016-10-24,109650.42389959564,0
2016-10-25,109650.42389959564,0
2016-10-26,109650.42389959564,0
2016-10-27,109650.42389959564,0
2016-10-28,108786.18748331284,1
2016-10-31,108168.89994554274,1
2016-11-01,105946.6140144634,1
2016-11-02,103186.36557103953,1
2016-11-03,100214.51317772108,1
2016-11-04,99076.9144272876,1
2016-11-07,106175.86926403912,1
2016-11-08,105823.13957520704,0
2016-11-09,105823.13957520704,0
2016-11-10,105823.13957520704,0
2016-11-11,105823.13957520704,0
2016-11-14,105823.13957520704,0
2016-11-15,107987.21195915811,1
2016-11-16,106355.15513007756,0
2016-11-17,106355.15513007756,0
2016-11-18,106355.15513007756,0
2016-11-21,106355.15513007756,0
2016-11-22,106355.15513007756,0
2016-11-23,106355.15513007756,0
2016-11-25,106355.15513007756,0
2016-11-28,106355.15513007756,0
2016-11-29,106355.15513007756,0
2016-11-30,106355.15513007756,0
2016-12-01,101027.91592219904,1
2016-12-02,101433.03436168906,1
2016-12-05,103777.72301561413,1
2016-12-06,104579.39493524632,0
2016-12-07,104579.39493524632,0
2016-12-08,104579.39493524632,0
2016-12-09,104579.39493524632,0
2016-12-12,104579.39493524632,0
2016-12-13,104579.39493524632,0
2016-12-14,104579.39493524632,0
2016-12-15,104579.39493524632,0
2016-12-16,104579.39493524632,0
2016-12-19,105414.75706013195,1
2016-12-20,106687.67709253481,1
2016-12-21,106727.4689706665,0
2016-12-22,106727.4689706665,0
2016-12-23,106727.4689706665,0
2016-12-27,106727.4689706665,0
2016-12-28,106727.4689706665,0
2016-12-29,106727.4689706665,0
2016-12-30,103018.99877728485,1
2017-01-03,105512.90873985674,1
2017-01-04,107310.4578814552,1
2017-01-05,107221.37717588668,0
2017-01-06,107221.37717588668,0
2017-01-09,107221.37717588668,0
2017-01-10,107221.37717588668,0
2017-01-11,107221.37717588668,0
2017-01-12,107221.37717588668,0
2017-01-13,107221.37717588668,0
2017-01-17,107221.37717588668,0
2017-01-18,107221.37717588668,0
2017-01-19,107221.37717588668,0
2017-01-20,107221.37717588668,0
2017-01-23,107221.37717588668,0
2017-01-24,107221.37717588668,0
2017-01-25,107221.37717588668,0
2017-01-26,107221.37717588668,0
2017-01-27,107221.37717588668,0
2017-01-30,107221.37717588668,0
2017-01-31,107221.37717588668,0
2017-02-01,107221.37717588668,0
2017-02-02,107221.37717588668,0
2017-02-03,107221.37717588668,0
2017-02-06,107221.37717588668,0
2017-02-07,107221.37717588668,0
2017-02-08,107221.37717588668,0
2017-02-09,107221.37717588668,0
2017-02-10,107221.37717588668,0
2017-02-13,107221.37717588668,0
2017-02-14,107221.37717588668,0
2017-02-15,107221.37717588668,0
2017-02-16,107221.37717588668,0
2017-02-17,107221.37717588668,0
2017-02-21,107221.37717588668,0
2017-02-22,107221.37717588668,0
2017-02-23,107221.37717588668,0
2017-02-24,107221.37717588668,0
2017-02-27,107221.37717588668,0
2017-02-28,107221.37717588668,0
2017-03-01,107221.37717588668,0
2017-03-02,107221.37717588668,0
2017-03-03,107221.37717588668,0
2017-03-06,107221.37717588668,0
2017-03-07,107221.37717588668,0
2017-03-08,107221.37717588668,0
2017-03-09,107221.37717588668,0
2017-03-10,107221.37717588668,0
2017-03-13,107221.37717588668,0
2017-03-14,107221.37717588668,0
2017-03-15,107221.37717588668,0
2017-03-16,107221.37717588668,0
2017-03-17,107221.37717588668,0
2017-03-20,107221.37717588668,0
2017-03-21,107221.37717588668,0
2017-03-22,107221.37717588668,0
2017-03-23,107221.37717588668,0
2017-03-24,107221.37717588668,0
2017-03-27,107221.37717588668,0
2017-03-28,107221.37717588668,0
2017-03-29,107221.37717588668,0
2017-03-30,107221.37717588668,0
2017-03-31,107221.37717588668,0
2017-04-03,107221.37717588668,0
2017-04-04,107221.37717588668,0
2017-04-05,107221.37717588668,0
2017-04-06,107221.37717588668,0
2017-04-07,107221.37717588668,0
2017-04-10,107221.37717588668,0
2017-04-11,107221.37717588668,0
2017-04-12,107221.37717588668,0
2017-04-13,107221.37717588668,0
2017-04-17,107221.37717588668,0
2017-04-18,107221.37717588668,0
2017-04-19,107221.37717588668,0
2017-04-20,107221.37717588668,0
2017-04-21,107221.37717588668,0
2017-04-24,107221.37717588668,0
2017-04-25,107221.37717588668,0
2017-04-26,107221.37717588668,0
2017-04-27,107221.37717588668,0
2017-04-28,107221.37717588668,0
2017-05-01,107221.37717588668,0
2017-05-02,107221.37717588668,0
2017-05-03,107221.37717588668,0
2017-05-04,107221.37717588668,0
2017-05-05,107221.37717588668,0
2017-05-08,107221.37717588668,0
2017-05-09,107221.37717588668,0
2017-05-10,107221.37717588668,0
2017-05-11,107221.37717588668,0
2017-05-12,107221.37717588668,0
2017-05-15,107221.37717588668,0
2017-05-16,107221.37717588668,0
2017-05-17,107221.37717588668,0
2017-05-18,107221.37717588668,0
2017-05-19,107221.37717588668,0
2017-05-22,107221.37717588668,0
2017-05-23,107221.37717588668,0
2017-05-24,107221.37717588668,0
2017-05-25,107221.37717588668,0
2017-05-26,107221.37717588668,0
2017-05-30,107221.37717588668,0
2017-05-31,107221.37717588668,0
2017-06-01,107221.37717588668,0
2017-06-02,107221.37717588668,0
2017-06-05,107221.37717588668,0
2017-06-06,107221.37717588668,0
2017-06-07,107221.37717588668,0
2017-06-08,107221.37717588668,0
2017-06-09,107221.37717588668,0
2017-06-12,107221.37717588668,0
2017-06-13,107221.37717588668,0
2017-06-14,107221.37717588668,0
2017-06-15,107221.37717588668,0
2017-06-16,107221.37717588668,0
2017-06-19,107221.37717588668,0
2017-06-20,107221.37717588668,0
2017-06-21,107221.37717588668,0
2017-06-22,107221.37717588668,0
2017-06-23,107221.37717588668,0
2017-06-26,107221.37717588668,0
2017-06-27,107221.37717588668,0
2017-06-28,107221.37717588668,0
2017-06-29,107221.37717588668,0
2017-06-30,107221.37717588668,0
2017-07-03,107221.37717588668,0
2017-07-05,109439.05529986303,1
2017-07-06,106549.35350195445,1
2017-07-07,109741.46595313252,1
2017-07-10,110155.88951237305,0
2017-07-11,110155.88951237305,0
2017-07-12,110155.88951237305,0
2017-07-13,110155.88951237305,0
2017-07-14,110155.88951237305,0
2017-07-17,110155.88951237305,0
2017-07-18,110155.88951237305,0
2017-07-19,110155.88951237305,0
2017-07-20,110155.88951237305,0
2017-07-21,110155.88951237305,0
2017-07-24,110155.88951237305,0
2017-07-25,110155.88951237305,0
2017-07-26,110155.88951237305,0
2017-07-27,110155.88951237305,0
2017-07-28,110155.88951237305,0
2017-07-31,110155.88951237305,0
2017-08-01,110155.88951237305,0
2017-08-02,110155.88951237305,0
2017-08-03,110155.88951237305,0
2017-08-04,110155.88951237305,0
2017-08-07,110155.88951237305,0
2017-08-08,110155.88951237305,0
2017-08-09,110155.88951237305,0
2017-08-10,110155.88951237305,0
2017-08-11,112126.71983730774,1
2017-08-14,116487.66058732563,1
2017-08-15,117137.60135103027,0
2017-08-16,117137.60135103027,0
2017-08-17,117137.60135103027,0
2017-08-18,116547.35613696641,1
2017-08-21,116335.74669260906,1
2017-08-22,121514.3913615793,1
2017-08-23,119520.90049527836,0
2017-08-24,119520.90049527836,0
2017-08-25,119520.90049527836,0
2017-08-28,119520.90049527836,0
2017-08-29,119520.90049527836,0
2017-08-30,119520.90049527836,0
2017-08-31,119520.90049527836,0
2017-09-01,119520.90049527836,0
2017-09-05,119520.90049527836,0
2017-09-06,119520.90049527836,0
2017-09-07,119520.90049527836,0
2017-09-08,119520.90049527836,0
2017-09-11,120603.92577615581,1
2017-09-12,121760.53732166125,0
2017-09-13,121760.53732166125,0
2017-09-14,121760.53732166125,0
2017-09-15,121760.53732166125,0
2017-09-18,121760.53732166125,0
2017-09-19,121760.53732166125,0
2017-09-20,121760.53732166125,0
2017-09-21,121760.53732166125,0
2017-09-22,122670.60667263945,1
2017-09-25,118822.07432876473,1
2017-09-26,119633.43704848226,1
2017-09-27,122878.91424210349,1
2017-09-28,121990.791393517,0
2017-09-29,121990.791393517,0
2017-10-02,121990.791393517,0
2017-10-03,121990.791393517,0
2017-10-04,121990.791393517,0
2017-10-05,121990.791393517,0
2017-10-06,121990.791393517,0
2017-10-09,121990.791393517,0
2017-10-10,121990.791393517,0
2017-10-11,121990.791393517,0
2017-10-12,121990.791393517,0
2017-10-13,121990.791393517,0
2017-10-16,121990.791393517,0
2017-10-17,121990.791393517,0
2017-10-18,121990.791393517,0
2017-10-19,121990.791393517,0
2017-10-20,121990.791393517,0
2017-10-23,121990.791393517,0
2017-10-24,121990.791393517,0
2017-10-25,121990.791393517,0
2017-10-26,121990.791393517,0
2017-10-27,121990.791393517,0
2017-10-30,121990.791393517,0
2017-10-31,121990.791393517,0
2017-11-01,121990.791393517,0
2017-11-02,121990.791393517,0
2017-11-03,121990.791393517,0
2017-11-06,121990.791393517,0
2017-11-07,121990.791393517,0
2017-11-08,121990.791393517,0
2017-11-09,121990.791393517,0
2017-11-10,121990.791393517,0
2017-11-13,121990.791393517,0
2017-11-14,121990.791393517,0
2017-11-15,121990.791393517,0
2017-11-16,121990.791393517,0
2017-11-17,121990.791393517,0
2017-11-20,121990.791393517,0
2017-11-21,121990.791393517,0
2017-11-22,121990.791393517,0
2017-11-24,121990.791393517,0
2017-11-27,121990.791393517,0
2017-11-28,121990.791393517,0
2017-11-29,121990.791393517,0
2017-11-30,123467.71380709783,1
2017-12-01,121819.67648932256,1
2017-12-04,117614.03654958925,1
2017-12-05,117785.12984017952,1
2017-12-06,119343.1248829928,1
2017-12-07,120522.86023926988,1
2017-12-08,123197.54375500351,0
2017-12-11,123197.54375500351,0
2017-12-12,123197.54375500351,0
2017-12-13,123197.54375500351,0
2017-12-14,123197.54375500351,0
2017-12-15,123197.54375500351,0
2017-12-18,123197.54375500351,0
2017-12-19,123197.54375500351,0
2017-12-20,123197.54375500351,0
2017-12-21,123197.54375500351,0
2017-12-22,123197.54375500351,0
2017-12-26,123197.54375500351,0
2017-12-27,123188.82155711223,1
2017-12-28,123520.78924752703,1
2017-12-29,121188.23031626671,1
2018-01-02,127408.39445523484,1
2018-01-03,127923.82183687236,0
2018-01-04,127923.82183687236,0
2018-01-05,127923.82183687236,0
2018-01-08,127923.82183687236,0
2018-01-09,127923.82183687236,0
2018-01-10,127923.82183687236,0
2018-01-11,127923.82183687236,0
2018-01-12,127923.82183687236,0
2018-01-16,127923.82183687236,0
2018-01-17,127923.82183687236,0
2018-01-18,127923.82183687236,0
2018-01-19,127923.82183687236,0
2018-01-22,127923.82183687236,0
2018-01-23,127923.82183687236,0
2018-01-24,127923.82183687236,0
2018-01-25,127923.82183687236,0
2018-01-26,127923.82183687236,0
2018-01-29,127923.82183687236,0
2018-01-30,127923.82183687236,0
2018-01-31,127923.82183687236,0
2018-02-01,127923.82183687236,0
2018-02-02,127923.82183687236,0
2018-02-05,127923.82183687236,0
2018-02-06,127923.82183687236,0
2018-02-07,127923.82183687236,0
2018-02-08,127923.82183687236,0
2018-02-09,127923.82183687236,0
2018-02-12,127923.82183687236,0
2018-02-13,127923.82183687236,0
2018-02-14,127923.82183687236,0
2018-02-15,127923.82183687236,0
2018-02-16,127923.82183687236,0
2018-02-20,127923.82183687236,0
2018-02-21,127923.82183687236,0
2018-02-22,127923.82183687236,0
2018-02-23,127923.82183687236,0
2018-02-26,127923.82183687236,0
2018-02-27,127923.82183687236,0
2018-02-28,127923.82183687236,0
2018-03-01,127923.82183687236,0
2018-03-02,136218.59371155707,1
2018-03-05,140491.65801063707,1
2018-03-06,142586.28396723926,0
2018-03-07,142586.28396723926,0
2018-03-08,142586.28396723926,0
2018-03-09,142586.28396723926,0
2018-03-12,142586.28396723926,0
2018-03-13,142586.28396723926,0
2018-03-14,142586.28396723926,0
2018-03-15,141522.6874418227,1
2018-03-16,140586.07557491324,1
2018-03-19,131759.76552689818,1
2018-03-20,132728.11403363253,1
2018-03-21,130807.28534007625,1
2018-03-22,121250.72778242856,1
2018-03-23,111456.05017807538,1
2018-03-26,123997.05200429962,1
2018-03-27,126910.0412092608,0
2018-03-28,126910.0412092608,0
2018-03-29,131933.65502446104,1
2018-04-02,128816.81610271495,0
2018-04-03,129572.03926633246,1
2018-04-04,135699.7929561722,1
2018-04-05,139743.54185757833,0
2018-04-06,139743.54185757833,0
2018-04-09,139743.54185757833,0
2018-04-10,139743.54185757833,0
2018-04-11,139743.54185757833,0
2018-04-12,139743.54185757833,0
2018-04-13,139743.54185757833,0
2018-04-16,139743.54185757833,0
2018-04-17,139743.54185757833,0
2018-04-18,139743.54185757833,0
2018-04-19,139743.54185757833,0
2018-04-20,139743.54185757833,0
2018-04-23,136744.23224693144,1
2018-04-24,128026.61272439701,1
2018-04-25,128531.16948132827,1
2018-04-26,136501.28256228287,1
2018-04-27,142471.87085263603,0
2018-04-30,142471.87085263603,0
2018-05-01,142471.87085263603,0
2018-05-02,142471.87085263603,0
2018-05-03,142471.87085263603,0
2018-05-04,142471.87085263603,0
2018-05-07,142471.87085263603,0
2018-05-08,142471.87085263603,0
2018-05-09,142471.87085263603,0
2018-05-10,142471.87085263603,0
2018-05-11,142471.87085263603,0
2018-05-14,142471.87085263603,0
2018-05-15,142471.87085263603,0
2018-05-16,144764.42079878756,1
2018-05-17,143288.75646563253,0
2018-05-18,143288.75646563253,0
2018-05-21,142519.97676895183,1
2018-05-22,144345.80496122406,0
2018-05-23,144345.80496122406,0
2018-05-24,144345.80496122406,0
2018-05-25,144345.80496122406,0
2018-05-29,144345.80496122406,0
2018-05-30,144345.80496122406,0
2018-05-31,144345.80496122406,0
2018-06-01,144345.80496122406,0
2018-06-04,144345.80496122406,0
2018-06-05,144345.80496122406,0
2018-06-06,144345.80496122406,0
2018-06-07,144345.80496122406,0
2018-06-08,144345.80496122406,0
2018-06-11,144345.80496122406,0
2018-06-12,144345.80496122406,0
2018-06-13,144345.80496122406,0
2018-06-14,144345.80496122406,0
2018-06-15,144345.80496122406,0
2018-06-18,144345.80496122406,0
2018-06-19,144345.80496122406,0
2018-06-20,144345.80496122406,0
2018-06-21,144345.80496122406,0
2018-06-22,144345.80496122406,0
2018-06-25,144345.80496122406,0
2018-06-26,144545.83379193424,1
2018-06-27,138744.9977013394,1
2018-06-28,142145.48782341223,1
2018-06-29,142795.5815232203,1
2018-07-02,145996.04281458294,1
2018-07-03,147571.26985642553,0
2018-07-05,147571.26985642553,0
2018-07-06,147571.26985642553,0
2018-07-09,147571.26985642553,0
2018-07-10,147571.26985642553,0
2018-07-11,147571.26985642553,0
2018-07-12,147571.26985642553,0
2018-07-13,147571.26985642553,0
2018-07-16,147571.26985642553,0
2018-07-17,147571.26985642553,0
2018-07-18,147571.26985642553,0
2018-07-19,147571.26985642553,0
2018-07-20,147571.26985642553,0
2018-07-23,147571.26985642553,0
2018-07-24,147571.26985642553,0
2018-07-25,147571.26985642553,0
2018-07-26,147571.26985642553,0
2018-07-27,147571.26985642553,0
2018-07-30,141194.8782121129,1
2018-07-31,144007.99217283906,1
2018-08-01,145977.17194534736,1
2018-08-02,142765.53350685167,0
2018-08-03,142765.53350685167,0
2018-08-06,142765.53350685167,0
2018-08-07,142765.53350685167,0
2018-08-08,142765.53350685167,0
2018-08-09,142765.53350685167,0
2018-08-10,142765.53350685167,0
2018-08-13,141577.44085397274,1
2018-08-14,144191.24469030637,1
2018-08-15,140929.39031603877,0
2018-08-16,139150.087091787,1
2018-08-17,139128.649703543,1
2018-08-20,138849.96365637102,1
2018-08-21,140286.26866871884,1
2018-08-22,139343.02358598297,0
2018-08-23,139343.02358598297,0
2018-08-24,139343.02358598297,0
2018-08-27,139343.02358598297,0
2018-08-28,139343.02358598297,0
2018-08-29,139343.02358598297,0
2018-08-30,139343.02358598297,0
2018-08-31,139343.02358598297,0
2018-09-04,139343.02358598297,0
2018-09-05,139343.02358598297,0
2018-09-06,135307.91565617934,1
2018-09-07,133969.6386543349,1
2018-09-10,135145.70026201638,1
2018-09-11,138146.6850540311,1
2018-09-12,137578.93117446077,0
2018-09-13,137578.93117446077,0
2018-09-14,137578.93117446077,0
2018-09-17,137578.93117446077,0
2018-09-18,137578.93117446077,0
2018-09-19,137578.93117446077,0
2018-09-20,137578.93117446077,0
2018-09-21,137578.93117446077,0
2018-09-24,137578.93117446077,0
2018-09-25,137578.93117446077,0
2018-09-26,137578.93117446077,0
2018-09-27,137578.93117446077,0
2018-09-28,137578.93117446077,0
2018-10-01,137578.93117446077,0
2018-10-02,137578.93117446077,0
2018-10-03,137578.93117446077,0
2018-10-04,137578.93117446077,0
2018-10-05,132563.03264205856,1
2018-10-08,130188.15823488036,1
2018-10-09,131191.3379413608,1
2018-10-10,114178.22904166186,1
2018-10-11,109551.31855871124,1
2018-10-12,118805.13952461247,1
2018-10-15,117638.17537625767,0
2018-10-16,117638.17537625767,0
2018-10-17,117638.17537625767,0
2018-10-18,117638.17537625767,0
2018-10-19,117638.17537625767,0
2018-10-22,117638.17537625767,0
2018-10-23,117638.17537625767,0
2018-10-24,117638.17537625767,0
2018-10-25,124200.49285173886,1
2018-10-26,114552.73487901388,1
2018-10-29,108427.90523523143,1
2018-10-30,112618.57814939837,1
2018-10-31,120217.05101574502,1
2018-11-01,121276.23208196304,0
2018-11-02,121276.23208196304,0
2018-11-05,121276.23208196304,0
2018-11-06,121276.23208196304,0
2018-11-07,121276.23208196304,0
2018-11-08,121276.23208196304,0
2018-11-09,121276.23208196304,0
2018-11-12,121276.23208196304,0
2018-11-13,121276.23208196304,0
2018-11-14,121276.23208196304,0
2018-11-15,121276.23208196304,0
2018-11-16,121276.23208196304,0
2018-11-19,121276.23208196304,0
2018-11-20,121276.23208196304,0
2018-11-21,121276.23208196304,0
2018-11-23,121276.23208196304,0
2018-11-26,121276.23208196304,0
2018-11-27,121276.23208196304,0
2018-11-28,121276.23208196304,0
2018-11-29,121276.23208196304,0
2018-11-30,121276.23208196304,0
2018-12-03,121276.23208196304,0
2018-12-04,121276.23208196304,0
2018-12-06,121276.23208196304,0
2018-12-07,121276.23208196304,0
2018-12-10,121276.23208196304,0
2018-12-11,121276.23208196304,0
2018-12-12,121276.23208196304,0
2018-12-13,121276.23208196304,0
2018-12-14,121276.23208196304,0
2018-12-17,121276.23208196304,0
2018-12-18,121276.23208196304,0
2018-12-19,121276.23208196304,0
2018-12-20,121276.23208196304,0
2018-12-21,121276.23208196304,0
2018-12-24,121276.23208196304,0
2018-12-26,121276.23208196304,0
2018-12-27,121276.23208196304,0
2018-12-28,121276.23208196304,0
2018-12-31,121276.23208196304,0
2019-01-02,121276.23208196304,0
2019-01-03,121276.23208196304,0
2019-01-04,121276.23208196304,0
2019-01-07,121276.23208196304,0
2019-01-08,121276.23208196304,0
2019-01-09,121276.23208196304,0
2019-01-10,121276.23208196304,0
2019-01-11,121276.23208196304,0
2019-01-14,121276.23208196304,0
2019-01-15,121276.23208196304,0
2019-01-16,121276.23208196304,0
2019-01-17,121276.23208196304,0
2019-01-18,121276.23208196304,0
2019-01-22,121276.23208196304,0
2019-01-23,121276.23208196304,0
2019-01-24,121276.23208196304,0
2019-01-25,121276.23208196304,0
2019-01-28,121276.23208196304,0
2019-01-29,121276.23208196304,0
2019-01-30,121276.23208196304,0
2019-01-31,121276.23208196304,0
2019-02-01,121276.23208196304,0
2019-02-04,121276.23208196304,0
2019-02-05,121276.23208196304,0
2019-02-06,121276.23208196304,0
2019-02-07,121276.23208196304,0
2019-02-08,121276.23208196304,0
2019-02-11,121276.23208196304,0
2019-02-12,121276.23208196304,0
2019-02-13,121276.23208196304,0
2019-02-14,121276.23208196304,0
2019-02-15,121276.23208196304,0
2019-02-19,121276.23208196304,0
2019-02-20,121276.23208196304,0
2019-02-21,121276.23208196304,0
2019-02-22,121276.23208196304,0
2019-02-25,121276.23208196304,0
2019-02-26,121276.23208196304,0
2019-02-27,121276.23208196304,0
2019-02-28,121276.23208196304,0
2019-03-01,121276.23208196304,0
2019-03-04,121276.23208196304,0
2019-03-05,121276.23208196304,0
2019-03-06,121276.23208196304,0
2019-03-07,121276.23208196304,0
2019-03-08,124858.12331019026,1
2019-03-11,132656.99286384814,1
2019-03-12,133698.53570326173,0
2019-03-13,133698.53570326173,0
2019-03-14,133698.53570326173,0
2019-03-15,133698.53570326173,0
2019-03-18,133698.53570326173,0
2019-03-19,133698.53570326173,0
2019-03-20,133698.53570326173,0
2019-03-21,133698.53570326173,0
2019-03-22,133698.53570326173,0
2019-03-25,133698.53570326173,0
2019-03-26,132448.57585279905,1
2019-03-27,132991.01125960363,0
2019-03-28,132991.01125960363,0
2019-03-29,132991.01125960363,0
2019-04-01,132991.01125960363,0
2019-04-02,132991.01125960363,0
2019-04-03,132991.01125960363,0
2019-04-04,132991.01125960363,0
2019-04-05,132991.01125960363,0
2019-04-08,132991.01125960363,0
2019-04-09,132991.01125960363,0
2019-04-10,132991.01125960363,0
2019-04-11,132991.01125960363,0
2019-04-12,132991.01125960363,0
2019-04-15,132991.01125960363,0
2019-04-16,132991.01125960363,0
2019-04-17,132991.01125960363,0
2019-04-18,132991.01125960363,0
2019-04-22,132991.01125960363,0
2019-04-23,132991.01125960363,0
2019-04-24,132991.01125960363,0
2019-04-25,132991.01125960363,0
2019-04-26,132991.01125960363,0
2019-04-29,132991.01125960363,0
2019-04-30,132991.01125960363,0
2019-05-01,132991.01125960363,0
2019-05-02,132991.01125960363,0
2019-05-03,132991.01125960363,0
2019-05-06,132991.01125960363,0
2019-05-07,132991.01125960363,0
2019-05-08,132991.01125960363,0
2019-05-09,132991.01125960363,0
2019-05-10,132991.01125960363,0
2019-05-13,132991.01125960363,0
2019-05-14,135190.79066195595,1
2019-05-15,140809.7923962254,1
2019-05-16,141072.80949868058,0
2019-05-17,141072.80949868058,0
2019-05-20,141072.80949868058,0
2019-05-21,141811.7975002452,1
2019-05-22,139373.13709508203,0
2019-05-23,139373.13709508203,0
2019-05-24,136816.99276121546,1
2019-05-28,135349.10789622276,1
2019-05-29,131957.78769089482,1
2019-05-30,133526.9059948525,1
2019-05-31,127098.58262057418,1
2019-06-03,118974.59914363186,1
2019-06-04,128617.08420504938,1
2019-06-05,132337.4130870136,0
2019-06-06,132337.4130870136,0
2019-06-07,132337.4130870136,0
2019-06-10,132337.4130870136,0
2019-06-11,132337.4130870136,0
2019-06-12,132337.4130870136,0
2019-06-13,132337.4130870136,0
2019-06-14,132337.4130870136,0
2019-06-17,132337.4130870136,0
2019-06-18,132337.4130870136,0
2019-06-19,132337.4130870136,0
2019-06-20,132337.4130870136,0
2019-06-21,132337.4130870136,0
2019-06-24,132337.4130870136,0
2019-06-25,132337.4130870136,0
2019-06-26,131537.59533395586,1
2019-06-27,132964.29727184266,1
2019-06-28,133526.33136858593,1
2019-07-01,138844.0385916185,1
2019-07-02,138692.72171941836,0
2019-07-03,138692.72171941836,0
2019-07-05,138692.72171941836,0
2019-07-08,138692.72171941836,0
2019-07-09,138692.72171941836,0
2019-07-10,138692.72171941836,0
2019-07-11,138692.72171941836,0
2019-07-12,138692.72171941836,0
2019-07-15,138692.72171941836,0
2019-07-16,138692.72171941836,0
2019-07-17,138692.72171941836,0
2019-07-18,141378.85704701493,1
2019-07-19,137958.23159077868,1
2019-07-22,141210.97358904014,1
2019-07-23,143939.07978113036,1
2019-07-24,142365.17236261678,0
2019-07-25,142365.17236261678,0
2019-07-26,142365.17236261678,0
2019-07-29,142365.17236261678,0
2019-07-30,142365.17236261678,0
2019-07-31,142365.17236261678,0
2019-08-01,142365.17236261678,0
2019-08-02,142365.17236261678,0
2019-08-05,135730.96515897397,1
2019-08-06,141308.6134375922,1
2019-08-07,143372.58901205886,1
2019-08-08,145559.42027548185,0
2019-08-09,145559.42027548185,0
2019-08-12,145559.42027548185,0
2019-08-13,145559.42027548185,0
2019-08-14,145559.42027548185,0
2019-08-15,144203.59439242375,1
2019-08-16,150854.81570553893,1
2019-08-19,157250.2208143035,0
2019-08-20,157250.2208143035,0
2019-08-21,157250.2208143035,0
2019-08-22,157250.2208143035,0
2019-08-23,157250.2208143035,0
2019-08-26,158754.61499499346,1
2019-08-27,157797.2732436453,1
2019-08-28,159383.72528873655,1
2019-08-29,166632.16997751553,1
2019-08-30,169364.69686207786,0
2019-09-03,169364.69686207786,0
2019-09-04,169364.69686207786,0
2019-09-05,169364.69686207786,0
2019-09-06,169364.69686207786,0
2019-09-09,169364.69686207786,0
2019-09-10,169364.69686207786,0
2019-09-11,169364.69686207786,0
2019-09-12,169364.69686207786,0
2019-09-13,169364.69686207786,0
2019-09-16,169364.69686207786,0
2019-09-17,171654.12020374986,1
2019-09-18,170680.45740326867,0
2019-09-19,170680.45740326867,0
2019-09-20,170680.45740326867,0
2019-09-23,171219.90259101603,1
2019-09-24,164449.8654847865,1
2019-09-25,169709.4560653234,1
2019-09-26,168010.20372391917,1
2019-09-27,161914.47310237386,1
2019-09-30,166230.03460435284,1
2019-10-01,168091.1205020813,0
2019-10-02,168091.1205020813,0
2019-10-03,173751.15121698825,1
2019-10-04,176021.0593682791,0
2019-10-07,176021.0593682791,0
2019-10-08,176021.0593682791,0
2019-10-09,176021.0593682791,0
2019-10-10,176021.0593682791,0
2019-10-11,176021.0593682791,0
2019-10-14,176021.0593682791,0
2019-10-15,176021.0593682791,0
2019-10-16,176021.0593682791,0
2019-10-17,176021.0593682791,0
2019-10-18,176021.0593682791,0
2019-10-21,177783.19179609977,1
2019-10-22,173668.8426558733,1
2019-10-23,174480.88524933904,1
2019-10-24,179488.4812423778,1
2019-10-25,176727.5364245943,0
2019-10-28,176727.5364245943,0
2019-10-29,176727.5364245943,0
2019-10-30,176727.5364245943,0
2019-10-31,176727.5364245943,0
2019-11-01,176727.5364245943,0
2019-11-04,176727.5364245943,0
2019-11-05,176727.5364245943,0
2019-11-06,176727.5364245943,0
2019-11-07,176727.5364245943,0
2019-11-08,176727.5364245943,0
2019-11-11,176727.5364245943,0
2019-11-12,176727.5364245943,0
2019-11-13,176727.5364245943,0
2019-11-14,176727.5364245943,0
2019-11-15,176727.5364245943,0
2019-11-18,176727.5364245943,0
2019-11-19,176727.5364245943,0
2019-11-20,176727.5364245943,0
2019-11-21,176727.5364245943,0
2019-11-22,176727.5364245943,0
2019-11-25,176727.5364245943,0
2019-11-26,176727.5364245943,0
2019-11-27,176727.5364245943,0
2019-11-29,176727.5364245943,0
2019-12-02,176727.5364245943,0
2019-12-03,179782.9917569697,1
2019-12-04,182447.3488068011,1
2019-12-05,184353.95293420338,0
2019-12-06,184353.95293420338,0
2019-12-09,184353.95293420338,0
2019-12-10,184353.95293420338,0
2019-12-11,184353.95293420338,0
2019-12-12,184353.95293420338,0
2019-12-13,184353.95293420338,0
2019-12-16,184353.95293420338,0
2019-12-17,184353.95293420338,0
2019-12-18,184353.95293420338,0
2019-12-19,184353.95293420338,0
2019-12-20,184353.95293420338,0
2019-12-23,184353.95293420338,0
2019-12-24,184353.95293420338,0
2019-12-26,184353.95293420338,0
2019-12-27,184353.95293420338,0
2019-12-30,184353.95293420338,0
2019-12-31,184353.95293420338,0
2020-01-02,184353.95293420338,0
2020-01-03,184353.95293420338,0
2020-01-06,184353.95293420338,0
2020-01-07,184353.95293420338,0
2020-01-08,184353.95293420338,0
2020-01-09,184353.95293420338,0
2020-01-10,184353.95293420338,0
2020-01-13,184353.95293420338,0
2020-01-14,184353.95293420338,0
2020-01-15,184353.95293420338,0
2020-01-16,184353.95293420338,0
2020-01-17,184353.95293420338,0
2020-01-21,184353.95293420338,0
2020-01-22,184353.95293420338,0
2020-01-23,184353.95293420338,0
2020-01-24,184353.95293420338,0
2020-01-27,184353.95293420338,0
2020-01-28,184353.95293420338,0
2020-01-29,184353.95293420338,0
2020-01-30,184353.95293420338,0
2020-01-31,184353.95293420338,0
2020-02-03,184353.95293420338,0
2020-02-04,184353.95293420338,0
2020-02-05,184353.95293420338,0
2020-02-06,184353.95293420338,0
2020-02-07,184353.95293420338,0
2020-02-10,184353.95293420338,0
2020-02-11,184353.95293420338,0
2020-02-12,184353.95293420338,0
2020-02-13,184353.95293420338,0
2020-02-14,184353.95293420338,0
2020-02-18,184353.95293420338,0
2020-02-19,184353.95293420338,0
2020-02-20,184353.95293420338,0
2020-02-21,184353.95293420338,0
2020-02-24,184353.95293420338,0
2020-02-25,184353.95293420338,0
2020-02-26,184353.95293420338,0
2020-02-27,184353.95293420338,0
2020-02-28,184353.95293420338,0
2020-03-02,184353.95293420338,0
2020-03-03,184353.95293420338,0
2020-03-04,184353.95293420338,0
2020-03-05,184353.95293420338,0
2020-03-06,184353.95293420338,0
2020-03-09,184353.95293420338,0
2020-03-10,184353.95293420338,0
2020-03-11,184353.95293420338,0
2020-03-12,184353.95293420338,0
2020-03-13,184353.95293420338,0
2020-03-16,184353.95293420338,0
2020-03-17,184353.95293420338,0
2020-03-18,184353.95293420338,0
2020-03-19,184353.95293420338,0
2020-03-20,184353.95293420338,0
2020-03-23,184353.95293420338,0
2020-03-24,184353.95293420338,0
2020-03-25,184353.95293420338,0
2020-03-26,184353.95293420338,0
2020-03-27,184353.95293420338,0
2020-03-30,184353.95293420338,0
2020-03-31,184353.95293420338,0
2020-04-01,184353.95293420338,0
2020-04-02,184353.95293420338,0
2020-04-03,184353.95293420338,0
2020-04-06,184353.95293420338,0
2020-04-07,184353.95293420338,0
2020-04-08,184353.95293420338,0
2020-04-09,184353.95293420338,0
2020-04-13,184353.95293420338,0
2020-04-14,184353.95293420338,0
2020-04-15,184353.95293420338,0
2020-04-16,184353.95293420338,0
2020-04-17,184353.95293420338,0
2020-04-20,184353.95293420338,0
2020-04-21,184353.95293420338,0
2020-04-22,184353.95293420338,0
2020-04-23,184353.95293420338,0
2020-04-24,184353.95293420338,0
2020-04-27,184353.95293420338,0
2020-04-28,184353.95293420338,0
2020-04-29,184353.95293420338,0
2020-04-30,184353.95293420338,0
2020-05-01,184353.95293420338,0
2020-05-04,184353.95293420338,0
2020-05-05,184353.95293420338,0
2020-05-06,184353.95293420338,0
2020-05-07,184353.95293420338,0
2020-05-08,184353.95293420338,0
2020-05-11,184353.95293420338,0
2020-05-12,184353.95293420338,0
2020-05-13,184353.95293420338,0
2020-05-14,194162.32021259572,1
2020-05-15,197494.9974922705,1
2020-05-18,205921.52297177332,0
2020-05-19,205921.52297177332,0
2020-05-20,205921.52297177332,0
2020-05-21,205921.52297177332,0
2020-05-22,205921.52297177332,0
2020-05-26,205921.52297177332,0
2020-05-27,205921.52297177332,0
2020-05-28,205921.52297177332,0
2020-05-29,205921.52297177332,0
2020-06-01,205921.52297177332,0
2020-06-02,205921.52297177332,0
2020-06-03,205921.52297177332,0
2020-06-04,205921.52297177332,0
2020-06-05,205921.52297177332,0
2020-06-08,205921.52297177332,0
2020-06-09,205921.52297177332,0
2020-06-10,205921.52297177332,0
2020-06-11,205921.52297177332,0
2020-06-12,197782.58309026633,1
2020-06-15,204756.2850176236,1
2020-06-16,215578.35088482685,1
2020-06-17,219636.62558502806,0
2020-06-18,219636.62558502806,0
2020-06-19,219636.62558502806,0
2020-06-22,219636.62558502806,0
2020-06-23,219636.62558502806,0
2020-06-24,219636.62558502806,0
2020-06-25,219636.62558502806,0
2020-06-26,219636.62558502806,0
2020-06-29,227342.74191818736,1
2020-06-30,240416.05748658214,1
2020-07-01,240933.08126612316,0
2020-07-02,240933.08126612316,0
2020-07-06,240933.08126612316,0
2020-07-07,240933.08126612316,0
2020-07-08,240933.08126612316,0
2020-07-09,240933.08126612316,0
2020-07-10,240933.08126612316,0
2020-07-13,240933.08126612316,0
2020-07-14,240933.08126612316,0
2020-07-15,240933.08126612316,0
2020-07-16,240933.08126612316,0
2020-07-17,240933.08126612316,0
2020-07-20,240933.08126612316,0
2020-07-21,240933.08126612316,0
2020-07-22,240933.08126612316,0
2020-07-23,240933.08126612316,0
2020-07-24,245036.62049350524,1
2020-07-27,258200.22104875892,1
2020-07-28,256079.29066157268,0
2020-07-29,256079.29066157268,0
2020-07-30,256079.29066157268,0
2020-07-31,256079.29066157268,0
2020-08-03,256079.29066157268,0
2020-08-04,256079.29066157268,0
2020-08-05,256079.29066157268,0
2020-08-06,256079.29066157268,0
2020-08-07,256079.29066157268,0
2020-08-10,256079.29066157268,0
2020-08-11,256079.29066157268,0
2020-08-12,268576.63672110945,1
2020-08-13,270839.2695948327,0
2020-08-14,270839.2695948327,0
2020-08-17,270839.2695948327,0
2020-08-18,270839.2695948327,0
2020-08-19,270839.2695948327,0
2020-08-20,270839.2695948327,0
2020-08-21,270839.2695948327,0
2020-08-24,270839.2695948327,0
2020-08-25,270839.2695948327,0
2020-08-26,270839.2695948327,0
2020-08-27,270839.2695948327,0
2020-08-28,270839.2695948327,0
2020-08-31,270839.2695948327,0
2020-09-01,270839.2695948327,0
2020-09-02,270839.2695948327,0
2020-09-03,270839.2695948327,0
2020-09-04,270839.2695948327,0
2020-09-08,270839.2695948327,0
2020-09-09,270839.2695948327,0
2020-09-10,270839.2695948327,0
2020-09-11,270839.2695948327,0
2020-09-14,270839.2695948327,0
2020-09-15,270839.2695948327,0
2020-09-16,270839.2695948327,0
2020-09-17,270839.2695948327,0
2020-09-18,270839.2695948327,0
2020-09-21,270839.2695948327,0
2020-09-22,270839.2695948327,0
2020-09-23,270839.2695948327,0
2020-09-24,270839.2695948327,0
2020-09-25,270839.2695948327,0
2020-09-28,270839.2695948327,0
2020-09-29,270839.2695948327,0
2020-09-30,270839.2695948327,0
2020-10-01,270839.2695948327,0
2020-10-02,270839.2695948327,0
2020-10-05,281780.7797465971,1
2020-10-06,279103.37745512486,0
2020-10-07,279103.37745512486,0
2020-10-08,279103.37745512486,0
2020-10-09,279103.37745512486,0
2020-10-12,279103.37745512486,0
2020-10-13,279103.37745512486,0
2020-10-14,279103.37745512486,0
2020-10-15,279103.37745512486,0
2020-10-16,279103.37745512486,0
2020-10-19,279103.37745512486,0
2020-10-20,278701.7320709615,1
2020-10-21,277978.77037946746,1
2020-10-22,278119.3462639247,1
2020-10-23,279746.0100697863,1
2020-10-26,266993.76912259933,1
2020-10-27,273299.6016539642,1
2020-10-28,241228.21772851923,1
2020-10-29,253498.48421471016,1
2020-10-30,235866.25184993827,1
2020-11-02,235946.58092677093,1
2020-11-03,247815.2020287985,1
2020-11-04,272295.4881935558,0
2020-11-05,272295.4881935558,0
2020-11-06,272295.4881935558,0
2020-11-09,272295.4881935558,0
2020-11-10,272295.4881935558,0
2020-11-11,283063.4563657642,1
2020-11-12,285666.701418386,0
2020-11-13,285666.701418386,0
2020-11-16,285666.701418386,0
2020-11-17,285666.701418386,0
2020-11-18,285666.701418386,0
2020-11-19,285666.701418386,0
2020-11-20,285666.701418386,0
2020-11-23,285666.701418386,0
2020-11-24,285666.701418386,0
2020-11-25,285666.701418386,0
2020-11-27,285666.701418386,0
2020-11-30,285666.701418386,0
2020-12-01,285666.701418386,0
2020-12-02,285666.701418386,0
2020-12-03,285666.701418386,0
2020-12-04,285666.701418386,0
2020-12-07,285666.701418386,0
2020-12-08,285666.701418386,0
2020-12-09,285666.701418386,0
2020-12-10,295489.67765157047,1
2020-12-11,293415.9382245649,1
2020-12-14,299673.53789903794,1
2020-12-15,306658.76544263575,0
2020-12-16,306658.76544263575,0
2020-12-17,306658.76544263575,0
2020-12-18,306658.76544263575,0
2020-12-21,306658.76544263575,0
2020-12-22,306658.76544263575,0
2020-12-23,306658.76544263575,0
2020-12-24,306658.76544263575,0
2020-12-28,306658.76544263575,0
2020-12-29,306658.76544263575,0
2020-12-30,306658.76544263575,0
2020-12-31,306658.76544263575,0
2021-01-04,306658.76544263575,0
2021-01-05,306658.76544263575,0
2021-01-06,306658.76544263575,0
2021-01-07,320315.63353927137,1
2021-01-08,327537.5112907573,0
2021-01-11,327537.5112907573,0
2021-01-12,327537.5112907573,0
2021-01-13,327537.5112907573,0
2021-01-14,327537.5112907573,0
2021-01-15,327537.5112907573,0
2021-01-19,334053.9643949713,1
2021-01-20,346057.9569553656,0
2021-01-21,346057.9569553656,0
2021-01-22,346057.9569553656,0
2021-01-25,346057.9569553656,0
2021-01-26,346057.9569553656,0
2021-01-27,346057.9569553656,0
2021-01-28,348187.2112530365,1
2021-01-29,326497.68866150716,1
2021-02-01,350496.9108301711,1
2021-02-02,360493.57931245666,0
2021-02-03,360493.57931245666,0
2021-02-04,360493.57931245666,0
2021-02-05,360493.57931245666,0
2021-02-08,360493.57931245666,0
2021-02-09,360493.57931245666,0
2021-02-10,360493.57931245666,0
2021-02-11,360493.57931245666,0
2021-02-12,360493.57931245666,0
2021-02-16,360493.57931245666,0
2021-02-17,360493.57931245666,0
2021-02-18,360493.57931245666,0
2021-02-19,360493.57931245666,0
2021-02-22,360493.57931245666,0
2021-02-23,376440.45152871916,1
2021-02-24,385513.6719276272,1
2021-02-25,375576.3353002517,0
2021-02-26,370735.41666746093,1
2021-03-01,403063.61148558295,1
2021-03-02,405307.47076601814,0
2021-03-03,405307.47076601814,0
2021-03-04,386965.5821282801,1
2021-03-05,404293.84007814317,1
2021-03-08,369733.860434405,1
2021-03-09,413271.711885036,1
2021-03-10,430841.3104748694,0
2021-03-11,430841.3104748694,0
2021-03-12,430841.3104748694,0
2021-03-15,430841.3104748694,0
2021-03-16,430841.3104748694,0
2021-03-17,430841.3104748694,0
2021-03-18,430841.3104748694,0
2021-03-19,437057.55460254196,1
2021-03-22,460355.83543877833,1
2021-03-23,465207.5381725715,0
2021-03-24,465207.5381725715,0
2021-03-25,465207.5381725715,0
2021-03-26,486787.63289658254,1
2021-03-29,484536.27441392484,0
2021-03-30,484536.27441392484,0
2021-03-31,484536.27441392484,0
2021-04-01,484536.27441392484,0
2021-04-05,484536.27441392484,0
2021-04-06,484536.27441392484,0
2021-04-07,484536.27441392484,0
2021-04-08,484536.27441392484,0
2021-04-09,484536.27441392484,0
2021-04-12,484536.27441392484,0
2021-04-13,484536.27441392484,0
2021-04-14,484536.27441392484,0
2021-04-15,484536.27441392484,0
2021-04-16,484536.27441392484,0
2021-04-19,484536.27441392484,0
2021-04-20,484536.27441392484,0
2021-04-21,503317.82333644555,1
2021-04-22,484997.73753241426,1
2021-04-23,503271.6770245966,1
2021-04-26,504425.33482082025,0
2021-04-27,504425.33482082025,0
2021-04-28,504425.33482082025,0
2021-04-29,504425.33482082025,0
2021-04-30,504425.33482082025,0
2021-05-03,491160.74804638524,1
2021-05-04,465280.8899340261,1
2021-05-05,459854.4680717573,1
2021-05-06,469918.8573376747,1
2021-05-07,481421.0164987232,1
2021-05-10,475345.2791999435,0
2021-05-11,501214.053087301,1
2021-05-12,463066.7942310963,1
2021-05-13,472826.6156165902,1
2021-05-14,503575.30019669473,1
2021-05-17,495914.36513066187,0
2021-05-18,495914.36513066187,0
2021-05-19,495914.36513066187,0
2021-05-20,495914.36513066187,0
2021-05-21,495914.36513066187,0
2021-05-24,495914.36513066187,0
2021-05-25,495914.36513066187,0
2021-05-26,495914.36513066187,0
2021-05-27,495914.36513066187,0
2021-05-28,495914.36513066187,0
2021-06-01,495914.36513066187,0
2021-06-02,495914.36513066187,0
2021-06-03,495914.36513066187,0
2021-06-04,512423.4888828999,1
2021-06-07,509713.03572954744,0
2021-06-08,509713.03572954744,0
2021-06-09,509713.03572954744,0
2021-06-10,509713.03572954744,0
2021-06-11,509713.03572954744,0
2021-06-14,509713.03572954744,0
2021-06-15,509713.03572954744,0
2021-06-16,509713.03572954744,0
2021-06-17,509713.03572954744,0
2021-06-18,509713.03572954744,0
2021-06-21,509713.03572954744,0
2021-06-22,509713.03572954744,0
2021-06-23,509713.03572954744,0
2021-06-24,509713.03572954744,0
2021-06-25,509713.03572954744,0
2021-06-28,509713.03572954744,0
2021-06-29,509713.03572954744,0
2021-06-30,509713.03572954744,0
2021-07-01,509713.03572954744,0
2021-07-02,509713.03572954744,0
2021-07-06,509713.03572954744,0
2021-07-07,509713.03572954744,0
2021-07-08,509713.03572954744,0
2021-07-09,509713.03572954744,0
2021-07-12,509713.03572954744,0
2021-07-13,509713.03572954744,0
2021-07-14,509713.03572954744,0
2021-07-15,509713.03572954744,0
2021-07-16,493496.4125959669,1
2021-07-19,481663.1918366754,1
2021-07-20,497545.6542511397,1
2021-07-21,496562.8286066803,0
2021-07-22,496562.8286066803,0
2021-07-23,496562.8286066803,0
2021-07-26,496562.8286066803,0
2021-07-27,496562.8286066803,0
2021-07-28,496562.8286066803,0
2021-07-29,496562.8286066803,0
2021-07-30,496562.8286066803,0
2021-08-02,496562.8286066803,0
2021-08-03,496562.8286066803,0
2021-08-04,496562.8286066803,0
2021-08-05,496562.8286066803,0
2021-08-06,496562.8286066803,0
2021-08-09,496562.8286066803,0
2021-08-10,496562.8286066803,0
2021-08-11,496562.8286066803,0
2021-08-12,503873.4090741728,1
2021-08-13,508920.3072649289,1
2021-08-16,504467.161802497,0
2021-08-17,504467.161802497,0
2021-08-18,504467.161802497,0
2021-08-19,520224.3559123448,1
2021-08-20,536297.483738681,1
2021-08-23,541154.9646296866,0
2021-08-24,541154.9646296866,0
2021-08-25,541154.9646296866,0
2021-08-26,541154.9646296866,0
2021-08-27,541154.9646296866,0
2021-08-30,541154.9646296866,0
2021-08-31,541154.9646296866,0
2021-09-01,541154.9646296866,0
2021-09-02,541154.9646296866,0
2021-09-03,541154.9646296866,0
2021-09-07,541154.9646296866,0
2021-09-08,541154.9646296866,0
2021-09-09,541154.9646296866,0
2021-09-10,521623.212595039,1
2021-09-13,520440.5560498217,1
2021-09-14,515960.7964088475,1
2021-09-15,527393.1430126138,1
2021-09-16,521623.212595039,0
2021-09-17,521623.212595039,0
2021-09-20,514189.0610641837,1
2021-09-21,514843.88270161656,1
2021-09-22,529904.780362572,1
2021-09-23,535066.3156223369,0
2021-09-24,535066.3156223369,0
2021-09-27,535066.3156223369,0
2021-09-28,535066.3156223369,0
2021-09-29,526828.7363649439,1
2021-09-30,520890.9888799196,1
2021-10-01,530383.0218313318,1
2021-10-04,497767.22578683175,1
2021-10-05,516918.55218219204,1
2021-10-06,527121.4422268817,1
2021-10-07,540774.0799301243,0
2021-10-08,540774.0799301243,0
2021-10-11,540774.0799301243,0
2021-10-12,540774.0799301243,0
2021-10-13,542880.7685862363,1
2021-10-14,572847.3398782777,1
2021-10-15,578694.4757401394,0
2021-10-18,578694.4757401394,0
2021-10-19,578694.4757401394,0
2021-10-20,578694.4757401394,0
2021-10-21,578694.4757401394,0
2021-10-22,578694.4757401394,0
2021-10-25,578694.4757401394,0
2021-10-26,578694.4757401394,0
2021-10-27,578694.4757401394,0
2021-10-28,578694.4757401394,0
2021-10-29,578694.4757401394,0
2021-11-01,578694.4757401394,0
2021-11-02,578694.4757401394,0
2021-11-03,578694.4757401394,0
2021-11-04,578694.4757401394,0
2021-11-05,578694.4757401394,0
2021-11-08,578694.4757401394,0
2021-11-09,578694.4757401394,0
2021-11-10,565713.6815141591,1
2021-11-11,570301.4142679988,1
2021-11-12,588403.3985447766,1
2021-11-15,593595.7162351687,0
2021-11-16,593595.7162351687,0
2021-11-17,593595.7162351687,0
2021-11-18,593595.7162351687,0
2021-11-19,593595.7162351687,0
2021-11-22,593595.7162351687,0
2021-11-23,593595.7162351687,0
2021-11-24,611262.4691471343,1
2021-11-26,577544.8248700293,1
2021-11-29,613416.9512095692,1
2021-11-30,609287.5272565691,0
2021-12-01,609287.5272565691,0
2021-12-02,627555.8275132516,1
2021-12-03,596023.1527223693,1
2021-12-06,609962.6600921422,1
2021-12-07,664966.1293432404,1
2021-12-08,666753.2456726984,0
2021-12-09,666753.2456726984,0
2021-12-10,666753.2456726984,0
2021-12-13,666753.2456726984,0
2021-12-14,672723.3954198326,1
2021-12-15,717239.9467952028,1
2021-12-16,722517.905267307,0
2021-12-17,722517.905267307,0
2021-12-20,728845.2927979198,1
2021-12-21,777571.158978545,1
2021-12-22,775129.8834746078,0
2021-12-23,775129.8834746078,0
2021-12-27,775129.8834746078,0
2021-12-28,775129.8834746078,0
2021-12-29,775129.8834746078,0
2021-12-30,775129.8834746078,0
2021-12-31,775129.8834746078,0
2022-01-03,790371.0716737747,1
2022-01-04,793604.0509887496,0
2022-01-05,793604.0509887496,0
2022-01-06,803913.4010356007,1
2022-01-07,777627.2571988652,1
2022-01-10,780487.9668977297,1
2022-01-11,814816.4832841029,1
2022-01-12,831063.155347465,0
2022-01-13,831063.155347465,0
2022-01-14,831063.155347465,0
2022-01-18,831063.155347465,0
2022-01-19,794173.6239565964,1
2022-01-20,763452.9105240668,1
2022-01-21,699173.8273981716,1
2022-01-24,709290.6888498481,1
2022-01-25,656979.1125631311,1
2022-01-26,655745.3489714633,1
2022-01-27,636128.5078639444,1
2022-01-28,695472.536623168,1
2022-01-31,703800.4408669261,0
2022-02-01,703800.4408669261,0
2022-02-02,703800.4408669261,0
2022-02-03,703800.4408669261,0
2022-02-04,726447.791082971,1
2022-02-07,709988.2414724028,1
2022-02-08,734120.6638337622,1
2022-02-09,761842.0105462981,0
2022-02-10,761842.0105462981,0
2022-02-11,761842.0105462981,0
2022-02-14,769474.8322020549,1
2022-02-15,825208.8318393739,1
2022-02-16,810375.2350366766,0
2022-02-17,810375.2350366766,0
2022-02-18,810375.2350366766,0
2022-02-22,807731.2701589061,1
2022-02-23,745928.5911410192,1
2022-02-24,818968.120889431,1
2022-02-25,826156.4004008697,0
2022-02-28,826156.4004008697,0
2022-03-01,826156.4004008697,0
2022-03-02,826156.4004008697,0
2022-03-03,826156.4004008697,0
2022-03-04,826156.4004008697,0
2022-03-07,826156.4004008697,0
2022-03-08,826156.4004008697,0
2022-03-09,826156.4004008697,0
2022-03-10,826156.4004008697,0
2022-03-11,826156.4004008697,0
2022-03-14,826156.4004008697,0
2022-03-15,826156.4004008697,0
2022-03-16,826156.4004008697,0
2022-03-17,826156.4004008697,0
2022-03-18,826156.4004008697,0
2022-03-21,826156.4004008697,0
2022-03-22,826156.4004008697,0
2022-03-23,826156.4004008697,0
2022-03-24,826156.4004008697,0
2022-03-25,826156.4004008697,0
2022-03-28,826156.4004008697,0
2022-03-29,826156.4004008697,0
2022-03-30,826156.4004008697,0
2022-03-31,826156.4004008697,0
2022-04-01,826156.4004008697,0
2022-04-04,826156.4004008697,0
2022-04-05,826156.4004008697,0
2022-04-06,826156.4004008697,0
2022-04-07,826156.4004008697,0
2022-04-08,826156.4004008697,0
2022-04-11,826156.4004008697,0
2022-04-12,826156.4004008697,0
2022-04-13,826156.4004008697,0
2022-04-14,826156.4004008697,0
2022-04-18,826156.4004008697,0
2022-04-19,826156.4004008697,0
2022-04-20,826156.4004008697,0
2022-04-21,826156.4004008697,0
2022-04-22,826156.4004008697,0
2022-04-25,826156.4004008697,0
2022-04-26,826156.4004008697,0
2022-04-27,826156.4004008697,0
2022-04-28,826156.4004008697,0
2022-04-29,826156.4004008697,0
2022-05-02,826156.4004008697,0
2022-05-03,826156.4004008697,0
2022-05-04,826156.4004008697,0
2022-05-05,826156.4004008697,0
2022-05-06,826156.4004008697,0
2022-05-09,826156.4004008697,0
2022-05-10,826156.4004008697,0
2022-05-11,826156.4004008697,0
2022-05-12,826156.4004008697,0
2022-05-13,826156.4004008697,0
2022-05-16,826156.4004008697,0
2022-05-17,826156.4004008697,0
2022-05-18,826156.4004008697,0
2022-05-19,826156.4004008697,0
2022-05-20,826156.4004008697,0
2022-05-23,826156.4004008697,0
2022-05-24,826156.4004008697,0
2022-05-25,826156.4004008697,0
2022-05-26,826156.4004008697,0
2022-05-27,826156.4004008697,0
2022-05-31,826156.4004008697,0
2022-06-01,826156.4004008697,0
2022-06-02,826156.4004008697,0
2022-06-03,826156.4004008697,0
2022-06-06,826156.4004008697,0
2022-06-07,826156.4004008697,0
2022-06-08,826156.4004008697,0
2022-06-09,826156.4004008697,0
2022-06-10,826156.4004008697,0
2022-06-13,826156.4004008697,0
2022-06-14,826156.4004008697,0
2022-06-15,826156.4004008697,0
2022-06-16,826156.4004008697,0
2022-06-17,826156.4004008697,0
2022-06-21,826156.4004008697,0
2022-06-22,826156.4004008697,0
2022-06-23,826156.4004008697,0
2022-06-24,826156.4004008697,0
2022-06-27,826156.4004008697,0
2022-06-28,826156.4004008697,0
2022-06-29,826156.4004008697,0
2022-06-30,826156.4004008697,0
2022-07-01,826156.4004008697,0
2022-07-05,826156.4004008697,0
2022-07-06,826156.4004008697,0
2022-07-07,826156.4004008697,0
2022-07-08,826156.4004008697,0
2022-07-11,826156.4004008697,0
2022-07-12,826156.4004008697,0
2022-07-13,826156.4004008697,0
2022-07-14,826156.4004008697,0
2022-07-15,826156.4004008697,0
2022-07-18,826156.4004008697,0
2022-07-19,826156.4004008697,0
2022-07-20,826156.4004008697,0
2022-07-21,826156.4004008697,0
2022-07-22,826156.4004008697,0
2022-07-25,826156.4004008697,0
2022-07-26,792518.5827643302,1
2022-07-27,891402.1673682954,1
2022-07-28,889517.2896559031,0
2022-07-29,889517.2896559031,0
2022-08-01,889517.2896559031,0
2022-08-02,889517.2896559031,0
2022-08-03,889517.2896559031,0
2022-08-04,889517.2896559031,0
2022-08-05,889517.2896559031,0
2022-08-08,889517.2896559031,0
2022-08-09,889517.2896559031,0
2022-08-10,898502.3127837406,1
2022-08-11,918934.0092114257,0
2022-08-12,918934.0092114257,0
2022-08-15,918934.0092114257,0
2022-08-16,918934.0092114257,0
2022-08-17,918934.0092114257,0
2022-08-18,918934.0092114257,0
2022-08-19,918934.0092114257,0
2022-08-22,883141.9498381863,1
2022-08-23,880159.2782237497,1
2022-08-24,886938.0773474693,1
2022-08-25,933576.2153186599,1
2022-08-26,931271.4236165952,0
2022-08-29,930002.2291721433,1
2022-08-30,898906.9652830713,1
2022-08-31,882407.4375051963,1
2022-09-01,883359.3333385353,1
2022-09-02,846552.6944494296,1
2022-09-06,827197.4791715379,1
2022-09-07,876061.4652829367,1
2022-09-08,857658.1458383839,0
2022-09-09,857658.1458383839,0
2022-09-12,857658.1458383839,0
2022-09-13,857658.1458383839,0
2022-09-14,867342.7067196212,1
2022-09-15,823680.1102042125,1
2022-09-16,807593.8904353777,1
2022-09-19,826963.0121978523,1
2022-09-20,805295.8590398299,0
2022-09-21,805295.8590398299,0
2022-09-22,788731.7866657064,1
2022-09-23,751022.0899841915,1
2022-09-26,740801.7049022855,1
2022-09-27,741506.5590458652,1
2022-09-28,784855.088876018,1
2022-09-29,750845.8764482965,0
2022-09-30,719739.13832702,1
2022-10-03,769658.9336354157,1
2022-10-04,841185.8045250574,1
2022-10-05,807098.7801167126,0
2022-10-06,807098.7801167126,0
2022-10-07,807098.7801167126,0
2022-10-10,781250.1130619883,1
2022-10-11,750231.712596319,1
2022-10-12,748577.3979048168,1
2022-10-13,798620.4173227629,1
2022-10-14,820953.6656580449,0
2022-10-17,820953.6656580449,0
2022-10-18,820953.6656580449,0
2022-10-19,820953.6656580449,0
2022-10-20,820953.6656580449,0
2022-10-21,820953.6656580449,0
2022-10-24,820953.6656580449,0
2022-10-25,820953.6656580449,0
2022-10-26,820953.6656580449,0
2022-10-27,820953.6656580449,0
2022-10-28,820953.6656580449,0
2022-10-31,820953.6656580449,0
2022-11-01,820953.6656580449,0
2022-11-02,820953.6656580449,0
2022-11-03,820953.6656580449,0
2022-11-04,820953.6656580449,0
2022-11-07,820953.6656580449,0
2022-11-08,820953.6656580449,0
2022-11-09,820953.6656580449,0
2022-11-10,820953.6656580449,0
2022-11-11,820953.6656580449,0
2022-11-14,820953.6656580449,0
2022-11-15,820953.6656580449,0
2022-11-16,820953.6656580449,0
2022-11-17,820953.6656580449,0
2022-11-18,820953.6656580449,0
2022-11-21,820953.6656580449,0
2022-11-22,849434.946135633,1
2022-11-23,848665.1817984009,0
2022-11-25,848665.1817984009,0
2022-11-28,848665.1817984009,0
2022-11-29,826771.8492473165,1
2022-11-30,937830.7543700903,1
2022-12-01,943403.6026558209,0
2022-12-02,943403.6026558209,0
2022-12-05,943403.6026558209,0
2022-12-06,885557.394377556,1
2022-12-07,874923.9002087573,1
2022-12-08,905973.7031816496,1
2022-12-09,895340.2090128508,0
2022-12-12,895340.2090128508,0
2022-12-13,895340.2090128508,0
2022-12-14,895340.2090128508,0
2022-12-15,895340.2090128508,0
2022-12-16,876036.1593318755,1
2022-12-19,839726.1611224221,1
2022-12-20,836049.1992784269,1
2022-12-21,872359.1974878802,1
2022-12-22,837887.6802004245,0
2022-12-23,837887.6802004245,0
2022-12-27,837887.6802004245,0
2022-12-28,808374.0245993349,1
2022-12-29,865400.4099980504,1
2022-12-30,838387.9116512905,0
2023-01-03,838387.9116512905,0
2023-01-04,838387.9116512905,0
2023-01-05,838387.9116512905,0
2023-01-06,888238.0036954214,1
2023-01-09,910393.6001594794,0
2023-01-10,910393.6001594794,0
2023-01-11,910393.6001594794,0
2023-01-12,910393.6001594794,0
2023-01-13,910393.6001594794,0
2023-01-17,910393.6001594794,0
2023-01-18,910393.6001594794,0
2023-01-19,910393.6001594794,0
2023-01-20,968079.5570926616,1
2023-01-23,975676.061709377,0
2023-01-24,975676.061709377,0
2023-01-25,975676.061709377,0
2023-01-26,975676.061709377,0
2023-01-27,975676.061709377,0
2023-01-30,975676.061709377,0
2023-01-31,975676.061709377,0
2023-02-01,975676.061709377,0
2023-02-02,975676.061709377,0
2023-02-03,975676.061709377,0
2023-02-06,975676.061709377,0
2023-02-07,975676.061709377,0
2023-02-08,975676.061709377,0
2023-02-09,975676.061709377,0
2023-02-10,978139.8901480369,1
2023-02-13,1024541.9924094677,1
2023-02-14,1007500.5123754024,0
2023-02-15,1007500.5123754024,0
2023-02-16,1007500.5123754024,0
2023-02-17,1007500.5123754024,0
2023-02-21,974789.4567787984,1
2023-02-22,975661.7515947078,1
2023-02-23,1000086.0064401721,1
2023-02-24,948620.6123015152,0
2023-02-27,938492.9901061252,1
2023-02-28,931741.2419758653,0
2023-03-01,931741.2419758653,0
2023-03-02,931741.2419758653,0
2023-03-03,931741.2419758653,0
2023-03-06,931741.2419758653,0
2023-03-07,931741.2419758653,0
2023-03-08,931741.2419758653,0
2023-03-09,931741.2419758653,0
2023-03-10,891602.0683985365,1
2023-03-13,910817.6302174705,1
2023-03-14,972734.4405229245,1
2023-03-15,946686.6789461474,0
2023-03-16,946686.6789461474,0
2023-03-17,946686.6789461474,0
2023-03-20,946686.6789461474,0
2023-03-21,946686.6789461474,0
2023-03-22,946686.6789461474,0
2023-03-23,946686.6789461474,0
2023-03-24,946686.6789461474,0
2023-03-27,946686.6789461474,0
2023-03-28,946686.6789461474,0
2023-03-29,963959.3008058015,1
2023-03-30,985641.9537785588,0
2023-03-31,985641.9537785588,0
2023-04-03,985641.9537785588,0
2023-04-04,985641.9537785588,0
2023-04-05,985641.9537785588,0
2023-04-06,1021774.7086978785,1
2023-04-10,1019539.6929296732,1
2023-04-11,1019167.1903016389,0
2023-04-12,1019167.1903016389,0
2023-04-13,1061424.4051275642,1
2023-04-14,1045097.7539448203,0
2023-04-17,1045097.7539448203,0
2023-04-18,1045097.7539448203,0
2023-04-19,1045097.7539448203,0
2023-04-20,1045097.7539448203,0
2023-04-21,1051751.9344006486,1
2023-04-24,1045489.1763245749,1
2023-04-25,986384.396981628,1
2023-04-26,1002824.1369313219,1
2023-04-27,1083848.569540527,1
2023-04-28,1081891.457641754,0
2023-05-01,1081891.457641754,0
2023-05-02,1081891.457641754,0
2023-05-03,1081891.457641754,0
2023-05-04,1073811.6110574242,1
2023-05-05,1139662.3607197118,1
2023-05-08,1135218.4450983305,0
2023-05-09,1135218.4450983305,0
2023-05-10,1135218.4450983305,0
2023-05-11,1135218.4450983305,0
2023-05-12,1135218.4450983305,0
2023-05-15,1135218.4450983305,0
2023-05-16,1135218.4450983305,0
2023-05-17,1135218.4450983305,0
2023-05-18,1135218.4450983305,0
2023-05-19,1135218.4450983305,0
2023-05-22,1135218.4450983305,0
2023-05-23,1135218.4450983305,0
2023-05-24,1137468.6303215183,1
2023-05-25,1219600.3909678794,1
2023-05-26,1230476.2862132879,0
2023-05-30,1230476.2862132879,0
2023-05-31,1230476.2862132879,0
2023-06-01,1230476.2862132879,0
2023-06-02,1230476.2862132879,0
2023-06-05,1230476.2862132879,0
2023-06-06,1230476.2862132879,0
2023-06-07,1230476.2862132879,0
2023-06-08,1230476.2862132879,0
2023-06-09,1230476.2862132879,0
2023-06-12,1230476.2862132879,0
2023-06-13,1230476.2862132879,0
2023-06-14,1230476.2862132879,0
2023-06-15,1230476.2862132879,0
2023-06-16,1230476.2862132879,0
2023-06-20,1230476.2862132879,0
2023-06-21,1230476.2862132879,0
2023-06-22,1230476.2862132879,0
2023-06-23,1230476.2862132879,0
2023-06-26,1230476.2862132879,0
2023-06-27,1230476.2862132879,0
2023-06-28,1230476.2862132879,0
2023-06-29,1230476.2862132879,0
2023-06-30,1230476.2862132879,0
2023-07-03,1230476.2862132879,0
2023-07-05,1230476.2862132879,0
2023-07-06,1230476.2862132879,0
2023-07-07,1230476.2862132879,0
2023-07-10,1230476.2862132879,0
2023-07-11,1230476.2862132879,0
2023-07-12,1230476.2862132879,0
2023-07-13,1230476.2862132879,0
2023-07-14,1230476.2862132879,0
2023-07-17,1230476.2862132879,0
2023-07-18,1230476.2862132879,0
2023-07-19,1230476.2862132879,0
2023-07-20,1230476.2862132879,0
2023-07-21,1230476.2862132879,0
2023-07-24,1230476.2862132879,0
2023-07-25,1230476.2862132879,0
2023-07-26,1230476.2862132879,0
2023-07-27,1230476.2862132879,0
2023-07-28,1230476.2862132879,0
2023-07-31,1230476.2862132879,0
2023-08-01,1230476.2862132879,0
2023-08-02,1230476.2862132879,0
2023-08-03,1230476.2862132879,0
2023-08-04,1230476.2862132879,0
2023-08-07,1230476.2862132879,0
2023-08-08,1230476.2862132879,0
2023-08-09,1230476.2862132879,0
2023-08-10,1230476.2862132879,0
2023-08-11,1230476.2862132879,0
2023-08-14,1230476.2862132879,0
2023-08-15,1230476.2862132879,0
2023-08-16,1230476.2862132879,0
2023-08-17,1230476.2862132879,0
2023-08-18,1230476.2862132879,0
2023-08-21,1230476.2862132879,0
2023-08-22,1230476.2862132879,0
2023-08-23,1230476.2862132879,0
2023-08-24,1230476.2862132879,0
2023-08-25,1230476.2862132879,0
2023-08-28,1230476.2862132879,0
2023-08-29,1230476.2862132879,0
2023-08-30,1230476.2862132879,0
2023-08-31,1230476.2862132879,0
2023-09-01,1230476.2862132879,0
2023-09-05,1230476.2862132879,0
2023-09-06,1230476.2862132879,0
2023-09-07,1250292.7135705224,1
2023-09-08,1254008.2937000038,1
2023-09-11,1293950.78009193,1
2023-09-12,1280017.3546063744,0
2023-09-13,1280017.3546063744,0
2023-09-14,1280017.3546063744,0
2023-09-15,1280017.3546063744,0
2023-09-18,1293327.1977559715,1
2023-09-19,1285536.0700586464,1
2023-09-20,1225479.4607250984,1
2023-09-21,1155683.9417698942,1
2023-09-22,1156495.5175716989,1
2023-09-25,1171915.4578059881,1
2023-09-26,1119649.9761697655,1
2023-09-27,1126467.212904925,1
2023-09-28,1153736.159845563,1
2023-09-29,1187497.7132006383,0
2023-10-02,1187497.7132006383,0
2023-10-03,1187497.7132006383,0
2023-10-04,1227103.7323873183,1
2023-10-05,1214129.3467916818,1
2023-10-06,1275245.5315711282,1
2023-10-09,1249979.6227796252,0
2023-10-10,1249979.6227796252,0
2023-10-11,1249979.6227796252,0
2023-10-12,1249979.6227796252,0
2023-10-13,1249979.6227796252,0
2023-10-16,1278072.7660731918,1
2023-10-17,1265843.986051286,1
2023-10-18,1212301.7600094303,1
2023-10-19,1179912.0183297892,1
2023-10-20,1126700.2998560928,1
2023-10-23,1136615.526900881,1
2023-10-24,1168674.7610123625,1
2023-10-25,1144547.7085367115,0
2023-10-26,1090819.7123361,1
2023-10-27,1106372.55334154,1
2023-10-30,1142073.3929222096,1
2023-10-31,1142426.8665814241,0
2023-11-01,1142426.8665814241,0
2023-11-02,1142426.8665814241,0
2023-11-03,1142426.8665814241,0
2023-11-06,1142426.8665814241,0
2023-11-07,1142426.8665814241,0
2023-11-08,1142426.8665814241,0
2023-11-09,1142426.8665814241,0
2023-11-10,1142426.8665814241,0
2023-11-13,1142426.8665814241,0
2023-11-14,1142426.8665814241,0
2023-11-15,1142426.8665814241,0
2023-11-16,1142426.8665814241,0
2023-11-17,1142426.8665814241,0
2023-11-20,1142426.8665814241,0
2023-11-21,1142426.8665814241,0
2023-11-22,1142426.8665814241,0
2023-11-24,1142426.8665814241,0
2023-11-27,1142426.8665814241,0
2023-11-28,1142426.8665814241,0
2023-11-29,1142426.8665814241,0
2023-11-30,1142426.8665814241,0
2023-12-01,1142426.8665814241,0
2023-12-04,1142426.8665814241,0
2023-12-05,1142426.8665814241,0
2023-12-06,1142426.8665814241,0
2023-12-07,1142426.8665814241,0
2023-12-08,1142426.8665814241,0
2023-12-11,1142426.8665814241,0
2023-12-12,1142426.8665814241,0
2023-12-13,1142426.8665814241,0
2023-12-14,1142426.8665814241,0
2023-12-15,1142426.8665814241,0
2023-12-18,1142426.8665814241,0
2023-12-19,1142426.8665814241,0
2023-12-20,1142426.8665814241,0
2023-12-21,1142426.8665814241,0
2023-12-22,1142426.8665814241,0
2023-12-26,1142426.8665814241,0
2023-12-27,1142426.8665814241,0
2023-12-28,1142426.8665814241,0
2023-12-29,1142426.8665814241,0
2024-01-02,1142426.8665814241,0
2024-01-03,1142426.8665814241,0
2024-01-04,1142426.8665814241,0
2024-01-05,1142426.8665814241,0
2024-01-08,1142426.8665814241,0
2024-01-09,1142426.8665814241,0
2024-01-10,1142426.8665814241,0
2024-01-11,1142426.8665814241,0
2024-01-12,1142426.8665814241,0
2024-01-16,1142426.8665814241,0
2024-01-17,1142426.8665814241,0
2024-01-18,1142426.8665814241,0
2024-01-19,1142426.8665814241,0
2024-01-22,1142426.8665814241,0
2024-01-23,1142426.8665814241,0
2024-01-24,1142426.8665814241,0
2024-01-25,1142426.8665814241,0
2024-01-26,1142426.8665814241,0
2024-01-29,1142426.8665814241,0
2024-01-30,1142426.8665814241,0
2024-01-31,1142426.8665814241,0
2024-02-01,1142426.8665814241,0
2024-02-02,1142426.8665814241,0
2024-02-05,1142426.8665814241,0
2024-02-06,1142426.8665814241,0
2024-02-07,1142426.8665814241,0
2024-02-08,1142426.8665814241,0
2024-02-09,1142426.8665814241,0
2024-02-12,1142426.8665814241,0
2024-02-13,1142426.8665814241,0
2024-02-14,1142426.8665814241,0
2024-02-15,1142426.8665814241,0
2024-02-16,1142426.8665814241,0
2024-02-20,1142426.8665814241,0
2024-02-21,1142426.8665814241,0
2024-02-22,1142426.8665814241,0
2024-02-23,1142426.8665814241,0
2024-02-26,1142426.8665814241,0
2024-02-27,1142426.8665814241,0
2024-02-28,1142426.8665814241,0
2024-02-29,1142426.8665814241,0
2024-03-01,1142426.8665814241,0
2024-03-04,1142426.8665814241,0
2024-03-05,1142426.8665814241,0
2024-03-06,1142426.8665814241,0
2024-03-07,1142426.8665814241,0
2024-03-08,1142426.8665814241,0
2024-03-11,1142426.8665814241,0
2024-03-12,1142426.8665814241,0
2024-03-13,1142426.8665814241,0
2024-03-14,1142426.8665814241,0
2024-03-15,1142426.8665814241,0
2024-03-18,1133078.3501381224,1
2024-03-19,1116861.5358997423,0
2024-03-20,1116861.5358997423,0
2024-03-21,1116861.5358997423,0
2024-03-22,1116861.5358997423,0
2024-03-25,1116861.5358997423,0
2024-03-26,1116861.5358997423,0
2024-03-27,1116861.5358997423,0
2024-03-28,1116861.5358997423,0
2024-04-01,1116861.5358997423,0
2024-04-02,1116861.5358997423,0
2024-04-03,1116861.5358997423,0
2024-04-04,1116861.5358997423,0
2024-04-05,1144783.0742972358,1
2024-04-08,1145548.0479519619,1
2024-04-09,1157405.1396002125,1
2024-04-10,1116096.5622450165,0
2024-04-11,1116096.5622450165,0
2024-04-12,1116096.5622450165,0
2024-04-15,1116096.5622450165,0
2024-04-16,1117900.2736941464,1
2024-04-17,1076414.9103641557,1
2024-04-18,1057175.3215734353,1
2024-04-19,991640.4722550442,1
2024-04-22,1020499.8554411248,1
2024-04-23,1065993.4664358487,1
2024-04-24,1088640.0657415926,0
2024-04-25,1088640.0657415926,0
2024-04-26,1088640.0657415926,0
2024-04-29,1088640.0657415926,0
2024-04-30,1088640.0657415926,0
2024-05-01,1088640.0657415926,0
2024-05-02,1100777.2093316822,1
2024-05-03,1166400.0704374206,1
2024-05-06,1181211.4999032926,0
2024-05-07,1181211.4999032926,0
2024-05-08,1181211.4999032926,0
2024-05-09,1181211.4999032926,0
2024-05-10,1181211.4999032926,0
2024-05-13,1181211.4999032926,0
2024-05-14,1181211.4999032926,0
2024-05-15,1181211.4999032926,0
2024-05-16,1181211.4999032926,0
2024-05-17,1181211.4999032926,0
2024-05-20,1181211.4999032926,0
2024-05-21,1181211.4999032926,0
2024-05-22,1181211.4999032926,0
2024-05-23,1181211.4999032926,0
2024-05-24,1181211.4999032926,0
2024-05-28,1181211.4999032926,0
2024-05-29,1181211.4999032926,0
2024-05-30,1181211.4999032926,0
2024-05-31,1179890.6563730494,1
2024-06-03,1191400.8642794553,1
2024-06-04,1188759.1772189685,0
2024-06-05,1188759.1772189685,0
2024-06-06,1188759.1772189685,0
2024-06-07,1188759.1772189685,0
2024-06-10,1188759.1772189685,0
2024-06-11,1188759.1772189685,0
2024-06-12,1188759.1772189685,0
2024-06-13,1188759.1772189685,0
2024-06-14,1188759.1772189685,0
2024-06-17,1188759.1772189685,0
2024-06-18,1188759.1772189685,0
2024-06-20,1188759.1772189685,0
2024-06-21,1188759.1772189685,0
2024-06-24,1157518.418565422,1
2024-06-25,1196166.7797863043,1
2024-06-26,1199065.4068778704,1
2024-06-27,1196810.9191399855,0
2024-06-28,1196810.9191399855,0
2024-07-01,1196810.9191399855,0
2024-07-02,1196810.9191399855,0
2024-07-03,1196810.9191399855,0
2024-07-05,1196810.9191399855,0
2024-07-08,1196810.9191399855,0
2024-07-09,1196810.9191399855,0
2024-07-10,1196810.9191399855,0
2024-07-11,1196810.9191399855,0
2024-07-12,1213820.0543258511,1
2024-07-15,1222851.453539585,1
2024-07-16,1223754.5934609585,1
2024-07-17,1116130.419497295,1
2024-07-18,1099422.3309518872,1
2024-07-19,1069618.7135465648,1
2024-07-22,1116280.9428175238,1
2024-07-23,1109808.440047681,0
2024-07-24,1109808.440047681,0
2024-07-25,1071043.0140606586,1
2024-07-26,1101682.935910663,1
2024-07-29,1108115.6266858021,1
2024-07-30,1062917.5099236406,1
2024-07-31,1155852.9634907818,1
2024-08-01,1160931.4035764178,0
2024-08-02,1160931.4035764178,0
2024-08-05,1261892.192575867,1
2024-08-06,1293427.730398539,1
2024-08-07,1251772.5796924725,1
2024-08-08,1366383.07909278,1
2024-08-09,1351792.0093539315,0
2024-08-12,1351792.0093539315,0
2024-08-13,1351792.0093539315,0
2024-08-14,1351792.0093539315,0
2024-08-15,1351792.0093539315,0
2024-08-16,1351792.0093539315,0
2024-08-19,1351792.0093539315,0
2024-08-20,1351792.0093539315,0
2024-08-21,1351792.0093539315,0
2024-08-22,1351792.0093539315,0
2024-08-23,1358146.5871756808,1
2024-08-26,1318286.0535665264,1
2024-08-27,1329454.7054956616,1
2024-08-28,1284394.9718505305,1
2024-08-29,1277655.2681001902,1
2024-08-30,1321174.498030958,1
2024-09-03,1295178.4978510747,0
2024-09-04,1311728.943924532,1
2024-09-05,1315972.6480459315,1
2024-09-06,1209243.4893927383,1
2024-09-09,1254226.7530795713,1
2024-09-10,1287964.200844696,1
2024-09-11,1298149.0907360543,0
2024-09-12,1298149.0907360543,0
2024-09-13,1298149.0907360543,0
2024-09-16,1298149.0907360543,0
2024-09-17,1298149.0907360543,0
2024-09-18,1298149.0907360543,0
2024-09-19,1298149.0907360543,0
2024-09-20,1298149.0907360543,0
2024-09-23,1298149.0907360543,0
2024-09-24,1298149.0907360543,0
2024-09-25,1298149.0907360543,0
2024-09-26,1298149.0907360543,0
2024-09-27,1298149.0907360543,0
2024-09-30,1298149.0907360543,0
2024-10-01,1298149.0907360543,0
2024-10-02,1310752.4799665015,1
2024-10-03,1307742.7153741557,1
2024-10-04,1353829.7356944475,1
2024-10-07,1336523.5892884603,0
2024-10-08,1336523.5892884603,0
2024-10-09,1336523.5892884603,0
2024-10-10,1336523.5892884603,0
2024-10-11,1336523.5892884603,0
2024-10-14,1336523.5892884603,0
2024-10-15,1336523.5892884603,0
2024-10-16,1336523.5892884603,0
2024-10-17,1296912.4111989373,1
2024-10-18,1319901.0413401783,1
2024-10-21,1309644.5755848554,0
2024-10-22,1309644.5755848554,0
2024-10-23,1309644.5755848554,0
2024-10-24,1311071.59228394,1
2024-10-25,1333190.3511197504,1
2024-10-28,1359055.028790658,0
2024-10-29,1359055.028790658,0
2024-10-30,1359055.028790658,0
2024-10-31,1359055.028790658,0
2024-11-01,1375539.0010291296,1
2024-11-04,1362739.6814086693,1
2024-11-05,1414518.7471459848,1
2024-11-06,1486660.3668249408,0
2024-11-07,1486660.3668249408,0
2024-11-08,1486660.3668249408,0
2024-11-11,1486660.3668249408,0
2024-11-12,1486660.3668249408,0
2024-11-13,1486660.3668249408,0
2024-11-14,1486660.3668249408,0
2024-11-15,1428940.9271915148,1
2024-11-18,1457800.6470082277,1
2024-11-19,1487045.1630891638,1
2024-11-20,1484351.5892396038,0
2024-11-21,1484351.5892396038,0
2024-11-22,1484351.5892396038,0
2024-11-25,1484351.5892396038,0
2024-11-26,1484351.5892396038,0
2024-11-27,1484351.5892396038,0
2024-11-29,1484351.5892396038,0
2024-12-02,1484351.5892396038,0
2024-12-03,1484351.5892396038,0
2024-12-04,1484351.5892396038,0
2024-12-05,1484351.5892396038,0
2024-12-06,1484351.5892396038,0
2024-12-09,1484351.5892396038,0
2024-12-10,1484351.5892396038,0
2024-12-11,1525526.6275691094,1
2024-12-12,1505707.9369208827,0
2024-12-13,1505707.9369208827,0
2024-12-16,1505707.9369208827,0
2024-12-17,1505707.9369208827,0
2024-12-18,1505707.9369208827,0
2024-12-19,1446029.9434556433,1
2024-12-20,1483552.0351553448,1
2024-12-23,1519823.3904650563,1
2024-12-24,1535725.6102806441,0
2024-12-26,1535725.6102806441,0
2024-12-27,1535725.6102806441,0
2024-12-30,1535725.6102806441,0
2024-12-31,1485598.6252018015,1
2025-01-02,1476211.5493443403,1
2025-01-03,1546990.1013095977,1
2025-01-06,1595239.6712169477,0
2025-01-07,1595239.6712169477,0
2025-01-08,1595239.6712169477,0
2025-01-10,1555358.6794365242,1
2025-01-13,1539163.3528251846,1
2025-01-14,1533697.4300938575,1
2025-01-15,1637347.5204064306,1
2025-01-16,1660223.4192449478,0
2025-01-17,1660223.4192449478,0
2025-01-21,1660223.4192449478,0
2025-01-22,1660223.4192449478,0
2025-01-23,1660223.4192449478,0
2025-01-24,1660223.4192449478,0
2025-01-27,1660223.4192449478,0
2025-01-28,1724270.7413997857,1
2025-01-29,1729694.9445790225,0
2025-01-30,1729694.9445790225,0
2025-01-31,1729694.9445790225,0
2025-02-03,1729694.9445790225,0
2025-02-04,1729694.9445790225,0
2025-02-05,1729694.9445790225,0
2025-02-06,1729694.9445790225,0
2025-02-07,1729694.9445790225,0
2025-02-10,1729694.9445790225,0
2025-02-11,1729694.9445790225,0
2025-02-12,1729694.9445790225,0
2025-02-13,1729694.9445790225,0
2025-02-14,1729694.9445790225,0
2025-02-18,1729694.9445790225,0
2025-02-19,1729694.9445790225,0
2025-02-20,1729694.9445790225,0
2025-02-21,1729694.9445790225,0
2025-02-24,1651909.8464796108,1
2025-02-25,1588862.9774937718,1
2025-02-26,1599097.858822642,1
2025-02-27,1466453.7968004872,1
2025-02-28,1533594.6183178741,1
2025-03-03,1434520.967054413,1
2025-03-04,1418759.2498079531,1
2025-03-05,1474027.608983851,1
2025-03-06,1351823.1259171437,1
2025-03-07,1379866.7007582472,1
2025-03-10,1224296.504559424,1
2025-03-11,1209967.670699006,1
2025-03-12,1251316.5912676407,1
2025-03-13,1182947.5839907893,1
2025-03-14,1266873.610887523,1
2025-03-17,1266668.9132609456,0
2025-03-18,1266668.9132609456,0
2025-03-19,1266668.9132609456,0
2025-03-20,1266668.9132609456,0
2025-03-21,1266668.9132609456,0
2025-03-24,1266668.9132609456,0
2025-03-25,1266668.9132609456,0
2025-03-26,1266668.9132609456,0
2025-03-27,1266668.9132609456,0
2025-03-28,1180220.9211306893,1
2025-03-31,1179397.6069199247,1
2025-04-01,1206566.9758751483,1
2025-04-02,1156550.6375712142,0
2025-04-03,1156550.6375712142,0
2025-04-04,1156550.6375712142,0
2025-04-07,1156550.6375712142,0
2025-04-08,1156550.6375712142,0
2025-04-09,1156550.6375712142,0
2025-04-10,1156550.6375712142,0
2025-04-11,1156550.6375712142,0
2025-04-14,1156550.6375712142,0
2025-04-15,1156550.6375712142,0
2025-04-16,1156550.6375712142,0
2025-04-17,1156550.6375712142,0
2025-04-21,1156550.6375712142,0
2025-04-22,1156550.6375712142,0
2025-04-23,1156550.6375712142,0
2025-04-24,1156550.6375712142,0
2025-04-25,1156550.6375712142,0
2025-04-28,1156550.6375712142,0
2025-04-29,1156550.6375712142,0
2025-04-30,1156550.6375712142,0
2025-05-01,1156550.6375712142,0
2025-05-02,1156550.6375712142,0
2025-05-05,1156550.6375712142,0
2025-05-06,1156550.6375712142,0
2025-05-07,1156550.6375712142,0
2025-05-08,1156550.6375712142,0
2025-05-09,1156550.6375712142,0
2025-05-12,1156550.6375712142,0
2025-05-13,1156550.6375712142,0
2025-05-14,1156550.6375712142,0
2025-05-15,1156550.6375712142,0
2025-05-16,1156550.6375712142,0
2025-05-19,1156550.6375712142,0
2025-05-20,1156550.6375712142,0
2025-05-21,1156550.6375712142,0
2025-05-22,1158756.4999961595,1
2025-05-23,1125329.2001719913,1
2025-05-27,1203722.1571200402,1
2025-05-28,1210509.4261198714,0
2025-05-29,1210509.4261198714,0
2025-05-30,1210509.4261198714,0
2025-06-02,1210509.4261198714,0
2025-06-03,1210509.4261198714,0
2025-06-04,1210509.4261198714,0
2025-06-05,1210509.4261198714,0
2025-06-06,1210509.4261198714,0
2025-06-09,1210509.4261198714,0
2025-06-10,1210509.4261198714,0
2025-06-11,1210509.4261198714,0
2025-06-12,1210509.4261198714,0
2025-06-13,1210509.4261198714,0
2025-06-16,1236278.8264603375,1
2025-06-17,1218011.9097632985,0
2025-06-18,1218011.9097632985,0
2025-06-20,1218011.9097632985,0
2025-06-23,1251003.570181746,1
2025-06-24,1288014.5191790909,0
2025-06-25,1288014.5191790909,0
2025-06-26,1288014.5191790909,0
2025-06-27,1288014.5191790909,0
2025-06-30,1288014.5191790909,0
2025-07-01,1288014.5191790909,0
2025-07-02,1288014.5191790909,0
2025-07-03,1288014.5191790909,0
2025-07-07,1288014.5191790909,0
2025-07-08,1288014.5191790909,0
2025-07-09,1288014.5191790909,0
2025-07-10,1288014.5191790909,0
2025-07-11,1288014.5191790909,0
2025-07-14,1288014.5191790909,0
2025-07-15,1288014.5191790909,0
2025-07-16,1288014.5191790909,0
2025-07-17,1288014.5191790909,0
2025-07-18,1288014.5191790909,0
2025-07-21,1288014.5191790909,0
2025-07-22,1288014.5191790909,0
2025-07-23,1288014.5191790909,0
2025-07-24,1288014.5191790909,0
2025-07-25,1288014.5191790909,0
2025-07-28,1288014.5191790909,0
2025-07-29,1288014.5191790909,0
2025-07-30,1288014.5191790909,0
2025-07-31,1288014.5191790909,0
2025-08-01,1252811.3071006478,1
2025-08-04,1321404.6902921207,1
2025-08-05,1330318.8083720698,0
2025-08-06,1330318.8083720698,0
2025-08-07,1330318.8083720698,0
2025-08-08,1330318.8083720698,0
2025-08-11,1330318.8083720698,0
2025-08-12,1330318.8083720698,0
2025-08-13,1330318.8083720698,0
2025-08-14,1330318.8083720698,0
2025-08-15,1330318.8083720698,0
2025-08-18,1335192.8212475711,1
2025-08-19,1280718.5596978527,1
2025-08-20,1257351.9685594207,1
2025-08-21,1239862.8635355637,1
2025-08-22,1295627.3049640914,1
2025-08-25,1284732.4526541478,0
2025-08-26,1284732.4526541478,0
2025-08-27,1284732.4526541478,0
2025-08-28,1284732.4526541478,0
2025-08-29,1284732.4526541478,0
2025-09-02,1314469.5332760331,1
2025-09-03,1345112.3117848795,1
2025-09-04,1349489.8515718577,0
2025-09-05,1349489.8515718577,0
2025-09-08,1349489.8515718577,0
2025-09-09,1349489.8515718577,0
2025-09-10,1349489.8515718577,0
2025-09-11,1349489.8515718577,0
2025-09-12,1349489.8515718577,0
2025-09-15,1349489.8515718577,0
2025-09-16,1349489.8515718577,0
2025-09-17,1349489.8515718577,0
2025-09-18,1349489.8515718577,0
2025-09-19,1349489.8515718577,0
2025-09-22,1349489.8515718577,0
2025-09-23,1349489.8515718577,0
2025-09-24,1349489.8515718577,0
2025-09-25,1358314.4833980317,1
2025-09-26,1374606.1113848148,1
2025-09-29,1395445.8188512411,0
2025-09-30,1395445.8188512411,0
2025-10-01,1395445.8188512411,0
2025-10-02,1395445.8188512411,0
2025-10-03,1395445.8188512411,0
2025-10-06,1395445.8188512411,0
2025-10-07,1395445.8188512411,0
2025-10-08,1395445.8188512411,0
2025-10-09,1395445.8188512411,0
2025-10-10,1395445.8188512411,0
2025-10-13,1411442.9931414227,1
2025-10-14,1382730.1162103273,1
2025-10-15,1411032.8091852644,1
2025-10-16,1431268.5510224174,0
2025-10-17,1431268.5510224174,0
2025-10-20,1431268.5510224174,0
2025-10-21,1431268.5510224174,0
2025-10-22,1431268.5510224174,0
2025-10-23,1431268.5510224174,0
2025-10-24,1431268.5510224174,0
2025-10-27,1431268.5510224174,0
2025-10-28,1431268.5510224174,0
2025-10-29,1431268.5510224174,0
2025-10-30,1431268.5510224174,0
2025-10-31,1431268.5510224174,0
2025-11-03,1431268.5510224174,0
2025-11-04,1431268.5510224174,0
2025-11-05,1464373.4253503662,1
2025-11-06,1382257.8191072117,1
2025-11-07,1367903.7525040775,1
2025-11-10,1457519.681837158,1
2025-11-11,1438898.1900276868,0
2025-11-12,1438898.1900276868,0
2025-11-13,1438898.1900276868,0
2025-11-14,1507403.444923984,1
2025-11-17,1468689.3407914126,1
2025-11-18,1415583.37638651,1
2025-11-19,1439905.6202467498,1
2025-11-20,1337003.819299581,1
2025-11-21,1366651.0514605835,1
2025-11-24,1470272.445421369,1
2025-11-25,1457607.6083817175,0
2025-11-26,1457607.6083817175,0
2025-11-28,1457607.6083817175,0
2025-12-01,1457607.6083817175,0
2025-12-02,1457607.6083817175,0
2025-12-03,1457607.6083817175,0
2025-12-04,1457607.6083817175,0
2025-12-05,1457607.6083817175,0
2025-12-08,1457607.6083817175,0
2025-12-09,1457607.6083817175,0
2025-12-10,1457607.6083817175,0
2025-12-11,1457607.6083817175,0
2025-12-12,1457607.6083817175,0
2025-12-15,1402603.547688068,1
2025-12-16,1410962.0078915146,1
2025-12-17,1331961.0775815176,1
2025-12-18,1388852.5325146553,1
2025-12-19,1443047.7099628104,1
2025-12-22,1477829.6895190887,0
2025-12-23,1477829.6895190887,0
2025-12-24,1477829.6895190887,0
2025-12-26,1477829.6895190887,0
2025-12-29,1477829.6895190887,0
2025-12-30,1477829.6895190887,0
2025-12-31,1439334.5876860586,1
2026-01-02,1429233.036141221,1
2026-01-05,1463359.8994683754,1
2026-01-06,1501855.0013014053,1
2026-01-07,1498578.8224219985,0
2026-01-08,1498578.8224219985,0
2026-01-09,1498578.8224219985,0
2026-01-12,1498578.8224219985,0
2026-01-13,1498578.8224219985,0
2026-01-14,1498578.8224219985,0
2026-01-15,1498578.8224219985,0
2026-01-16,1498578.8224219985,0
2026-01-20,1498578.8224219985,0
2026-01-21,1547289.23646587,1
2026-01-22,1593945.5969054818,0
2026-01-23,1593945.5969054818,0
2026-01-26,1593945.5969054818,0
2026-01-27,1593945.5969054818,0
2026-01-28,1593945.5969054818,0
2026-01-29,1593945.5969054818,0
2026-01-30,1593945.5969054818,0
2026-02-02,1652114.4166571116,1
2026-02-03,1574755.8831729856,1
2026-02-04,1492000.2427015947,1
2026-02-05,1428434.3159627004,1
2026-02-06,1516886.902698426,1
2026-02-09,1500995.4210137024,0
2026-02-10,1500995.4210137024,0
2026-02-11,1500995.4210137024,0
2026-02-12,1500995.4210137024,0
2026-02-13,1510970.8838324852,1
2026-02-17,1507230.0852754416,1
2026-02-18,1539650.3394364854,1
2026-02-19,1517205.5480942244,0
2026-02-20,1517205.5480942244,0
2026-02-23,1517205.5480942244,0
2026-02-24,1558854.3278458305,1
2026-02-25,1582966.7792809708,0
2026-02-26,1582966.7792809708,0
2026-02-27,1582966.7792809708,0
2026-03-02,1582966.7792809708,0
2026-03-03,1582966.7792809708,0
2026-03-04,1582966.7792809708,0
2026-03-05,1582966.7792809708,0
2026-03-06,1582966.7792809708,0
2026-03-09,1582966.7792809708,0
2026-03-10,1582966.7792809708,0
2026-03-11,1582966.7792809708,0
2026-03-12,1582966.7792809708,0
2026-03-13,1535494.4914968319,1
2026-03-16,1586644.2100248125,1
2026-03-17,1610046.0420310781,1
2026-03-18,1595336.3190557112,0
2026-03-19,1595336.3190557112,0
2026-03-20,1595336.3190557112,0
2026-03-23,1576238.9656464874,1
2026-03-24,1542641.769833964,1
2026-03-25,1569873.1811767463,1
2026-03-26,1458118.2982635107,1
2026-03-27,1371472.8985364772,1
2026-03-30,1339997.6308805342,1
2026-03-31,1474032.759437864,1
2026-04-01,1507629.9552503873,0
2026-04-02,1507629.9552503873,0
2026-04-06,1507629.9552503873,0
2026-04-07,1507629.9552503873,0
2026-04-08,1507629.9552503873,0
2026-04-09,1507629.9552503873,0
2026-04-10,1507629.9552503873,0
2026-04-13,1507629.9552503873,0
2026-04-14,1507629.9552503873,0
2026-04-15,1507629.9552503873,0
2026-04-16,1507629.9552503873,0
2026-04-17,1507629.9552503873,0
2026-04-20,1507629.9552503873,0
2026-04-21,1507629.9552503873,0
2026-04-22,1507629.9552503873,0
2026-04-23,1507629.9552503873,0
2026-04-24,1507629.9552503873,0
2026-04-27,1507629.9552503873,0
2026-04-28,1507629.9552503873,0
2026-04-29,1507629.9552503873,0
2026-04-30,1507629.9552503873,0
2026-05-01,1507629.9552503873,0
2026-05-04,1507629.9552503873,0
2026-05-05,1507629.9552503873,0
2026-05-06,1507629.9552503873,0
2026-05-07,1507629.9552503873,0
2026-05-08,1507629.9552503873,0
2026-05-11,1507629.9552503873,0
2026-05-12,1507629.9552503873,0
2026-05-13,1507629.9552503873,0
2026-05-14,1507629.9552503873,0
2026-05-15,1507629.9552503873,0
2026-05-18,1507629.9552503873,0
2026-05-19,1507629.9552503873,0
2026-05-20,1507629.9552503873,0
2026-05-21,1507629.9552503873,0
2026-05-22,1507629.9552503873,0
2026-05-26,1507629.9552503873,0
2026-05-27,1507629.9552503873,0
2026-05-28,1507629.9552503873,0
2026-05-29,1507629.9552503873,0
2026-06-01,1507629.9552503873,0
2026-06-02,1507629.9552503873,0
2026-06-03,1507629.9552503873,0
2026-06-04,1507629.9552503873,0
2026-06-05,1507629.9552503873,0
2026-06-08,1507629.9552503873,0
2026-06-09,1507629.9552503873,0
2026-06-10,1507629.9552503873,0
2026-06-11,1507629.9552503873,0
2026-06-12,1507629.9552503873,0
2026-06-15,1507629.9552503873,0
2026-06-16,1507629.9552503873,0
2026-06-17,1507629.9552503873,0
2026-06-18,1507629.9552503873,0
2026-06-22,1507629.9552503873,0
2026-06-23,1507629.9552503873,0
2026-06-24,1477594.2735640241,1
2026-06-25,1510855.2633509361,1
2026-06-26,1447961.75539023,1
2026-06-29,1556009.5767586224,1
2026-06-30,1557017.485540044,0
2026-07-01,1557017.485540044,0
2026-07-02,1557017.485540044,0
2026-07-06,1575155.8941616383,1
2026-07-07,1488792.3349292744,1
2026-07-08,1498892.1306390257,1
2026-07-09,1573506.9479233117,1
2026-07-10,1556790.755432274,0
2026-07-13,1556790.755432274,0
2026-07-14,1556790.755432274,0
2026-07-15,1556790.755432274,0
2026-07-16,1556790.755432274,0
2026-07-17,1583761.369604421,1
2026-07-20,1586575.6945615148,1
2026-07-21,1673819.7682314164,1
2026-07-22,1636295.435470168,0
2026-07-23,1636295.435470168,0
2026-07-24,1592017.4501381994,1
2026-07-27,1577092.2865431537,1
2026-07-28,1531321.7848516805,1
2026-07-29,1436546.9960231408,1
2026-07-30,1574604.7592773128,1
2026-07-31,1635300.4245638316,0
2026-08-03,1635300.4245638316,0
2026-08-04,1635300.4245638316,0
2026-08-05,1635300.4245638316,0
2026-08-06,1635300.4245638316,0
2026-08-07,1635300.4245638316,0
2026-08-10,1635300.4245638316,0
2026-08-11,1635300.4245638316,0
2026-08-12,1635300.4245638316,0
2026-08-13,1635300.4245638316,0
2026-08-14,1635300.4245638316,0
2026-08-17,1635300.4245638316,0
2026-08-18,1635300.4245638316,0
2026-08-19,1606102.6113407349,1
2026-08-20,1570886.9282166944,1
2026-08-21,1586265.9290746613,1
2026-08-24,1538122.9698671123,1
2026-08-25,1566206.3627381823,1
2026-08-26,1550381.5937394048,0
2026-08-27,1550381.5937394048,0
2026-08-28,1550381.5937394048,0
2026-08-31,1550381.5937394048,0
2026-09-01,1550381.5937394048,0
2026-09-02,1564566.0938140699,1
2026-09-03,1619191.0307101647,1
2026-09-04,1629531.5537439932,0
