,equity
2025-01-02,100000.0
2025-01-03,100000.0
2025-01-06,100000.0
2025-01-07,100000.0
2025-01-08,100000.0
2025-01-10,100000.0
2025-01-13,100000.0
2025-01-14,100000.0
2025-01-15,100000.0
2025-01-16,100000.0
2025-01-17,100000.0
2025-01-21,100000.0
2025-01-22,100000.0
2025-01-23,100000.0
2025-01-24,100000.0
2025-01-27,100000.0
2025-01-28,100000.0
2025-01-29,100000.0
2025-01-30,100000.0
2025-01-31,100000.0
2025-02-03,100000.0
2025-02-04,100000.0
2025-02-05,100000.0
2025-02-06,100000.0
2025-02-07,100000.0
2025-02-10,100000.0
2025-02-11,100000.0
2025-02-12,100000.0
2025-02-13,100000.0
2025-02-14,100000.0
2025-02-18,100000.0
2025-02-19,100000.0
2025-02-20,100000.0
2025-02-21,100000.0
2025-02-24,100000.0
2025-02-25,100000.0
2025-02-26,100000.0
2025-02-27,100000.0
2025-02-28,100000.0
2025-03-03,100000.0
2025-03-04,100000.0
2025-03-05,100000.0
2025-03-06,100000.0
2025-03-07,103538.46153846153
2025-03-10,99589.7435897436
2025-03-11,99589.7435897436
2025-03-12,99589.7435897436
2025-03-13,99589.7435897436
2025-03-14,99589.7435897436
2025-03-17,99589.7435897436
2025-03-18,99589.7435897436
2025-03-19,99589.7435897436
2025-03-20,99589.7435897436
2025-03-21,99589.7435897436
2025-03-24,99589.7435897436
2025-03-25,99589.7435897436
2025-03-26,99589.7435897436
2025-03-27,99589.7435897436
2025-03-28,99589.7435897436
2025-03-31,99589.7435897436
2025-04-01,99589.7435897436
2025-04-02,99589.7435897436
2025-04-03,99589.7435897436
2025-04-04,93049.52162265596
2025-04-07,95130.50133945656
2025-04-08,90671.25908916953
2025-04-09,113066.56461283326
2025-04-10,103875.57086363056
2025-04-11,103875.57086363056
2025-04-14,103875.57086363056
2025-04-15,103875.57086363056
2025-04-16,103875.57086363056
2025-04-17,103875.57086363056
2025-04-21,103875.57086363056
2025-04-22,103875.57086363056
2025-04-23,103875.57086363056
2025-04-24,103875.57086363056
2025-04-25,103875.57086363056
2025-04-28,103875.57086363056
2025-04-29,103875.57086363056
2025-04-30,103875.57086363056
2025-05-01,103875.57086363056
2025-05-02,103875.57086363056
2025-05-05,103875.57086363056
2025-05-06,103875.57086363056
2025-05-07,103875.57086363056
2025-05-08,103875.57086363056
2025-05-09,103875.57086363056
2025-05-12,103875.57086363056
2025-05-13,103875.57086363056
2025-05-14,103875.57086363056
2025-05-15,103875.57086363056
2025-05-16,103875.57086363056
2025-05-19,103875.57086363056
2025-05-20,103875.57086363056
2025-05-21,103875.57086363056
2025-05-22,103875.57086363056
2025-05-23,107426.87243161793
2025-05-27,118080.77713558002
2025-05-28,119036.89678849971
2025-05-29,119036.89678849971
2025-05-30,119036.89678849971
2025-06-02,119036.89678849971
2025-06-03,119036.89678849971
2025-06-04,119036.89678849971
2025-06-05,119036.89678849971
2025-06-06,119036.89678849971
2025-06-09,119036.89678849971
2025-06-10,119036.89678849971
2025-06-11,119036.89678849971
2025-06-12,119036.89678849971
2025-06-13,119036.89678849971
2025-06-16,125151.61016169676
2025-06-17,123494.3513969985
2025-06-18,123494.3513969985
2025-06-20,123494.3513969985
2025-06-23,123494.3513969985
2025-06-24,123494.3513969985
2025-06-25,123494.3513969985
2025-06-26,123494.3513969985
2025-06-27,123494.3513969985
2025-06-30,123494.3513969985
2025-07-01,123494.3513969985
2025-07-02,123494.3513969985
2025-07-03,123494.3513969985
2025-07-07,123494.3513969985
2025-07-08,123494.3513969985
2025-07-09,123494.3513969985
2025-07-10,123494.3513969985
2025-07-11,123494.3513969985
2025-07-14,123494.3513969985
2025-07-15,123494.3513969985
2025-07-16,123494.3513969985
2025-07-17,123494.3513969985
2025-07-18,123494.3513969985
2025-07-21,123494.3513969985
2025-07-22,123494.3513969985
2025-07-23,123494.3513969985
2025-07-24,123494.3513969985
2025-07-25,123494.3513969985
2025-07-28,123494.3513969985
2025-07-29,123494.3513969985
2025-07-30,123494.3513969985
2025-07-31,123494.3513969985
2025-08-01,123494.3513969985
2025-08-04,123494.3513969985
2025-08-05,123494.3513969985
2025-08-06,123494.3513969985
2025-08-07,123494.3513969985
2025-08-08,123494.3513969985
2025-08-11,123494.3513969985
2025-08-12,123494.3513969985
2025-08-13,123494.3513969985
2025-08-14,123494.3513969985
2025-08-15,123494.3513969985
2025-08-18,123494.3513969985
2025-08-19,123494.3513969985
2025-08-20,123494.3513969985
2025-08-21,123494.3513969985
2025-08-22,123494.3513969985
2025-08-25,123494.3513969985
2025-08-26,123494.3513969985
2025-08-27,123494.3513969985
2025-08-28,123494.3513969985
2025-08-29,123494.3513969985
2025-09-02,123494.3513969985
2025-09-03,123494.3513969985
2025-09-04,123494.3513969985
2025-09-05,123494.3513969985
2025-09-08,123494.3513969985
2025-09-09,123494.3513969985
2025-09-10,123494.3513969985
2025-09-11,123494.3513969985
2025-09-12,123494.3513969985
2025-09-15,123494.3513969985
2025-09-16,123494.3513969985
2025-09-17,123494.3513969985
2025-09-18,123494.3513969985
2025-09-19,123494.3513969985
2025-09-22,123494.3513969985
2025-09-23,123494.3513969985
2025-09-24,123494.3513969985
2025-09-25,123494.3513969985
2025-09-26,123494.3513969985
2025-09-29,123494.3513969985
2025-09-30,123494.3513969985
2025-10-01,123494.3513969985
2025-10-02,123494.3513969985
2025-10-03,123494.3513969985
2025-10-06,123494.3513969985
2025-10-07,123494.3513969985
2025-10-08,123494.3513969985
2025-10-09,123494.3513969985
2025-10-10,123494.3513969985
2025-10-13,126433.92397798908
2025-10-14,118325.87213371845
2025-10-15,129147.37559121111
2025-10-16,133895.9159143497
2025-10-17,133895.9159143497
2025-10-20,133895.9159143497
2025-10-21,133895.9159143497
2025-10-22,133895.9159143497
2025-10-23,133895.9159143497
2025-10-24,133895.9159143497
2025-10-27,133895.9159143497
2025-10-28,133895.9159143497
2025-10-29,133895.9159143497
2025-10-30,133895.9159143497
2025-10-31,133895.9159143497
2025-11-03,133895.9159143497
2025-11-04,133895.9159143497
2025-11-05,133895.9159143497
2025-11-06,133895.9159143497
2025-11-07,133895.9159143497
2025-11-10,133895.9159143497
2025-11-11,133895.9159143497
2025-11-12,133895.9159143497
2025-11-13,133895.9159143497
2025-11-14,133895.9159143497
2025-11-17,133895.9159143497
2025-11-18,133895.9159143497
2025-11-19,133895.9159143497
2025-11-20,133895.9159143497
2025-11-21,133895.9159143497
2025-11-24,133895.9159143497
2025-11-25,133895.9159143497
2025-11-26,133895.9159143497
2025-11-28,133895.9159143497
2025-12-01,133895.9159143497
2025-12-02,133895.9159143497
2025-12-03,133895.9159143497
2025-12-04,133895.9159143497
2025-12-05,133895.9159143497
2025-12-08,133895.9159143497
2025-12-09,133895.9159143497
2025-12-10,133895.9159143497
2025-12-11,133895.9159143497
2025-12-12,133895.9159143497
2025-12-15,127916.33957436308
2025-12-16,125773.01091223802
2025-12-17,111856.90597554189
2025-12-18,119840.02867360193
2025-12-19,129593.7272229827
2025-12-22,138073.85366878193
2025-12-23,138073.85366878193
2025-12-24,138073.85366878193
2025-12-26,138073.85366878193
2025-12-29,138073.85366878193
2025-12-30,138073.85366878193
2025-12-31,138073.85366878193
2026-01-02,138073.85366878193
2026-01-05,138073.85366878193
2026-01-06,138073.85366878193
2026-01-07,138073.85366878193
2026-01-08,138073.85366878193
2026-01-09,138073.85366878193
2026-01-12,138073.85366878193
2026-01-13,138073.85366878193
2026-01-14,138073.85366878193
2026-01-15,138073.85366878193
2026-01-16,138073.85366878193
2026-01-20,138073.85366878193
2026-01-21,138073.85366878193
2026-01-22,138073.85366878193
2026-01-23,138073.85366878193
2026-01-26,138073.85366878193
2026-01-27,138073.85366878193
2026-01-28,138073.85366878193
2026-01-29,138073.85366878193
2026-01-30,138073.85366878193
2026-02-02,138073.85366878193
2026-02-03,138073.85366878193
2026-02-04,138073.85366878193
2026-02-05,138073.85366878193
2026-02-06,138073.85366878193
2026-02-09,138073.85366878193
2026-02-10,138073.85366878193
2026-02-11,138073.85366878193
2026-02-12,138073.85366878193
2026-02-13,138073.85366878193
2026-02-17,138073.85366878193
2026-02-18,138073.85366878193
2026-02-19,138073.85366878193
2026-02-20,138073.85366878193
2026-02-23,138073.85366878193
2026-02-24,138073.85366878193
2026-02-25,138073.85366878193
2026-02-26,138073.85366878193
2026-02-27,138073.85366878193
2026-03-02,138073.85366878193
2026-03-03,138073.85366878193
2026-03-04,138073.85366878193
2026-03-05,138073.85366878193
2026-03-06,138073.85366878193
2026-03-09,138073.85366878193
2026-03-10,138073.85366878193
2026-03-11,138073.85366878193
2026-03-12,138073.85366878193
2026-03-13,138073.85366878193
2026-03-16,138073.85366878193
2026-03-17,138073.85366878193
2026-03-18,138073.85366878193
2026-03-19,138073.85366878193
2026-03-20,138073.85366878193
2026-03-23,138073.85366878193
2026-03-24,138073.85366878193
2026-03-25,138073.85366878193
2026-03-26,138073.85366878193
2026-03-27,136025.81326617952
2026-03-30,127416.85746857355
2026-03-31,137894.20100188698
2026-04-01,140955.48244577693
2026-04-02,140955.48244577693
2026-04-06,140955.48244577693
2026-04-07,140955.48244577693
2026-04-08,140955.48244577693
2026-04-09,140955.48244577693
2026-04-10,140955.48244577693
2026-04-13,140955.48244577693
2026-04-14,140955.48244577693
2026-04-15,140955.48244577693
2026-04-16,140955.48244577693
2026-04-17,140955.48244577693
2026-04-20,140955.48244577693
2026-04-21,140955.48244577693
2026-04-22,140955.48244577693
2026-04-23,140955.48244577693
2026-04-24,140955.48244577693
2026-04-27,140955.48244577693
2026-04-28,140955.48244577693
2026-04-29,140955.48244577693
2026-04-30,140955.48244577693
2026-05-01,140955.48244577693
2026-05-04,140955.48244577693
2026-05-05,140955.48244577693
2026-05-06,140955.48244577693
2026-05-07,140955.48244577693
2026-05-08,140955.48244577693
2026-05-11,140955.48244577693
2026-05-12,140955.48244577693
2026-05-13,140955.48244577693
2026-05-14,140955.48244577693
2026-05-15,140955.48244577693
2026-05-18,140955.48244577693
2026-05-19,140955.48244577693
2026-05-20,140955.48244577693
2026-05-21,140955.48244577693
2026-05-22,140955.48244577693
2026-05-26,140955.48244577693
2026-05-27,140955.48244577693
2026-05-28,140955.48244577693
2026-05-29,140955.48244577693
2026-06-01,140955.48244577693
2026-06-02,140955.48244577693
2026-06-03,140955.48244577693
2026-06-04,140955.48244577693
2026-06-05,140955.48244577693
2026-06-08,141504.25984396102
2026-06-09,134972.47032411114
2026-06-10,120898.33778287722
2026-06-11,149903.2309990959
2026-06-12,148718.67490789358
2026-06-15,148718.67490789358
2026-06-16,148718.67490789358
2026-06-17,148718.67490789358
2026-06-18,148718.67490789358
2026-06-22,148718.67490789358
2026-06-23,148718.67490789358
2026-06-24,148718.67490789358
2026-06-25,148718.67490789358
2026-06-26,148718.67490789358
2026-06-29,148718.67490789358
2026-06-30,148718.67490789358
2026-07-01,148718.67490789358
2026-07-02,148718.67490789358
2026-07-06,148718.67490789358
2026-07-07,148718.67490789358
2026-07-08,148718.67490789358
2026-07-09,148718.67490789358
2026-07-10,148718.67490789358
2026-07-13,148718.67490789358
2026-07-14,148718.67490789358
2026-07-15,148718.67490789358
2026-07-16,148718.67490789358
2026-07-17,161524.2434841044
2026-07-20,163121.95874407858
2026-07-21,189031.17710171928
2026-07-22,175385.0195267907
2026-07-23,175385.0195267907
2026-07-24,175385.0195267907
2026-07-27,175385.0195267907
2026-07-28,175385.0195267907
2026-07-29,175385.0195267907
2026-07-30,187373.5280323471
2026-07-31,212167.20093620894
2026-08-03,212167.20093620894
2026-08-04,212167.20093620894
2026-08-05,212167.20093620894
2026-08-06,212167.20093620894
2026-08-07,212167.20093620894
2026-08-10,212167.20093620894
2026-08-11,212167.20093620894
2026-08-12,212167.20093620894
2026-08-13,212167.20093620894
2026-08-14,212167.20093620894
2026-08-17,212167.20093620894
2026-08-18,212167.20093620894
2026-08-19,212167.20093620894
2026-08-20,212167.20093620894
2026-08-21,212167.20093620894
2026-08-24,212167.20093620894
2026-08-25,212167.20093620894
2026-08-26,212167.20093620894
2026-08-27,212167.20093620894
2026-08-28,212167.20093620894
2026-08-31,212167.20093620894
2026-09-01,212167.20093620894
2026-09-02,212167.20093620894
2026-09-03,212167.20093620894
